sessionID,stationID,siteID,connectionTime,doneChargingTime,disconnectTime,kWhDelivered,charging_duration_minutes,connection_duration_minutes,charging_date,hour,day_of_week,month
2_39_78_362_2018-04-25 11:08:04.400812,2-39-78-362,0002,2018-04-25T11:08:04.000+05:30,2018-04-25T13:21:10.000+05:30,2018-04-25T13:20:10.000+05:30,7.932,133.1,132.1,2018-04-25,11,4,4
2_39_95_27_2018-04-25 13:45:09.617470,2-39-95-27,0002,2018-04-25T13:45:10.000+05:30,2018-04-25T16:44:15.000+05:30,2018-04-26T00:56:16.000+05:30,10.013,179.08333333333334,671.1,2018-04-25,13,4,4
2_39_79_380_2018-04-25 13:45:49.962001,2-39-79-380,0002,2018-04-25T13:45:50.000+05:30,2018-04-25T14:51:44.000+05:30,2018-04-25T23:04:45.000+05:30,5.257,65.9,558.9166666666666,2018-04-25,13,4,4
2_39_79_379_2018-04-25 14:37:06.460772,2-39-79-379,0002,2018-04-25T14:37:06.000+05:30,2018-04-25T16:05:22.000+05:30,2018-04-25T23:55:34.000+05:30,5.177,88.26666666666667,558.4666666666667,2018-04-25,14,4,4
2_39_79_381_2018-04-25 14:40:33.638896,2-39-79-381,0002,2018-04-25T14:40:34.000+05:30,2018-04-25T17:40:30.000+05:30,2018-04-25T23:03:12.000+05:30,10.119,179.93333333333334,502.6333333333333,2018-04-25,14,4,4
2_39_139_28_2018-04-25 14:43:49.647430,2-39-139-28,0002,2018-04-25T14:43:50.000+05:30,2018-04-25T16:18:28.000+05:30,2018-04-26T01:17:30.000+05:30,7.91,94.63333333333334,633.6666666666666,2018-04-25,14,4,4
2_39_91_441_2018-04-25 14:47:41.776352,2-39-91-441,0002,2018-04-25T14:47:42.000+05:30,2018-04-25T18:27:42.000+05:30,2018-04-25T18:27:51.000+05:30,15.294,220.0,220.15,2018-04-25,14,4,4
2_39_79_377_2018-04-25 14:58:25.255583,2-39-79-377,0002,2018-04-25T14:58:25.000+05:30,2018-04-25T16:48:29.000+05:30,2018-04-25T19:06:29.000+05:30,6.953,110.06666666666666,248.06666666666666,2018-04-25,14,4,4
2_39_79_382_2018-04-25 15:10:51.871020,2-39-79-382,0002,2018-04-25T15:10:52.000+05:30,2018-04-25T16:07:56.000+05:30,2018-04-25T18:15:46.000+05:30,2.174,57.06666666666667,184.9,2018-04-25,15,4,4
2_39_78_362_2018-04-25 15:12:10.901351,2-39-78-362,0002,2018-04-25T15:12:11.000+05:30,2018-04-25T18:30:20.000+05:30,2018-04-25T18:29:21.000+05:30,2.439,198.15,197.16666666666666,2018-04-25,15,4,4
2_39_78_366_2018-04-25 15:14:06.329009,2-39-78-366,0002,2018-04-25T15:14:06.000+05:30,2018-04-25T18:33:20.000+05:30,2018-04-25T18:33:30.000+05:30,6.955,199.23333333333332,199.4,2018-04-25,15,4,4
2_39_91_437_2018-04-25 15:14:41.260754,2-39-91-437,0002,2018-04-25T15:14:41.000+05:30,2018-04-25T16:18:11.000+05:30,2018-04-26T02:26:03.000+05:30,3.249,63.5,671.3666666666667,2018-04-25,15,4,4
2_39_78_361_2018-04-25 15:14:48.537248,2-39-78-361,0002,2018-04-25T15:14:49.000+05:30,2018-04-25T16:42:00.000+05:30,2018-04-25T23:52:50.000+05:30,2.72,87.18333333333334,518.0166666666667,2018-04-25,15,4,4
2_39_78_360_2018-04-25 15:20:55.688491,2-39-78-360,0002,2018-04-25T15:20:56.000+05:30,2018-04-25T16:07:41.000+05:30,2018-04-25T23:49:32.000+05:30,2.575,46.75,508.6,2018-04-25,15,4,4
2_39_125_21_2018-04-25 15:30:31.466431,2-39-125-21,0002,2018-04-25T15:30:31.000+05:30,2018-04-25T18:54:57.000+05:30,2018-04-25T19:47:51.000+05:30,5.4,204.43333333333334,257.3333333333333,2018-04-25,15,4,4
2_39_78_365_2018-04-25 15:31:42.314475,2-39-78-365,0002,2018-04-25T15:31:42.000+05:30,2018-04-25T18:26:57.000+05:30,2018-04-26T00:57:15.000+05:30,4.929,175.25,565.55,2018-04-25,15,4,4
2_39_127_19_2018-04-25 15:33:45.414350,2-39-127-19,0002,2018-04-25T15:33:45.000+05:30,2018-04-25T17:49:46.000+05:30,2018-04-26T00:42:15.000+05:30,4.043,136.01666666666668,548.5,2018-04-25,15,4,4
2_39_79_383_2018-04-25 15:44:41.818763,2-39-79-383,0002,2018-04-25T15:44:42.000+05:30,2018-04-25T17:40:09.000+05:30,2018-04-26T00:41:45.000+05:30,2.49,115.45,537.05,2018-04-25,15,4,4
2_39_89_25_2018-04-25 15:48:22.693006,2-39-89-25,0002,2018-04-25T15:48:23.000+05:30,2018-04-25T18:06:06.000+05:30,2018-04-26T00:32:18.000+05:30,5.95,137.71666666666667,523.9166666666666,2018-04-25,15,4,4
2_39_95_444_2018-04-25 15:51:20.521751,2-39-95-444,0002,2018-04-25T15:51:21.000+05:30,2018-04-25T17:56:52.000+05:30,2018-04-26T00:32:44.000+05:30,4.474,125.51666666666667,521.3833333333333,2018-04-25,15,4,4
2_39_124_22_2018-04-25 15:53:29.117069,2-39-124-22,0002,2018-04-25T15:53:29.000+05:30,2018-04-25T19:55:15.000+05:30,2018-04-26T00:28:12.000+05:30,6.531,241.76666666666668,514.7166666666667,2018-04-25,15,4,4
2_39_89_439_2018-04-25 15:57:29.146101,2-39-89-439,0002,2018-04-25T15:57:29.000+05:30,2018-04-25T18:23:12.000+05:30,2018-04-26T01:28:29.000+05:30,6.023,145.71666666666667,571.0,2018-04-25,15,4,4
2_39_92_442_2018-04-25 15:59:23.996834,2-39-92-442,0002,2018-04-25T15:59:24.000+05:30,2018-04-25T18:27:10.000+05:30,2018-04-26T00:51:51.000+05:30,9.553,147.76666666666668,532.45,2018-04-25,15,4,4
2_39_123_23_2018-04-25 16:01:25.950919,2-39-123-23,0002,2018-04-25T16:01:26.000+05:30,2018-04-26T00:14:16.000+05:30,2018-04-26T00:33:06.000+05:30,14.693,492.8333333333333,511.6666666666667,2018-04-25,16,4,4
2_39_90_440_2018-04-25 16:02:03.486354,2-39-90-440,0002,2018-04-25T16:02:03.000+05:30,2018-04-25T17:14:25.000+05:30,2018-04-25T21:31:50.000+05:30,2.207,72.36666666666666,329.78333333333336,2018-04-25,16,4,4
2_39_78_364_2018-04-25 16:02:09.867816,2-39-78-364,0002,2018-04-25T16:02:10.000+05:30,2018-04-25T19:27:51.000+05:30,2018-04-25T19:27:55.000+05:30,9.153,205.68333333333334,205.75,2018-04-25,16,4,4
2_39_88_24_2018-04-25 16:03:58.630483,2-39-88-24,0002,2018-04-25T16:03:59.000+05:30,2018-04-25T22:19:58.000+05:30,2018-04-25T23:57:15.000+05:30,17.446,375.98333333333335,473.26666666666665,2018-04-25,16,4,4
2_39_90_26_2018-04-25 16:04:30.761826,2-39-90-26,0002,2018-04-25T16:04:31.000+05:30,2018-04-25T18:13:16.000+05:30,2018-04-26T01:42:00.000+05:30,4.548,128.75,577.4833333333333,2018-04-25,16,4,4
2_39_88_438_2018-04-25 16:25:51.104829,2-39-88-438,0002,2018-04-25T16:25:51.000+05:30,2018-04-25T22:30:41.000+05:30,2018-04-25T22:30:46.000+05:30,32.708,364.8333333333333,364.9166666666667,2018-04-25,16,4,4
2_39_78_363_2018-04-25 16:38:01.120020,2-39-78-363,0002,2018-04-25T16:38:01.000+05:30,2018-04-25T18:48:11.000+05:30,2018-04-26T00:00:51.000+05:30,6.764,130.16666666666666,442.8333333333333,2018-04-25,16,4,4
2_39_79_378_2018-04-25 16:52:05.160592,2-39-79-378,0002,2018-04-25T16:52:05.000+05:30,2018-04-25T21:40:57.000+05:30,2018-04-26T01:53:12.000+05:30,10.879,288.8666666666667,541.1166666666667,2018-04-25,16,4,4
2_39_123_557_2018-04-25 17:06:18.267849,2-39-123-557,0002,2018-04-25T17:06:18.000+05:30,2018-04-25T19:21:33.000+05:30,2018-04-26T02:10:51.000+05:30,5.07,135.25,544.55,2018-04-25,17,4,4
2_39_79_382_2018-04-25 18:22:03.219076,2-39-79-382,0002,2018-04-25T18:22:03.000+05:30,2018-04-26T01:41:10.000+05:30,2018-04-29T00:24:02.000+05:30,6.337,439.1166666666667,4681.983333333334,2018-04-25,18,4,4
2_39_78_366_2018-04-25 18:47:11.743708,2-39-78-366,0002,2018-04-25T18:47:12.000+05:30,2018-04-25T19:36:31.000+05:30,2018-04-25T19:36:38.000+05:30,2.375,49.31666666666667,49.43333333333333,2018-04-25,18,4,4
2_39_78_362_2018-04-25 19:32:04.994953,2-39-78-362,0002,2018-04-25T19:32:05.000+05:30,2018-04-25T21:47:47.000+05:30,2018-04-25T21:46:47.000+05:30,6.523,135.7,134.7,2018-04-25,19,4,4
2_39_78_367_2018-04-25 19:33:01.165970,2-39-78-367,0002,2018-04-25T19:33:01.000+05:30,2018-04-25T20:25:58.000+05:30,2018-04-25T23:43:32.000+05:30,2.203,52.95,250.51666666666668,2018-04-25,19,4,4
2_39_91_441_2018-04-25 19:40:02.051458,2-39-91-441,0002,2018-04-25T19:40:02.000+05:30,2018-04-25T22:07:12.000+05:30,2018-04-26T00:17:12.000+05:30,7.738,147.16666666666666,277.1666666666667,2018-04-25,19,4,4
2_39_79_377_2018-04-25 19:41:42.209444,2-39-79-377,0002,2018-04-25T19:41:42.000+05:30,2018-04-25T23:12:06.000+05:30,2018-04-26T00:35:28.000+05:30,12.94,210.4,293.76666666666665,2018-04-25,19,4,4
2_39_78_366_2018-04-25 19:43:13.444818,2-39-78-366,0002,2018-04-25T19:43:13.000+05:30,2018-04-26T00:56:17.000+05:30,2018-04-26T00:56:23.000+05:30,14.328,313.06666666666666,313.1666666666667,2018-04-25,19,4,4
2_39_79_376_2018-04-25 20:14:49.585487,2-39-79-376,0002,2018-04-25T20:14:50.000+05:30,2018-04-25T23:28:12.000+05:30,2018-04-25T23:56:33.000+05:30,4.189,193.36666666666667,221.71666666666667,2018-04-25,20,4,4
2_39_125_21_2018-04-25 20:30:48.546707,2-39-125-21,0002,2018-04-25T20:30:49.000+05:30,2018-04-25T21:05:52.000+05:30,2018-04-26T02:52:48.000+05:30,0.829,35.05,381.98333333333335,2018-04-25,20,4,4
2_39_78_362_2018-04-25 21:57:41.664229,2-39-78-362,0002,2018-04-25T21:57:42.000+05:30,2018-04-26T03:07:23.000+05:30,2018-04-26T03:06:25.000+05:30,27.743,309.68333333333334,308.71666666666664,2018-04-25,21,4,4
2_39_90_440_2018-04-25 22:17:32.279706,2-39-90-440,0002,2018-04-25T22:17:32.000+05:30,2018-04-26T01:13:17.000+05:30,2018-04-26T02:07:17.000+05:30,12.692,175.75,229.75,2018-04-25,22,4,4
2_39_88_438_2018-04-25 22:42:48.381752,2-39-88-438,0002,2018-04-25T22:42:48.000+05:30,2018-04-25T23:18:46.000+05:30,2018-04-25T23:36:11.000+05:30,1.304,35.96666666666667,53.38333333333333,2018-04-25,22,4,4
2_39_79_380_2018-04-26 00:02:15.719927,2-39-79-380,0002,2018-04-26T00:02:16.000+05:30,2018-04-26T02:00:58.000+05:30,2018-04-26T02:11:35.000+05:30,11.466,118.7,129.31666666666666,2018-04-26,0,5,4
2_39_79_379_2018-04-26 00:03:03.183150,2-39-79-379,0002,2018-04-26T00:03:03.000+05:30,2018-04-26T03:32:19.000+05:30,2018-04-26T04:31:41.000+05:30,11.695,209.26666666666668,268.6333333333333,2018-04-26,0,5,4
2_39_88_438_2018-04-26 00:05:36.143402,2-39-88-438,0002,2018-04-26T00:05:36.000+05:30,2018-04-26T00:30:52.000+05:30,2018-04-26T00:31:05.000+05:30,2.87,25.266666666666666,25.483333333333334,2018-04-26,0,5,4
2_39_79_381_2018-04-26 00:07:09.533117,2-39-79-381,0002,2018-04-26T00:07:10.000+05:30,2018-04-26T01:16:50.000+05:30,2018-04-26T04:17:45.000+05:30,2.264,69.66666666666667,250.58333333333334,2018-04-26,0,5,4
2_39_78_367_2018-04-26 01:21:27.557439,2-39-78-367,0002,2018-04-26T01:21:28.000+05:30,2018-04-26T09:20:00.000+05:30,2018-04-26T11:31:13.000+05:30,1.02,478.53333333333336,609.75,2018-04-26,1,5,4
2_39_139_28_2018-04-26 01:40:28.805199,2-39-139-28,0002,2018-04-26T01:40:29.000+05:30,2018-04-26T02:32:53.000+05:30,2018-04-26T04:00:22.000+05:30,5.023,52.4,139.88333333333333,2018-04-26,1,5,4
2_39_127_19_2018-04-26 01:48:54.561755,2-39-127-19,0002,2018-04-26T01:48:55.000+05:30,2018-04-26T03:18:33.000+05:30,2018-04-26T04:00:36.000+05:30,8.693,89.63333333333334,131.68333333333334,2018-04-26,1,5,4
2_39_138_29_2018-04-26 01:49:57.021388,2-39-138-29,0002,2018-04-26T01:49:57.000+05:30,2018-04-26T02:41:30.000+05:30,2018-04-26T03:48:38.000+05:30,4.915,51.55,118.68333333333334,2018-04-26,1,5,4
2_39_123_23_2018-04-26 02:17:10.267290,2-39-123-23,0002,2018-04-26T02:17:10.000+05:30,2018-04-26T04:29:34.000+05:30,2018-04-26T04:29:39.000+05:30,13.892,132.4,132.48333333333332,2018-04-26,2,5,4
2_39_128_18_2018-04-26 02:25:13.890489,2-39-128-18,0002,2018-04-26T02:25:14.000+05:30,2018-04-26T02:36:19.000+05:30,2018-04-26T02:36:24.000+05:30,1.155,11.083333333333334,11.166666666666666,2018-04-26,2,5,4
2_39_95_27_2018-04-26 02:36:01.816238,2-39-95-27,0002,2018-04-26T02:36:02.000+05:30,2018-04-26T04:34:34.000+05:30,2018-04-26T04:38:47.000+05:30,11.891,118.53333333333333,122.75,2018-04-26,2,5,4
2_39_91_437_2018-04-26 02:49:57.469463,2-39-91-437,0002,2018-04-26T02:49:57.000+05:30,2018-04-26T04:00:57.000+05:30,2018-04-26T04:24:44.000+05:30,6.956,71.0,94.78333333333333,2018-04-26,2,5,4
2_39_128_18_2018-04-26 03:07:04.059557,2-39-128-18,0002,2018-04-26T03:07:04.000+05:30,2018-04-26T03:29:55.000+05:30,2018-04-26T03:30:00.000+05:30,2.568,22.85,22.933333333333334,2018-04-26,3,5,4
2_39_79_378_2018-04-26 03:13:43.624162,2-39-79-378,0002,2018-04-26T03:13:44.000+05:30,2018-04-26T05:32:35.000+05:30,2018-04-26T16:47:48.000+05:30,6.503,138.85,814.0666666666667,2018-04-26,3,5,4
2_39_125_559_2018-04-26 03:33:57.793302,2-39-125-559,0002,2018-04-26T03:33:58.000+05:30,2018-04-26T04:46:04.000+05:30,2018-04-26T05:36:31.000+05:30,2.272,72.1,122.55,2018-04-26,3,5,4
2_39_139_28_2018-04-26 06:20:55.934927,2-39-139-28,0002,2018-04-26T06:20:56.000+05:30,2018-04-26T14:08:56.000+05:30,2018-04-26T14:09:01.000+05:30,13.926,468.0,468.0833333333333,2018-04-26,6,5,4
2_39_78_364_2018-04-26 11:31:16.750134,2-39-78-364,0002,2018-04-26T11:31:17.000+05:30,2018-04-26T12:51:30.000+05:30,2018-04-26T12:51:36.000+05:30,4.632,80.21666666666667,80.31666666666666,2018-04-26,11,5,4
2_39_95_27_2018-04-26 13:25:08.191051,2-39-95-27,0002,2018-04-26T13:25:08.000+05:30,2018-04-26T16:53:27.000+05:30,2018-04-27T01:17:37.000+05:30,12.138,208.31666666666666,712.4833333333333,2018-04-26,13,5,4
2_39_79_380_2018-04-26 13:54:16.774334,2-39-79-380,0002,2018-04-26T13:54:17.000+05:30,2018-04-26T23:07:12.000+05:30,2018-04-26T23:08:24.000+05:30,7.108,552.9166666666666,554.1166666666667,2018-04-26,13,5,4
2_39_139_28_2018-04-26 14:47:07.799179,2-39-139-28,0002,2018-04-26T14:47:08.000+05:30,2018-04-27T00:14:02.000+05:30,2018-04-27T00:59:45.000+05:30,13.155,566.9,612.6166666666667,2018-04-26,14,5,4
2_39_79_376_2018-04-26 14:59:44.094036,2-39-79-376,0002,2018-04-26T14:59:44.000+05:30,2018-04-26T16:09:28.000+05:30,2018-04-26T23:51:12.000+05:30,7.186,69.73333333333333,531.4666666666667,2018-04-26,14,5,4
2_39_79_381_2018-04-26 15:05:15.788498,2-39-79-381,0002,2018-04-26T15:05:16.000+05:30,2018-04-26T16:06:18.000+05:30,2018-04-27T00:10:21.000+05:30,2.354,61.03333333333333,545.0833333333334,2018-04-26,15,5,4
2_39_88_438_2018-04-26 15:05:55.670467,2-39-88-438,0002,2018-04-26T15:05:56.000+05:30,2018-04-26T17:09:59.000+05:30,2018-04-26T23:16:29.000+05:30,13.413,124.05,490.55,2018-04-26,15,5,4
2_39_78_360_2018-04-26 15:27:50.360165,2-39-78-360,0002,2018-04-26T15:27:50.000+05:30,2018-04-26T16:32:25.000+05:30,2018-04-27T00:14:34.000+05:30,6.14,64.58333333333333,526.7333333333333,2018-04-26,15,5,4
2_39_138_29_2018-04-26 15:28:14.862980,2-39-138-29,0002,2018-04-26T15:28:15.000+05:30,2018-04-26T19:00:07.000+05:30,2018-04-26T19:41:54.000+05:30,6.087,211.86666666666667,253.65,2018-04-26,15,5,4
2_39_78_365_2018-04-26 15:45:25.544690,2-39-78-365,0002,2018-04-26T15:45:26.000+05:30,2018-04-26T17:48:13.000+05:30,2018-04-27T00:30:02.000+05:30,6.298,122.78333333333333,524.6,2018-04-26,15,5,4
2_39_79_377_2018-04-26 15:46:05.101599,2-39-79-377,0002,2018-04-26T15:46:05.000+05:30,2018-04-26T16:55:21.000+05:30,2018-04-27T00:06:32.000+05:30,4.182,69.26666666666667,500.45,2018-04-26,15,5,4
2_39_91_437_2018-04-26 15:46:32.723647,2-39-91-437,0002,2018-04-26T15:46:33.000+05:30,2018-04-26T17:17:18.000+05:30,2018-04-26T22:41:11.000+05:30,4.846,90.75,414.6333333333333,2018-04-26,15,5,4
2_39_79_383_2018-04-26 15:47:39.378964,2-39-79-383,0002,2018-04-26T15:47:39.000+05:30,2018-04-26T16:40:35.000+05:30,2018-04-26T21:46:12.000+05:30,2.65,52.93333333333333,358.55,2018-04-26,15,5,4
2_39_90_26_2018-04-26 15:55:17.797592,2-39-90-26,0002,2018-04-26T15:55:18.000+05:30,2018-04-26T17:05:02.000+05:30,2018-04-26T19:27:14.000+05:30,2.997,69.73333333333333,211.93333333333334,2018-04-26,15,5,4
2_39_78_367_2018-04-26 15:56:03.627143,2-39-78-367,0002,2018-04-26T15:56:04.000+05:30,2018-04-26T16:55:02.000+05:30,2018-04-26T18:30:00.000+05:30,2.68,58.96666666666667,153.93333333333334,2018-04-26,15,5,4
2_39_126_20_2018-04-26 15:57:15.957331,2-39-126-20,0002,2018-04-26T15:57:16.000+05:30,2018-04-26T17:59:37.000+05:30,2018-04-27T00:33:13.000+05:30,3.54,122.35,515.95,2018-04-26,15,5,4
2_39_89_25_2018-04-26 15:59:52.547723,2-39-89-25,0002,2018-04-26T15:59:53.000+05:30,2018-04-26T16:44:39.000+05:30,2018-04-26T23:47:33.000+05:30,1.916,44.766666666666666,467.6666666666667,2018-04-26,15,5,4
2_39_78_361_2018-04-26 16:01:29.497269,2-39-78-361,0002,2018-04-26T16:01:29.000+05:30,2018-04-26T17:33:17.000+05:30,2018-04-27T00:01:37.000+05:30,2.757,91.8,480.1333333333333,2018-04-26,16,5,4
2_39_123_23_2018-04-26 16:01:58.184015,2-39-123-23,0002,2018-04-26T16:01:58.000+05:30,2018-04-26T19:20:10.000+05:30,2018-04-26T19:20:15.000+05:30,10.248,198.2,198.28333333333333,2018-04-26,16,5,4
2_39_125_21_2018-04-26 16:07:42.331384,2-39-125-21,0002,2018-04-26T16:07:42.000+05:30,2018-04-27T00:28:37.000+05:30,2018-04-27T00:44:12.000+05:30,14.0,500.9166666666667,516.5,2018-04-26,16,5,4
2_39_124_22_2018-04-26 16:09:34.799033,2-39-124-22,0002,2018-04-26T16:09:35.000+05:30,2018-04-26T23:49:35.000+05:30,2018-04-26T23:56:57.000+05:30,14.01,460.0,467.3666666666667,2018-04-26,16,5,4
2_39_128_18_2018-04-26 16:20:51.916248,2-39-128-18,0002,2018-04-26T16:20:52.000+05:30,2018-04-26T18:24:24.000+05:30,2018-04-26T18:24:32.000+05:30,6.709,123.53333333333333,123.66666666666667,2018-04-26,16,5,4
2_39_88_24_2018-04-26 16:21:30.898949,2-39-88-24,0002,2018-04-26T16:21:31.000+05:30,2018-04-27T03:18:29.000+05:30,2018-04-27T03:18:49.000+05:30,25.981,656.9666666666667,657.3,2018-04-26,16,5,4
2_39_90_440_2018-04-26 16:38:46.876156,2-39-90-440,0002,2018-04-26T16:38:47.000+05:30,2018-04-26T18:37:00.000+05:30,2018-04-27T00:49:04.000+05:30,4.263,118.21666666666667,490.28333333333336,2018-04-26,16,5,4
2_39_91_441_2018-04-26 16:41:11.622709,2-39-91-441,0002,2018-04-26T16:41:12.000+05:30,2018-04-26T19:26:14.000+05:30,2018-04-26T19:26:19.000+05:30,5.723,165.03333333333333,165.11666666666667,2018-04-26,16,5,4
2_39_92_442_2018-04-26 16:53:04.473197,2-39-92-442,0002,2018-04-26T16:53:04.000+05:30,2018-04-26T18:25:40.000+05:30,2018-04-27T01:26:00.000+05:30,4.384,92.6,512.9333333333333,2018-04-26,16,5,4
2_39_78_364_2018-04-26 16:58:20.585146,2-39-78-364,0002,2018-04-26T16:58:21.000+05:30,2018-04-27T00:22:10.000+05:30,2018-04-27T00:22:16.000+05:30,9.914,443.81666666666666,443.9166666666667,2018-04-26,16,5,4
2_39_78_362_2018-04-26 17:08:18.246027,2-39-78-362,0002,2018-04-26T17:08:18.000+05:30,2018-04-27T00:56:59.000+05:30,2018-04-27T00:56:01.000+05:30,10.411,468.68333333333334,467.71666666666664,2018-04-26,17,5,4
2_39_79_378_2018-04-26 17:11:27.137449,2-39-79-378,0002,2018-04-26T17:11:27.000+05:30,2018-04-26T20:40:26.000+05:30,2018-04-27T00:22:10.000+05:30,9.026,208.98333333333332,430.71666666666664,2018-04-26,17,5,4
2_39_95_444_2018-04-26 17:15:25.771871,2-39-95-444,0002,2018-04-26T17:15:26.000+05:30,2018-04-26T21:23:13.000+05:30,2018-04-27T01:21:54.000+05:30,14.422,247.78333333333333,486.46666666666664,2018-04-26,17,5,4
2_39_89_439_2018-04-26 17:26:50.303622,2-39-89-439,0002,2018-04-26T17:26:50.000+05:30,2018-04-26T20:43:34.000+05:30,2018-04-27T01:10:34.000+05:30,18.861,196.73333333333332,463.73333333333335,2018-04-26,17,5,4
2_39_123_557_2018-04-26 17:39:41.691514,2-39-123-557,0002,2018-04-26T17:39:42.000+05:30,2018-04-26T19:07:32.000+05:30,2018-04-27T00:37:11.000+05:30,5.728,87.83333333333333,417.48333333333335,2018-04-26,17,5,4
2_39_78_367_2018-04-26 18:43:12.499350,2-39-78-367,0002,2018-04-26T18:43:12.000+05:30,2018-04-26T19:51:48.000+05:30,2018-04-26T23:33:27.000+05:30,2.528,68.6,290.25,2018-04-26,18,5,4
2_39_91_441_2018-04-26 19:38:27.747784,2-39-91-441,0002,2018-04-26T19:38:28.000+05:30,2018-04-27T00:01:06.000+05:30,2018-04-27T02:43:36.000+05:30,2.628,262.6333333333333,425.1333333333333,2018-04-26,19,5,4
2_39_78_366_2018-04-26 20:17:40.431300,2-39-78-366,0002,2018-04-26T20:17:40.000+05:30,2018-04-26T20:52:09.000+05:30,2018-04-26T23:38:34.000+05:30,1.306,34.483333333333334,200.9,2018-04-26,20,5,4
2_39_131_30_2018-04-26 20:27:49.123093,2-39-131-30,0002,2018-04-26T20:27:49.000+05:30,2018-04-26T21:05:07.000+05:30,2018-04-27T02:57:22.000+05:30,1.801,37.3,389.55,2018-04-26,20,5,4
2_39_128_18_2018-04-26 21:02:29.696365,2-39-128-18,0002,2018-04-26T21:02:30.000+05:30,2018-04-26T22:51:42.000+05:30,2018-04-27T00:20:54.000+05:30,5.576,109.2,198.4,2018-04-26,21,5,4
2_39_78_363_2018-04-26 21:18:44.667990,2-39-78-363,0002,2018-04-26T21:18:45.000+05:30,2018-04-27T01:09:24.000+05:30,2018-04-27T02:52:20.000+05:30,16.0,230.65,333.5833333333333,2018-04-26,21,5,4
2_39_91_437_2018-04-26 23:04:48.644211,2-39-91-437,0002,2018-04-26T23:04:49.000+05:30,2018-04-26T23:32:07.000+05:30,2018-04-26T23:47:16.000+05:30,0.852,27.3,42.45,2018-04-26,23,5,4
2_39_138_29_2018-04-27 01:17:42.537477,2-39-138-29,0002,2018-04-27T01:17:43.000+05:30,2018-04-27T01:51:00.000+05:30,2018-04-27T01:51:04.000+05:30,1.829,33.28333333333333,33.35,2018-04-27,1,6,4
2_39_125_21_2018-04-27 01:22:56.974212,2-39-125-21,0002,2018-04-27T01:22:57.000+05:30,2018-04-27T17:43:11.000+05:30,2018-04-27T17:44:03.000+05:30,13.927,980.2333333333333,981.1,2018-04-27,1,6,4
2_39_139_28_2018-04-27 01:40:51.744743,2-39-139-28,0002,2018-04-27T01:40:52.000+05:30,2018-04-27T03:53:16.000+05:30,2018-04-27T03:53:24.000+05:30,13.872,132.4,132.53333333333333,2018-04-27,1,6,4
2_39_127_19_2018-04-27 01:50:33.898642,2-39-127-19,0002,2018-04-27T01:50:34.000+05:30,2018-04-27T02:47:02.000+05:30,2018-04-27T03:42:49.000+05:30,5.654,56.46666666666667,112.25,2018-04-27,1,6,4
2_39_130_31_2018-04-27 02:04:42.603854,2-39-130-31,0002,2018-04-27T02:04:43.000+05:30,2018-04-27T03:24:02.000+05:30,2018-04-27T03:47:34.000+05:30,2.558,79.31666666666666,102.85,2018-04-27,2,6,4
2_39_79_379_2018-04-27 03:10:05.502403,2-39-79-379,0002,2018-04-27T03:10:05.000+05:30,2018-04-27T05:09:39.000+05:30,2018-04-27T16:49:09.000+05:30,6.417,119.56666666666666,819.0666666666667,2018-04-27,3,6,4
2_39_138_29_2018-04-27 03:29:59.143244,2-39-138-29,0002,2018-04-27T03:29:59.000+05:30,2018-04-27T04:19:06.000+05:30,2018-04-27T04:19:11.000+05:30,5.56,49.11666666666667,49.2,2018-04-27,3,6,4
2_39_79_380_2018-04-27 05:06:12.776665,2-39-79-380,0002,2018-04-27T05:06:13.000+05:30,2018-04-27T05:25:43.000+05:30,2018-04-27T09:54:36.000+05:30,0.546,19.5,288.3833333333333,2018-04-27,5,6,4
2_39_95_27_2018-04-27 13:16:27.810757,2-39-95-27,0002,2018-04-27T13:16:28.000+05:30,2018-04-28T01:10:09.000+05:30,2018-04-28T01:10:32.000+05:30,11.323,713.6833333333333,714.0666666666667,2018-04-27,13,6,4
2_39_127_19_2018-04-27 14:14:38.589847,2-39-127-19,0002,2018-04-27T14:14:39.000+05:30,2018-04-27T15:24:19.000+05:30,2018-04-27T15:24:24.000+05:30,3.981,69.66666666666667,69.75,2018-04-27,14,6,4
2_39_79_383_2018-04-27 14:41:42.363419,2-39-79-383,0002,2018-04-27T14:41:42.000+05:30,2018-04-27T18:35:58.000+05:30,2018-04-27T21:32:39.000+05:30,17.634,234.26666666666668,410.95,2018-04-27,14,6,4
2_39_79_378_2018-04-27 15:00:25.982759,2-39-79-378,0002,2018-04-27T15:00:26.000+05:30,2018-04-27T23:47:24.000+05:30,2018-04-27T23:47:28.000+05:30,7.288,526.9666666666667,527.0333333333333,2018-04-27,15,6,4
2_39_78_366_2018-04-27 15:09:06.128880,2-39-78-366,0002,2018-04-27T15:09:06.000+05:30,2018-04-27T17:07:50.000+05:30,2018-04-27T23:53:35.000+05:30,6.236,118.73333333333333,524.4833333333333,2018-04-27,15,6,4
2_39_123_557_2018-04-27 15:09:39.108889,2-39-123-557,0002,2018-04-27T15:09:39.000+05:30,2018-04-27T16:35:56.000+05:30,2018-04-28T00:30:52.000+05:30,9.3,86.28333333333333,561.2166666666667,2018-04-27,15,6,4
2_39_79_377_2018-04-27 15:14:35.457339,2-39-79-377,0002,2018-04-27T15:14:35.000+05:30,2018-04-27T16:12:35.000+05:30,2018-04-27T23:38:56.000+05:30,2.945,58.0,504.35,2018-04-27,15,6,4
2_39_139_28_2018-04-27 15:15:12.301045,2-39-139-28,0002,2018-04-27T15:15:12.000+05:30,2018-04-27T17:11:23.000+05:30,2018-04-27T19:19:08.000+05:30,4.85,116.18333333333334,243.93333333333334,2018-04-27,15,6,4
2_39_131_30_2018-04-27 15:16:02.742679,2-39-131-30,0002,2018-04-27T15:16:03.000+05:30,2018-04-27T20:11:20.000+05:30,2018-04-27T21:51:08.000+05:30,10.978,295.28333333333336,395.0833333333333,2018-04-27,15,6,4
2_39_79_380_2018-04-27 15:19:26.888099,2-39-79-380,0002,2018-04-27T15:19:27.000+05:30,2018-04-27T16:28:32.000+05:30,2018-04-27T16:44:50.000+05:30,3.846,69.08333333333333,85.38333333333334,2018-04-27,15,6,4
2_39_91_441_2018-04-27 15:27:26.624807,2-39-91-441,0002,2018-04-27T15:27:27.000+05:30,2018-04-27T19:45:29.000+05:30,2018-04-28T02:04:59.000+05:30,19.124,258.03333333333336,637.5333333333333,2018-04-27,15,6,4
2_39_78_367_2018-04-27 15:31:37.615451,2-39-78-367,0002,2018-04-27T15:31:38.000+05:30,2018-04-27T16:39:35.000+05:30,2018-04-27T23:51:59.000+05:30,3.259,67.95,500.35,2018-04-27,15,6,4
2_39_126_20_2018-04-27 15:42:36.345767,2-39-126-20,0002,2018-04-27T15:42:36.000+05:30,2018-04-27T20:35:54.000+05:30,2018-04-27T20:42:01.000+05:30,13.972,293.3,299.4166666666667,2018-04-27,15,6,4
2_39_78_361_2018-04-27 16:19:00.821882,2-39-78-361,0002,2018-04-27T16:19:01.000+05:30,2018-04-27T21:26:10.000+05:30,2018-04-27T22:22:22.000+05:30,16.95,307.15,363.35,2018-04-27,16,6,4
2_39_123_23_2018-04-27 16:25:09.116295,2-39-123-23,0002,2018-04-27T16:25:09.000+05:30,2018-04-27T19:19:55.000+05:30,2018-04-27T19:19:59.000+05:30,6.444,174.76666666666668,174.83333333333334,2018-04-27,16,6,4
2_39_88_24_2018-04-27 16:27:56.738325,2-39-88-24,0002,2018-04-27T16:27:57.000+05:30,2018-04-27T18:26:41.000+05:30,2018-04-28T01:29:56.000+05:30,9.064,118.73333333333333,541.9833333333333,2018-04-27,16,6,4
2_39_90_26_2018-04-27 16:28:35.400244,2-39-90-26,0002,2018-04-27T16:28:35.000+05:30,2018-04-27T19:26:02.000+05:30,2018-04-27T19:47:20.000+05:30,9.67,177.45,198.75,2018-04-27,16,6,4
2_39_91_437_2018-04-27 16:37:18.422976,2-39-91-437,0002,2018-04-27T16:37:18.000+05:30,2018-04-27T21:56:14.000+05:30,2018-04-28T00:40:11.000+05:30,30.553,318.93333333333334,482.8833333333333,2018-04-27,16,6,4
2_39_79_381_2018-04-27 16:38:51.959294,2-39-79-381,0002,2018-04-27T16:38:52.000+05:30,2018-04-27T18:06:32.000+05:30,2018-04-27T20:37:17.000+05:30,2.485,87.66666666666667,238.41666666666666,2018-04-27,16,6,4
2_39_89_25_2018-04-27 16:43:29.490040,2-39-89-25,0002,2018-04-27T16:43:29.000+05:30,2018-04-27T17:51:26.000+05:30,2018-04-28T02:39:45.000+05:30,2.219,67.95,596.2666666666667,2018-04-27,16,6,4
2_39_79_376_2018-04-27 16:47:18.146526,2-39-79-376,0002,2018-04-27T16:47:18.000+05:30,2018-04-27T18:11:41.000+05:30,2018-04-27T18:11:50.000+05:30,5.606,84.38333333333334,84.53333333333333,2018-04-27,16,6,4
2_39_90_440_2018-04-27 16:51:19.354387,2-39-90-440,0002,2018-04-27T16:51:19.000+05:30,2018-04-27T19:06:52.000+05:30,2018-04-27T23:50:42.000+05:30,5.805,135.55,419.3833333333333,2018-04-27,16,6,4
2_39_78_360_2018-04-27 16:56:15.157137,2-39-78-360,0002,2018-04-27T16:56:15.000+05:30,2018-04-27T21:38:18.000+05:30,2018-04-27T22:14:39.000+05:30,11.729,282.05,318.4,2018-04-27,16,6,4
2_39_92_442_2018-04-27 17:03:53.000602,2-39-92-442,0002,2018-04-27T17:03:53.000+05:30,2018-04-27T19:25:56.000+05:30,2018-04-28T02:13:09.000+05:30,11.831,142.05,549.2666666666667,2018-04-27,17,6,4
2_39_79_380_2018-04-27 17:10:24.546834,2-39-79-380,0002,2018-04-27T17:10:25.000+05:30,2018-04-27T20:20:34.000+05:30,2018-04-28T00:32:05.000+05:30,15.894,190.15,441.6666666666667,2018-04-27,17,6,4
2_39_78_364_2018-04-27 17:19:01.776708,2-39-78-364,0002,2018-04-27T17:19:02.000+05:30,2018-04-27T21:14:50.000+05:30,2018-04-27T23:09:55.000+05:30,9.823,235.8,350.8833333333333,2018-04-27,17,6,4
2_39_92_436_2018-04-27 17:26:40.723495,2-39-92-436,0002,2018-04-27T17:26:41.000+05:30,2018-04-27T18:11:45.000+05:30,2018-04-27T19:47:41.000+05:30,1.832,45.06666666666667,141.0,2018-04-27,17,6,4
2_39_95_444_2018-04-27 17:32:29.773901,2-39-95-444,0002,2018-04-27T17:32:30.000+05:30,2018-04-27T21:57:18.000+05:30,2018-04-28T01:17:34.000+05:30,21.669,264.8,465.06666666666666,2018-04-27,17,6,4
2_39_78_362_2018-04-27 18:17:36.209565,2-39-78-362,0002,2018-04-27T18:17:36.000+05:30,2018-04-28T00:30:23.000+05:30,2018-04-28T00:29:23.000+05:30,1.759,372.78333333333336,371.78333333333336,2018-04-27,18,6,4
2_39_88_438_2018-04-27 18:18:21.333966,2-39-88-438,0002,2018-04-27T18:18:21.000+05:30,2018-04-27T23:57:03.000+05:30,2018-04-28T04:03:54.000+05:30,2.531,338.7,585.55,2018-04-27,18,6,4
2_39_78_363_2018-04-27 18:32:36.038417,2-39-78-363,0002,2018-04-27T18:32:36.000+05:30,2018-04-27T20:06:34.000+05:30,2018-04-27T23:41:31.000+05:30,2.848,93.96666666666667,308.9166666666667,2018-04-27,18,6,4
2_39_139_28_2018-04-27 19:59:48.978622,2-39-139-28,0002,2018-04-27T19:59:49.000+05:30,2018-04-27T22:31:26.000+05:30,2018-04-28T00:16:08.000+05:30,13.871,151.61666666666667,256.31666666666666,2018-04-27,19,6,4
2_39_92_436_2018-04-27 20:15:40.252620,2-39-92-436,0002,2018-04-27T20:15:40.000+05:30,2018-04-27T22:21:06.000+05:30,2018-04-27T22:27:25.000+05:30,6.523,125.43333333333334,131.75,2018-04-27,20,6,4
2_39_125_21_2018-04-27 20:29:41.830556,2-39-125-21,0002,2018-04-27T20:29:42.000+05:30,2018-04-27T21:04:26.000+05:30,2018-04-28T01:00:33.000+05:30,1.158,34.733333333333334,270.85,2018-04-27,20,6,4
2_39_90_26_2018-04-27 21:24:59.677135,2-39-90-26,0002,2018-04-27T21:25:00.000+05:30,2018-04-27T23:40:05.000+05:30,2018-04-27T23:40:10.000+05:30,11.337,135.08333333333334,135.16666666666666,2018-04-27,21,6,4
2_39_131_30_2018-04-27 22:46:32.341027,2-39-131-30,0002,2018-04-27T22:46:32.000+05:30,2018-04-28T00:21:39.000+05:30,2018-04-28T00:33:17.000+05:30,10.577,95.11666666666666,106.75,2018-04-27,22,6,4
2_39_79_381_2018-04-28 00:14:16.209245,2-39-79-381,0002,2018-04-28T00:14:16.000+05:30,2018-04-28T04:29:47.000+05:30,2018-04-28T04:29:49.000+05:30,12.49,255.51666666666668,255.55,2018-04-28,0,7,4
2_39_79_379_2018-04-28 00:26:32.641529,2-39-79-379,0002,2018-04-28T00:26:33.000+05:30,2018-04-28T04:57:21.000+05:30,2018-04-28T18:10:27.000+05:30,15.432,270.8,1063.9,2018-04-28,0,7,4
2_39_124_22_2018-04-28 00:34:19.166123,2-39-124-22,0002,2018-04-28T00:34:19.000+05:30,2018-04-28T02:44:19.000+05:30,2018-04-28T02:44:22.000+05:30,13.31,130.0,130.05,2018-04-28,0,7,4
2_39_92_436_2018-04-28 00:54:20.639506,2-39-92-436,0002,2018-04-28T00:54:21.000+05:30,2018-04-28T02:16:57.000+05:30,2018-04-28T02:59:28.000+05:30,4.254,82.6,125.11666666666666,2018-04-28,0,7,4
2_39_79_377_2018-04-28 01:31:06.188165,2-39-79-377,0002,2018-04-28T01:31:06.000+05:30,2018-04-28T04:20:01.000+05:30,2018-04-28T04:21:52.000+05:30,13.191,168.91666666666666,170.76666666666668,2018-04-28,1,7,4
2_39_131_30_2018-04-28 01:39:35.976470,2-39-131-30,0002,2018-04-28T01:39:36.000+05:30,2018-04-28T06:00:32.000+05:30,2018-04-28T05:59:41.000+05:30,14.102,260.93333333333334,260.0833333333333,2018-04-28,1,7,4
2_39_139_28_2018-04-28 01:45:54.820735,2-39-139-28,0002,2018-04-28T01:45:55.000+05:30,2018-04-28T03:01:06.000+05:30,2018-04-28T03:01:11.000+05:30,4.002,75.18333333333334,75.26666666666667,2018-04-28,1,7,4
2_39_126_20_2018-04-28 02:01:09.080764,2-39-126-20,0002,2018-04-28T02:01:09.000+05:30,2018-04-28T18:30:41.000+05:30,2018-04-28T18:36:51.000+05:30,14.268,989.5333333333333,995.7,2018-04-28,2,7,4
2_39_92_442_2018-04-28 03:15:17.222958,2-39-92-442,0002,2018-04-28T03:15:17.000+05:30,2018-04-28T04:39:29.000+05:30,2018-04-28T04:40:01.000+05:30,4.229,84.2,84.73333333333333,2018-04-28,3,7,4
2_39_79_383_2018-04-28 03:32:06.715794,2-39-79-383,0002,2018-04-28T03:32:07.000+05:30,2018-04-28T19:53:28.000+05:30,2018-04-28T19:53:21.000+05:30,39.897,981.35,981.2333333333333,2018-04-28,3,7,4
2_39_79_378_2018-04-28 03:49:37.767000,2-39-79-378,0002,2018-04-28T03:49:38.000+05:30,2018-04-28T05:52:30.000+05:30,2018-04-30T16:06:50.000+05:30,6.419,122.86666666666666,3617.2,2018-04-28,3,7,4
2_39_89_25_2018-04-28 04:10:59.017020,2-39-89-25,0002,2018-04-28T04:10:59.000+05:30,2018-04-28T20:32:12.000+05:30,2018-04-28T20:31:14.000+05:30,41.924,981.2166666666667,980.25,2018-04-28,4,7,4
2_39_78_367_2018-04-28 04:33:52.322286,2-39-78-367,0002,2018-04-28T04:33:52.000+05:30,2018-04-28T08:00:54.000+05:30,2018-04-28T08:01:00.000+05:30,11.873,207.03333333333333,207.13333333333333,2018-04-28,4,7,4
2_39_78_366_2018-04-28 05:00:55.531218,2-39-78-366,0002,2018-04-28T05:00:56.000+05:30,2018-04-28T17:10:11.000+05:30,2018-04-28T17:45:55.000+05:30,33.381,729.25,764.9833333333333,2018-04-28,5,7,4
2_39_78_365_2018-04-28 06:02:39.544274,2-39-78-365,0002,2018-04-28T06:02:40.000+05:30,2018-04-28T08:48:22.000+05:30,2018-04-28T21:07:54.000+05:30,16.741,165.7,905.2333333333333,2018-04-28,6,7,4
2_39_78_367_2018-04-28 12:30:38.169054,2-39-78-367,0002,2018-04-28T12:30:38.000+05:30,2018-04-28T14:07:05.000+05:30,2018-04-28T14:07:09.000+05:30,5.652,96.45,96.51666666666667,2018-04-28,12,7,4
2_39_124_22_2018-04-28 13:08:46.118367,2-39-124-22,0002,2018-04-28T13:08:46.000+05:30,2018-04-28T13:29:15.000+05:30,2018-04-28T13:29:20.000+05:30,2.284,20.483333333333334,20.566666666666666,2018-04-28,13,7,4
2_39_139_28_2018-04-28 14:03:41.944685,2-39-139-28,0002,2018-04-28T14:03:42.000+05:30,2018-04-28T14:53:27.000+05:30,2018-04-28T15:57:22.000+05:30,1.581,49.75,113.66666666666667,2018-04-28,14,7,4
2_39_131_30_2018-04-28 14:51:32.982840,2-39-131-30,0002,2018-04-28T14:51:33.000+05:30,2018-04-28T16:50:49.000+05:30,2018-04-28T16:50:53.000+05:30,13.508,119.26666666666667,119.33333333333333,2018-04-28,14,7,4
2_39_123_23_2018-04-28 15:17:54.026514,2-39-123-23,0002,2018-04-28T15:17:54.000+05:30,2018-04-28T16:51:57.000+05:30,2018-04-28T16:52:05.000+05:30,5.275,94.05,94.18333333333334,2018-04-28,15,7,4
2_39_79_380_2018-04-28 15:43:56.170913,2-39-79-380,0002,2018-04-28T15:43:56.000+05:30,2018-04-28T18:32:31.000+05:30,2018-04-29T00:04:44.000+05:30,18.737,168.58333333333334,500.8,2018-04-28,15,7,4
2_39_79_377_2018-04-28 16:06:31.174293,2-39-79-377,0002,2018-04-28T16:06:31.000+05:30,2018-04-28T17:07:42.000+05:30,2018-04-28T17:07:44.000+05:30,3.537,61.18333333333333,61.21666666666667,2018-04-28,16,7,4
2_39_95_27_2018-04-28 16:49:43.608068,2-39-95-27,0002,2018-04-28T16:49:44.000+05:30,2018-04-28T18:51:29.000+05:30,2018-04-28T18:52:00.000+05:30,3.242,121.75,122.26666666666667,2018-04-28,16,7,4
2_39_78_361_2018-04-28 17:04:52.010463,2-39-78-361,0002,2018-04-28T17:04:52.000+05:30,2018-04-28T20:06:14.000+05:30,2018-04-28T20:06:15.000+05:30,17.61,181.36666666666667,181.38333333333333,2018-04-28,17,7,4
2_39_130_31_2018-04-28 17:22:23.394062,2-39-130-31,0002,2018-04-28T17:22:23.000+05:30,2018-04-28T19:41:05.000+05:30,2018-04-28T19:41:42.000+05:30,13.915,138.7,139.31666666666666,2018-04-28,17,7,4
2_39_139_28_2018-04-28 17:46:54.027865,2-39-139-28,0002,2018-04-28T17:46:54.000+05:30,2018-04-28T18:58:06.000+05:30,2018-04-28T18:58:10.000+05:30,7.292,71.2,71.26666666666667,2018-04-28,17,7,4
2_39_131_30_2018-04-28 18:10:25.715156,2-39-131-30,0002,2018-04-28T18:10:26.000+05:30,2018-04-28T19:24:34.000+05:30,2018-04-28T19:24:39.000+05:30,8.469,74.13333333333334,74.21666666666667,2018-04-28,18,7,4
2_39_127_19_2018-04-28 18:17:43.921905,2-39-127-19,0002,2018-04-28T18:17:44.000+05:30,2018-04-28T19:48:30.000+05:30,2018-04-28T21:06:12.000+05:30,8.968,90.76666666666667,168.46666666666667,2018-04-28,18,7,4
2_39_125_21_2018-04-28 18:20:10.887408,2-39-125-21,0002,2018-04-28T18:20:11.000+05:30,2018-04-28T19:40:57.000+05:30,2018-04-28T19:41:02.000+05:30,4.445,80.76666666666667,80.85,2018-04-28,18,7,4
2_39_91_437_2018-04-28 18:27:38.875918,2-39-91-437,0002,2018-04-28T18:27:39.000+05:30,2018-04-29T00:29:24.000+05:30,2018-04-30T02:38:36.000+05:30,40.111,361.75,1930.95,2018-04-28,18,7,4
2_39_78_367_2018-04-28 18:34:00.740784,2-39-78-367,0002,2018-04-28T18:34:01.000+05:30,2018-04-28T22:12:00.000+05:30,2018-04-28T22:12:06.000+05:30,12.963,217.98333333333332,218.08333333333334,2018-04-28,18,7,4
2_39_138_29_2018-04-28 18:47:50.915110,2-39-138-29,0002,2018-04-28T18:47:51.000+05:30,2018-04-28T21:08:59.000+05:30,2018-04-28T21:32:40.000+05:30,13.913,141.13333333333333,164.81666666666666,2018-04-28,18,7,4
2_39_79_377_2018-04-28 19:04:49.767132,2-39-79-377,0002,2018-04-28T19:04:50.000+05:30,2018-04-28T20:50:27.000+05:30,2018-04-29T00:24:09.000+05:30,5.99,105.61666666666666,319.31666666666666,2018-04-28,19,7,4
2_39_131_30_2018-04-28 19:41:56.533178,2-39-131-30,0002,2018-04-28T19:41:57.000+05:30,2018-04-28T21:56:09.000+05:30,2018-04-28T22:10:25.000+05:30,13.909,134.2,148.46666666666667,2018-04-28,19,7,4
2_39_125_21_2018-04-28 20:13:02.549509,2-39-125-21,0002,2018-04-28T20:13:03.000+05:30,2018-04-28T20:29:06.000+05:30,2018-04-28T20:29:11.000+05:30,1.745,16.05,16.133333333333333,2018-04-28,20,7,4
2_39_89_25_2018-04-28 20:31:29.511002,2-39-89-25,0002,2018-04-28T20:31:30.000+05:30,2018-04-28T20:51:35.000+05:30,2018-04-28T20:52:11.000+05:30,2.27,20.083333333333332,20.683333333333334,2018-04-28,20,7,4
2_39_88_438_2018-04-28 21:16:59.958093,2-39-88-438,0002,2018-04-28T21:17:00.000+05:30,2018-04-29T00:14:43.000+05:30,2018-04-29T00:14:51.000+05:30,19.538,177.71666666666667,177.85,2018-04-28,21,7,4
2_39_138_29_2018-04-28 23:02:44.931767,2-39-138-29,0002,2018-04-28T23:02:45.000+05:30,2018-04-29T01:18:50.000+05:30,2018-04-29T02:31:01.000+05:30,6.942,136.08333333333334,208.26666666666668,2018-04-28,23,7,4
2_39_127_19_2018-04-28 23:41:00.349337,2-39-127-19,0002,2018-04-28T23:41:00.000+05:30,2018-04-29T04:02:12.000+05:30,2018-04-29T05:27:44.000+05:30,13.914,261.2,346.73333333333335,2018-04-28,23,7,4
2_39_95_27_2018-04-29 00:06:56.834646,2-39-95-27,0002,2018-04-29T00:06:57.000+05:30,2018-04-29T06:15:12.000+05:30,2018-04-29T22:32:46.000+05:30,40.858,368.25,1345.8166666666666,2018-04-29,0,1,4
2_39_123_23_2018-04-29 00:27:02.301309,2-39-123-23,0002,2018-04-29T00:27:02.000+05:30,2018-04-29T03:52:24.000+05:30,2018-04-29T04:25:27.000+05:30,12.102,205.36666666666667,238.41666666666666,2018-04-29,0,1,4
2_39_125_21_2018-04-29 02:04:16.269181,2-39-125-21,0002,2018-04-29T02:04:16.000+05:30,2018-04-29T03:09:09.000+05:30,2018-04-29T03:54:48.000+05:30,6.142,64.88333333333334,110.53333333333333,2018-04-29,2,1,4
2_39_131_30_2018-04-29 02:36:09.068992,2-39-131-30,0002,2018-04-29T02:36:09.000+05:30,2018-04-29T04:36:40.000+05:30,2018-04-29T04:36:48.000+05:30,13.619,120.51666666666667,120.65,2018-04-29,2,1,4
2_39_125_21_2018-04-29 04:15:09.913647,2-39-125-21,0002,2018-04-29T04:15:10.000+05:30,2018-04-29T05:12:14.000+05:30,2018-04-29T05:12:22.000+05:30,5.355,57.06666666666667,57.2,2018-04-29,4,1,4
2_39_78_367_2018-04-29 05:42:03.843732,2-39-78-367,0002,2018-04-29T05:42:04.000+05:30,2018-04-29T13:00:22.000+05:30,2018-04-29T13:00:24.000+05:30,17.25,438.3,438.3333333333333,2018-04-29,5,1,4
2_39_131_30_2018-04-29 16:26:35.599363,2-39-131-30,0002,2018-04-29T16:26:36.000+05:30,2018-04-29T17:40:20.000+05:30,2018-04-29T17:40:25.000+05:30,4.026,73.73333333333333,73.81666666666666,2018-04-29,16,1,4
2_39_127_19_2018-04-29 17:25:13.845569,2-39-127-19,0002,2018-04-29T17:25:14.000+05:30,2018-04-29T20:09:00.000+05:30,2018-04-29T20:09:04.000+05:30,8.838,163.76666666666668,163.83333333333334,2018-04-29,17,1,4
2_39_125_21_2018-04-29 17:59:13.994691,2-39-125-21,0002,2018-04-29T17:59:14.000+05:30,2018-04-29T19:28:25.000+05:30,2018-04-29T19:28:30.000+05:30,10.047,89.18333333333334,89.26666666666667,2018-04-29,17,1,4
2_39_131_30_2018-04-29 18:30:35.520787,2-39-131-30,0002,2018-04-29T18:30:36.000+05:30,2018-04-29T21:46:26.000+05:30,2018-04-29T23:39:41.000+05:30,13.595,195.83333333333334,309.0833333333333,2018-04-29,18,1,4
2_39_138_29_2018-04-29 18:32:13.495102,2-39-138-29,0002,2018-04-29T18:32:13.000+05:30,2018-04-29T20:00:53.000+05:30,2018-04-29T20:28:44.000+05:30,8.13,88.66666666666667,116.51666666666667,2018-04-29,18,1,4
2_39_78_367_2018-04-29 18:36:13.357144,2-39-78-367,0002,2018-04-29T18:36:13.000+05:30,2018-04-29T21:52:17.000+05:30,2018-04-29T21:52:24.000+05:30,11.632,196.06666666666666,196.18333333333334,2018-04-29,18,1,4
2_39_90_26_2018-04-29 18:40:51.437323,2-39-90-26,0002,2018-04-29T18:40:51.000+05:30,2018-04-29T18:46:58.000+05:30,2018-04-29T18:47:03.000+05:30,0.644,6.116666666666666,6.2,2018-04-29,18,1,4
2_39_89_25_2018-04-29 18:47:15.365203,2-39-89-25,0002,2018-04-29T18:47:15.000+05:30,2018-04-29T23:08:23.000+05:30,2018-04-30T00:13:56.000+05:30,28.647,261.1333333333333,326.68333333333334,2018-04-29,18,1,4
2_39_123_23_2018-04-29 18:53:39.467975,2-39-123-23,0002,2018-04-29T18:53:39.000+05:30,2018-04-29T21:28:55.000+05:30,2018-04-29T21:27:56.000+05:30,13.919,155.26666666666668,154.28333333333333,2018-04-29,18,1,4
2_39_139_28_2018-04-29 19:32:58.358117,2-39-139-28,0002,2018-04-29T19:32:58.000+05:30,2018-04-29T21:20:21.000+05:30,2018-04-29T21:20:29.000+05:30,11.826,107.38333333333334,107.51666666666667,2018-04-29,19,1,4
2_39_125_21_2018-04-29 20:09:20.726403,2-39-125-21,0002,2018-04-29T20:09:21.000+05:30,2018-04-29T20:45:59.000+05:30,2018-04-29T21:23:42.000+05:30,3.99,36.63333333333333,74.35,2018-04-29,20,1,4
2_39_127_19_2018-04-29 20:26:32.616385,2-39-127-19,0002,2018-04-29T20:26:33.000+05:30,2018-04-29T21:45:13.000+05:30,2018-04-29T21:45:25.000+05:30,8.84,78.66666666666667,78.86666666666666,2018-04-29,20,1,4
2_39_130_31_2018-04-29 20:27:24.854899,2-39-130-31,0002,2018-04-29T20:27:25.000+05:30,2018-04-29T20:39:41.000+05:30,2018-04-29T20:39:49.000+05:30,1.16,12.266666666666667,12.4,2018-04-29,20,1,4
2_39_126_20_2018-04-29 21:02:33.552100,2-39-126-20,0002,2018-04-29T21:02:34.000+05:30,2018-04-30T02:55:43.000+05:30,2018-04-30T03:04:08.000+05:30,13.927,353.15,361.56666666666666,2018-04-29,21,1,4
2_39_124_22_2018-04-29 21:22:44.282759,2-39-124-22,0002,2018-04-29T21:22:44.000+05:30,2018-04-29T21:40:12.000+05:30,2018-04-29T21:40:17.000+05:30,1.909,17.466666666666665,17.55,2018-04-29,21,1,4
2_39_123_23_2018-04-29 21:28:04.065966,2-39-123-23,0002,2018-04-29T21:28:04.000+05:30,2018-04-29T23:56:26.000+05:30,2018-04-30T00:01:57.000+05:30,13.904,148.36666666666667,153.88333333333333,2018-04-29,21,1,4
2_39_130_31_2018-04-29 21:47:40.472907,2-39-130-31,0002,2018-04-29T21:47:40.000+05:30,2018-04-29T23:34:19.000+05:30,2018-04-30T00:38:30.000+05:30,4.767,106.65,170.83333333333334,2018-04-29,21,1,4
2_39_139_28_2018-04-29 22:00:37.095335,2-39-139-28,0002,2018-04-29T22:00:37.000+05:30,2018-04-29T22:41:55.000+05:30,2018-04-29T22:42:00.000+05:30,2.303,41.3,41.38333333333333,2018-04-29,22,1,4
2_39_79_379_2018-04-29 22:40:53.930731,2-39-79-379,0002,2018-04-29T22:40:54.000+05:30,2018-04-30T02:48:53.000+05:30,2018-04-30T21:46:42.000+05:30,25.761,247.98333333333332,1385.8,2018-04-29,22,1,4
2_39_78_361_2018-04-29 23:10:57.761144,2-39-78-361,0002,2018-04-29T23:10:58.000+05:30,2018-04-30T02:27:51.000+05:30,2018-04-30T04:52:42.000+05:30,2.684,196.88333333333333,341.73333333333335,2018-04-29,23,1,4
2_39_139_28_2018-04-29 23:44:39.140654,2-39-139-28,0002,2018-04-29T23:44:39.000+05:30,2018-04-30T03:31:34.000+05:30,2018-04-30T03:31:38.000+05:30,13.076,226.91666666666666,226.98333333333332,2018-04-29,23,1,4
2_39_138_29_2018-04-29 23:53:59.304392,2-39-138-29,0002,2018-04-29T23:53:59.000+05:30,2018-04-30T00:26:17.000+05:30,2018-04-30T00:26:26.000+05:30,3.504,32.3,32.45,2018-04-29,23,1,4
2_39_127_19_2018-04-30 00:32:14.963750,2-39-127-19,0002,2018-04-30T00:32:15.000+05:30,2018-04-30T04:32:53.000+05:30,2018-04-30T04:40:27.000+05:30,13.91,240.63333333333333,248.2,2018-04-30,0,2,4
2_39_138_29_2018-04-30 00:32:40.418558,2-39-138-29,0002,2018-04-30T00:32:40.000+05:30,2018-04-30T01:18:48.000+05:30,2018-04-30T04:54:16.000+05:30,2.552,46.13333333333333,261.6,2018-04-30,0,2,4
2_39_128_18_2018-04-30 00:40:53.135472,2-39-128-18,0002,2018-04-30T00:40:53.000+05:30,2018-04-30T02:53:19.000+05:30,2018-04-30T02:53:26.000+05:30,13.853,132.43333333333334,132.55,2018-04-30,0,2,4
2_39_89_25_2018-04-30 00:52:53.102075,2-39-89-25,0002,2018-04-30T00:52:53.000+05:30,2018-04-30T01:40:49.000+05:30,2018-05-03T03:42:42.000+05:30,1.544,47.93333333333333,4489.816666666667,2018-04-30,0,2,4
2_39_79_376_2018-04-30 02:19:39.707354,2-39-79-376,0002,2018-04-30T02:19:40.000+05:30,2018-04-30T02:54:47.000+05:30,2018-04-30T02:54:52.000+05:30,3.811,35.11666666666667,35.2,2018-04-30,2,2,4
2_39_79_376_2018-04-30 03:42:52.604675,2-39-79-376,0002,2018-04-30T03:42:53.000+05:30,2018-04-30T06:41:15.000+05:30,2018-04-30T13:06:08.000+05:30,10.44,178.36666666666667,563.25,2018-04-30,3,2,4
2_39_138_566_2018-04-30 06:56:41.499872,2-39-138-566,0002,2018-04-30T06:56:41.000+05:30,2018-04-30T12:32:58.000+05:30,2018-04-30T12:33:14.000+05:30,13.016,336.28333333333336,336.55,2018-04-30,6,2,4
2_39_131_30_2018-04-30 13:21:34.651212,2-39-131-30,0002,2018-04-30T13:21:35.000+05:30,2018-04-30T14:22:43.000+05:30,2018-04-30T14:22:47.000+05:30,3.51,61.13333333333333,61.2,2018-04-30,13,2,4
2_39_79_380_2018-04-30 13:55:56.532322,2-39-79-380,0002,2018-04-30T13:55:57.000+05:30,2018-04-30T15:52:03.000+05:30,2018-04-30T23:09:48.000+05:30,10.083,116.1,553.85,2018-04-30,13,2,4
2_39_95_27_2018-04-30 14:56:42.084943,2-39-95-27,0002,2018-04-30T14:56:42.000+05:30,2018-04-30T18:05:58.000+05:30,2018-05-01T01:29:55.000+05:30,10.81,189.26666666666668,633.2166666666667,2018-04-30,14,2,4
2_39_78_366_2018-04-30 15:04:33.947158,2-39-78-366,0002,2018-04-30T15:04:34.000+05:30,2018-04-30T17:03:22.000+05:30,2018-05-01T00:07:27.000+05:30,6.249,118.8,542.8833333333333,2018-04-30,15,2,4
2_39_79_381_2018-04-30 15:07:26.419369,2-39-79-381,0002,2018-04-30T15:07:26.000+05:30,2018-04-30T18:36:25.000+05:30,2018-04-30T22:43:14.000+05:30,16.386,208.98333333333332,455.8,2018-04-30,15,2,4
2_39_88_24_2018-04-30 15:07:48.608581,2-39-88-24,0002,2018-04-30T15:07:49.000+05:30,2018-05-01T00:27:51.000+05:30,2018-05-01T00:27:55.000+05:30,47.808,560.0333333333333,560.1,2018-04-30,15,2,4
2_39_79_377_2018-04-30 15:13:47.385909,2-39-79-377,0002,2018-04-30T15:13:47.000+05:30,2018-04-30T16:14:44.000+05:30,2018-04-30T23:48:38.000+05:30,3.566,60.95,514.85,2018-04-30,15,2,4
2_39_130_31_2018-04-30 15:13:48.377299,2-39-130-31,0002,2018-04-30T15:13:48.000+05:30,2018-04-30T16:58:47.000+05:30,2018-05-01T00:03:46.000+05:30,5.326,104.98333333333333,529.9666666666667,2018-04-30,15,2,4
2_39_78_363_2018-04-30 15:14:18.315474,2-39-78-363,0002,2018-04-30T15:14:18.000+05:30,2018-04-30T16:15:37.000+05:30,2018-05-01T04:07:19.000+05:30,1.948,61.31666666666667,773.0166666666667,2018-04-30,15,2,4
2_39_127_19_2018-04-30 15:26:12.477582,2-39-127-19,0002,2018-04-30T15:26:12.000+05:30,2018-04-30T17:01:46.000+05:30,2018-04-30T23:04:07.000+05:30,6.962,95.56666666666666,457.9166666666667,2018-04-30,15,2,4
2_39_138_29_2018-04-30 15:27:36.253326,2-39-138-29,0002,2018-04-30T15:27:36.000+05:30,,2018-04-30T19:31:44.000+05:30,11.676,,244.13333333333333,2018-04-30,15,2,4
2_39_79_382_2018-04-30 15:32:40.483238,2-39-79-382,0002,2018-04-30T15:32:40.000+05:30,2018-04-30T19:03:10.000+05:30,2018-04-30T19:03:14.000+05:30,4.761,210.5,210.56666666666666,2018-04-30,15,2,4
2_39_78_365_2018-04-30 15:34:27.009333,2-39-78-365,0002,2018-04-30T15:34:27.000+05:30,2018-04-30T17:34:42.000+05:30,2018-05-01T01:06:20.000+05:30,4.451,120.25,571.8833333333333,2018-04-30,15,2,4
2_39_139_28_2018-04-30 15:36:43.210995,2-39-139-28,0002,2018-04-30T15:36:43.000+05:30,2018-04-30T18:06:04.000+05:30,2018-04-30T19:56:52.000+05:30,5.494,149.35,260.15,2018-04-30,15,2,4
2_39_79_383_2018-04-30 15:38:57.721435,2-39-79-383,0002,2018-04-30T15:38:58.000+05:30,2018-04-30T17:12:37.000+05:30,2018-04-30T23:54:03.000+05:30,5.453,93.65,495.0833333333333,2018-04-30,15,2,4
2_39_92_442_2018-04-30 15:47:29.311801,2-39-92-442,0002,2018-04-30T15:47:29.000+05:30,2018-04-30T17:46:33.000+05:30,2018-05-01T00:04:36.000+05:30,6.124,119.06666666666666,497.1166666666667,2018-04-30,15,2,4
2_39_78_361_2018-04-30 15:47:36.417223,2-39-78-361,0002,2018-04-30T15:47:36.000+05:30,2018-05-01T00:31:53.000+05:30,2018-05-01T00:37:31.000+05:30,2.69,524.2833333333333,529.9166666666666,2018-04-30,15,2,4
2_39_124_22_2018-04-30 15:59:08.265593,2-39-124-22,0002,2018-04-30T15:59:08.000+05:30,2018-04-30T19:33:22.000+05:30,2018-05-01T00:47:31.000+05:30,10.51,214.23333333333332,528.3833333333333,2018-04-30,15,2,4
2_39_79_376_2018-04-30 16:00:55.726494,2-39-79-376,0002,2018-04-30T16:00:56.000+05:30,2018-04-30T17:20:19.000+05:30,2018-04-30T18:31:50.000+05:30,2.575,79.38333333333334,150.9,2018-04-30,16,2,4
2_39_78_367_2018-04-30 16:06:02.025144,2-39-78-367,0002,2018-04-30T16:06:02.000+05:30,2018-04-30T20:07:32.000+05:30,2018-05-01T00:58:49.000+05:30,8.189,241.5,532.7833333333333,2018-04-30,16,2,4
2_39_91_437_2018-04-30 16:09:13.705124,2-39-91-437,0002,2018-04-30T16:09:14.000+05:30,2018-04-30T17:52:46.000+05:30,2018-05-01T00:19:21.000+05:30,5.206,103.53333333333333,490.1166666666667,2018-04-30,16,2,4
2_39_90_440_2018-04-30 16:31:29.713859,2-39-90-440,0002,2018-04-30T16:31:30.000+05:30,2018-04-30T22:48:05.000+05:30,2018-04-30T22:48:10.000+05:30,12.332,376.5833333333333,376.6666666666667,2018-04-30,16,2,4
2_39_78_360_2018-04-30 16:44:10.253778,2-39-78-360,0002,2018-04-30T16:44:10.000+05:30,2018-05-01T01:20:21.000+05:30,2018-05-01T01:29:30.000+05:30,15.947,516.1833333333333,525.3333333333334,2018-04-30,16,2,4
2_39_78_364_2018-04-30 16:51:35.686836,2-39-78-364,0002,2018-04-30T16:51:36.000+05:30,2018-04-30T18:25:41.000+05:30,2018-04-30T19:38:10.000+05:30,3.354,94.08333333333333,166.56666666666666,2018-04-30,16,2,4
2_39_89_439_2018-04-30 17:25:33.787163,2-39-89-439,0002,2018-04-30T17:25:34.000+05:30,2018-04-30T19:56:41.000+05:30,2018-05-01T01:15:04.000+05:30,14.355,151.11666666666667,469.5,2018-04-30,17,2,4
2_39_88_438_2018-04-30 17:30:27.924466,2-39-88-438,0002,2018-04-30T17:30:28.000+05:30,2018-04-30T20:41:55.000+05:30,2018-04-30T23:25:16.000+05:30,20.865,191.45,354.8,2018-04-30,17,2,4
2_39_78_362_2018-04-30 17:33:00.541021,2-39-78-362,0002,2018-04-30T17:33:01.000+05:30,2018-05-01T00:35:16.000+05:30,2018-05-01T00:34:19.000+05:30,8.331,422.25,421.3,2018-04-30,17,2,4
2_39_123_23_2018-04-30 17:42:23.997600,2-39-123-23,0002,2018-04-30T17:42:24.000+05:30,2018-04-30T18:43:40.000+05:30,2018-05-01T02:49:30.000+05:30,1.93,61.266666666666666,547.1,2018-04-30,17,2,4
2_39_92_436_2018-04-30 17:52:20.885279,2-39-92-436,0002,2018-04-30T17:52:21.000+05:30,2018-04-30T23:39:51.000+05:30,2018-04-30T23:39:55.000+05:30,15.629,347.5,347.56666666666666,2018-04-30,17,2,4
2_39_95_444_2018-04-30 18:45:38.019636,2-39-95-444,0002,2018-04-30T18:45:38.000+05:30,2018-04-30T18:46:27.000+05:30,2018-04-30T23:22:23.000+05:30,0.5860127777777778,0.8166666666666667,276.75,2018-04-30,18,2,4
2_39_91_441_2018-04-30 19:02:14.276934,2-39-91-441,0002,2018-04-30T19:02:14.000+05:30,2018-05-01T01:57:39.000+05:30,2018-05-01T03:40:19.000+05:30,2.554,415.4166666666667,518.0833333333334,2018-04-30,19,2,4
2_39_79_376_2018-04-30 19:37:53.917512,2-39-79-376,0002,2018-04-30T19:37:54.000+05:30,2018-04-30T21:44:15.000+05:30,2018-05-01T01:58:11.000+05:30,6.878,126.35,380.28333333333336,2018-04-30,19,2,4
2_39_79_382_2018-04-30 19:53:32.706440,2-39-79-382,0002,2018-04-30T19:53:33.000+05:30,2018-04-30T20:40:58.000+05:30,2018-04-30T23:44:52.000+05:30,1.308,47.416666666666664,231.31666666666666,2018-04-30,19,2,4
2_39_90_26_2018-04-30 20:29:49.601092,2-39-90-26,0002,2018-04-30T20:29:50.000+05:30,2018-04-30T23:41:08.000+05:30,2018-04-30T23:41:13.000+05:30,8.494,191.3,191.38333333333333,2018-04-30,20,2,4
2_39_78_364_2018-04-30 20:50:41.803156,2-39-78-364,0002,2018-04-30T20:50:42.000+05:30,2018-04-30T21:20:42.000+05:30,2018-05-01T01:32:05.000+05:30,0.923,30.0,281.3833333333333,2018-04-30,20,2,4
2_39_138_29_2018-04-30 21:06:42.417195,2-39-138-29,0002,2018-04-30T21:06:42.000+05:30,2018-05-01T01:21:00.000+05:30,2018-05-01T01:25:41.000+05:30,13.975,254.3,258.98333333333335,2018-04-30,21,2,4
2_39_123_557_2018-04-30 21:10:08.827993,2-39-123-557,0002,2018-04-30T21:10:09.000+05:30,2018-04-30T22:00:15.000+05:30,2018-04-30T23:06:51.000+05:30,2.334,50.1,116.7,2018-04-30,21,2,4
2_39_130_564_2018-04-30 21:18:08.506221,2-39-130-564,0002,2018-04-30T21:18:08.000+05:30,2018-04-30T22:15:22.000+05:30,2018-04-30T22:15:25.000+05:30,4.14,57.233333333333334,57.28333333333333,2018-04-30,21,2,4
2_39_79_379_2018-04-30 22:32:52.351226,2-39-79-379,0002,2018-04-30T22:32:52.000+05:30,2018-04-30T23:09:03.000+05:30,2018-04-30T23:09:12.000+05:30,1.813,36.18333333333333,36.333333333333336,2018-04-30,22,2,4
2_39_130_564_2018-04-30 22:41:33.095029,2-39-130-564,0002,2018-04-30T22:41:33.000+05:30,2018-04-30T23:19:07.000+05:30,2018-04-30T23:19:15.000+05:30,1.842,37.56666666666667,37.7,2018-04-30,22,2,4
2_39_79_380_2018-04-30 23:19:27.598104,2-39-79-380,0002,2018-04-30T23:19:28.000+05:30,2018-05-01T00:56:23.000+05:30,2018-05-01T01:58:32.000+05:30,4.824,96.91666666666667,159.06666666666666,2018-04-30,23,2,4
2_39_92_442_2018-05-01 00:31:55.766923,2-39-92-442,0002,2018-05-01T00:31:56.000+05:30,2018-05-01T02:10:50.000+05:30,2018-05-01T02:10:54.000+05:30,5.777,98.9,98.96666666666667,2018-05-01,0,3,5
2_39_131_30_2018-05-01 00:43:31.213098,2-39-131-30,0002,2018-05-01T00:43:31.000+05:30,2018-05-01T04:21:02.000+05:30,2018-05-01T04:21:07.000+05:30,12.846,217.51666666666668,217.6,2018-05-01,0,3,5
2_39_127_19_2018-05-01 01:00:22.472519,2-39-127-19,0002,2018-05-01T01:00:22.000+05:30,2018-05-01T06:11:29.000+05:30,2018-05-01T13:08:34.000+05:30,13.932,311.1166666666667,728.2,2018-05-01,1,3,5
2_39_129_17_2018-05-01 01:14:26.538688,2-39-129-17,0002,2018-05-01T01:14:27.000+05:30,2018-05-01T01:22:27.000+05:30,2018-05-01T01:23:58.000+05:30,0.801,8.0,9.516666666666667,2018-05-01,1,3,5
2_39_138_29_2018-05-01 01:27:39.049762,2-39-138-29,0002,2018-05-01T01:27:39.000+05:30,2018-05-01T01:45:30.000+05:30,2018-05-01T01:45:35.000+05:30,1.868,17.85,17.933333333333334,2018-05-01,1,3,5
2_39_129_17_2018-05-01 01:31:03.442958,2-39-129-17,0002,2018-05-01T01:31:03.000+05:30,2018-05-01T02:09:33.000+05:30,2018-05-01T02:09:45.000+05:30,1.851,38.5,38.7,2018-05-01,1,3,5
2_39_125_21_2018-05-01 01:35:22.341341,2-39-125-21,0002,2018-05-01T01:35:22.000+05:30,2018-05-01T03:11:47.000+05:30,2018-05-01T03:11:51.000+05:30,10.868,96.41666666666667,96.48333333333333,2018-05-01,1,3,5
2_39_139_28_2018-05-01 01:48:07.005869,2-39-139-28,0002,2018-05-01T01:48:07.000+05:30,2018-05-01T03:16:46.000+05:30,2018-05-01T03:20:51.000+05:30,9.055,88.65,92.73333333333333,2018-05-01,1,3,5
2_39_79_380_2018-05-01 02:10:29.102131,2-39-79-380,0002,2018-05-01T02:10:29.000+05:30,2018-05-01T03:21:05.000+05:30,2018-05-01T05:10:38.000+05:30,7.06,70.6,180.15,2018-05-01,2,3,5
2_39_79_379_2018-05-01 03:08:47.017440,2-39-79-379,0002,2018-05-01T03:08:47.000+05:30,2018-05-01T05:08:54.000+05:30,2018-05-01T16:47:55.000+05:30,6.505,120.11666666666666,819.1333333333333,2018-05-01,3,3,5
2_39_138_566_2018-05-01 04:55:58.860904,2-39-138-566,0002,2018-05-01T04:55:59.000+05:30,2018-05-01T19:32:11.000+05:30,2018-05-01T19:33:43.000+05:30,23.007318888888886,876.2,877.7333333333333,2018-05-01,4,3,5
2_39_129_17_2018-05-01 05:44:03.135899,2-39-129-17,0002,2018-05-01T05:44:03.000+05:30,2018-05-01T15:24:27.000+05:30,2018-05-01T15:30:30.000+05:30,13.91,580.4,586.45,2018-05-01,5,3,5
2_39_95_27_2018-05-01 13:23:18.374684,2-39-95-27,0002,2018-05-01T13:23:18.000+05:30,2018-05-01T17:17:07.000+05:30,2018-05-02T01:53:41.000+05:30,13.41,233.81666666666666,750.3833333333333,2018-05-01,13,3,5
2_39_79_380_2018-05-01 13:54:33.599590,2-39-79-380,0002,2018-05-01T13:54:34.000+05:30,2018-05-01T15:35:39.000+05:30,2018-05-01T23:15:35.000+05:30,8.618,101.08333333333333,561.0166666666667,2018-05-01,13,3,5
2_39_139_28_2018-05-01 14:46:04.441389,2-39-139-28,0002,2018-05-01T14:46:04.000+05:30,2018-05-01T23:57:02.000+05:30,2018-05-02T00:54:07.000+05:30,13.969,550.9666666666667,608.05,2018-05-01,14,3,5
2_39_79_378_2018-05-01 14:56:28.908623,2-39-79-378,0002,2018-05-01T14:56:29.000+05:30,2018-05-01T16:07:56.000+05:30,2018-05-01T21:52:45.000+05:30,6.914,71.45,416.26666666666665,2018-05-01,14,3,5
2_39_88_24_2018-05-01 15:14:50.443137,2-39-88-24,0002,2018-05-01T15:14:50.000+05:30,2018-05-01T20:18:12.000+05:30,2018-05-01T22:51:30.000+05:30,13.785,303.3666666666667,456.6666666666667,2018-05-01,15,3,5
2_39_79_376_2018-05-01 15:21:17.139837,2-39-79-376,0002,2018-05-01T15:21:17.000+05:30,2018-05-01T15:34:52.000+05:30,2018-05-02T00:31:28.000+05:30,0.618,13.583333333333334,550.1833333333333,2018-05-01,15,3,5
2_39_91_441_2018-05-01 15:21:33.907284,2-39-91-441,0002,2018-05-01T15:21:34.000+05:30,2018-05-01T18:25:43.000+05:30,2018-05-02T00:56:59.000+05:30,14.112,184.15,575.4166666666666,2018-05-01,15,3,5
2_39_79_381_2018-05-01 15:21:51.892947,2-39-79-381,0002,2018-05-01T15:21:52.000+05:30,2018-05-02T01:27:12.000+05:30,2018-05-02T01:36:25.000+05:30,1.051,605.3333333333334,614.55,2018-05-01,15,3,5
2_39_78_365_2018-05-01 15:22:39.533595,2-39-78-365,0002,2018-05-01T15:22:40.000+05:30,2018-05-01T17:20:52.000+05:30,2018-05-02T00:42:44.000+05:30,6.102,118.2,560.0666666666667,2018-05-01,15,3,5
2_39_79_382_2018-05-01 15:28:51.643194,2-39-79-382,0002,2018-05-01T15:28:52.000+05:30,2018-05-01T18:16:47.000+05:30,2018-05-01T20:16:01.000+05:30,8.063,167.91666666666666,287.15,2018-05-01,15,3,5
2_39_79_383_2018-05-01 15:35:20.929143,2-39-79-383,0002,2018-05-01T15:35:21.000+05:30,2018-05-01T16:42:38.000+05:30,2018-05-02T00:13:06.000+05:30,2.854,67.28333333333333,517.75,2018-05-01,15,3,5
2_39_131_30_2018-05-01 15:40:09.591026,2-39-131-30,0002,2018-05-01T15:40:10.000+05:30,2018-05-01T18:02:25.000+05:30,2018-05-01T19:41:04.000+05:30,4.987,142.25,240.9,2018-05-01,15,3,5
2_39_78_366_2018-05-01 15:40:44.351048,2-39-78-366,0002,2018-05-01T15:40:44.000+05:30,2018-05-01T17:25:25.000+05:30,2018-05-02T01:04:56.000+05:30,4.56,104.68333333333334,564.2,2018-05-01,15,3,5
2_39_127_19_2018-05-01 15:41:07.863853,2-39-127-19,0002,2018-05-01T15:41:08.000+05:30,2018-05-01T17:22:55.000+05:30,2018-05-01T22:57:08.000+05:30,3.562,101.78333333333333,436.0,2018-05-01,15,3,5
2_39_125_21_2018-05-01 15:41:44.231612,2-39-125-21,0002,2018-05-01T15:41:44.000+05:30,2018-05-01T17:26:59.000+05:30,2018-05-01T17:27:03.000+05:30,3.371,105.25,105.31666666666666,2018-05-01,15,3,5
2_39_78_367_2018-05-01 16:00:32.532403,2-39-78-367,0002,2018-05-01T16:00:33.000+05:30,2018-05-01T18:59:54.000+05:30,2018-05-02T05:10:18.000+05:30,8.657,179.35,789.75,2018-05-01,16,3,5
2_39_79_377_2018-05-01 16:02:22.067499,2-39-79-377,0002,2018-05-01T16:02:22.000+05:30,2018-05-01T17:07:42.000+05:30,2018-05-02T00:32:29.000+05:30,3.058,65.33333333333333,510.1166666666667,2018-05-01,16,3,5
2_39_90_440_2018-05-01 16:09:02.854274,2-39-90-440,0002,2018-05-01T16:09:03.000+05:30,2018-05-01T23:39:31.000+05:30,2018-05-01T23:39:40.000+05:30,24.716,450.46666666666664,450.6166666666667,2018-05-01,16,3,5
2_39_90_26_2018-05-01 16:10:59.167379,2-39-90-26,0002,2018-05-01T16:10:59.000+05:30,2018-05-01T23:16:42.000+05:30,2018-05-01T23:17:00.000+05:30,21.525,425.71666666666664,426.01666666666665,2018-05-01,16,3,5
2_39_78_364_2018-05-01 16:18:16.694690,2-39-78-364,0002,2018-05-01T16:18:17.000+05:30,2018-05-01T17:51:41.000+05:30,2018-05-01T23:56:44.000+05:30,2.597,93.4,458.45,2018-05-01,16,3,5
2_39_78_362_2018-05-01 16:18:53.512595,2-39-78-362,0002,2018-05-01T16:18:54.000+05:30,2018-05-02T00:26:07.000+05:30,2018-05-02T00:25:09.000+05:30,28.691,487.21666666666664,486.25,2018-05-01,16,3,5
2_39_92_436_2018-05-01 16:20:23.907285,2-39-92-436,0002,2018-05-01T16:20:24.000+05:30,2018-05-01T18:58:36.000+05:30,2018-05-01T22:47:38.000+05:30,7.899,158.2,387.23333333333335,2018-05-01,16,3,5
2_39_95_444_2018-05-01 16:25:34.848901,2-39-95-444,0002,2018-05-01T16:25:35.000+05:30,2018-05-01T19:22:58.000+05:30,2018-05-02T01:09:22.000+05:30,6.91,177.38333333333333,523.7833333333333,2018-05-01,16,3,5
2_39_78_363_2018-05-01 16:36:37.558935,2-39-78-363,0002,2018-05-01T16:36:38.000+05:30,2018-05-01T20:39:46.000+05:30,2018-05-01T20:39:56.000+05:30,10.386,243.13333333333333,243.3,2018-05-01,16,3,5
2_39_92_442_2018-05-01 16:52:53.742929,2-39-92-442,0002,2018-05-01T16:52:54.000+05:30,2018-05-01T19:11:06.000+05:30,2018-05-02T01:05:41.000+05:30,7.799,138.2,492.78333333333336,2018-05-01,16,3,5
2_39_129_17_2018-05-01 16:58:53.921677,2-39-129-17,0002,2018-05-01T16:58:54.000+05:30,2018-05-01T23:54:46.000+05:30,2018-05-02T01:05:19.000+05:30,11.304,415.8666666666667,486.4166666666667,2018-05-01,16,3,5
2_39_124_22_2018-05-01 17:09:09.120419,2-39-124-22,0002,2018-05-01T17:09:09.000+05:30,2018-05-01T18:46:19.000+05:30,2018-05-02T00:22:14.000+05:30,1.943,97.16666666666667,433.0833333333333,2018-05-01,17,3,5
2_39_123_23_2018-05-01 17:11:32.081386,2-39-123-23,0002,2018-05-01T17:11:32.000+05:30,2018-05-01T20:09:58.000+05:30,2018-05-01T20:10:03.000+05:30,7.053,178.43333333333334,178.51666666666668,2018-05-01,17,3,5
2_39_138_29_2018-05-01 17:28:59.219125,2-39-138-29,0002,2018-05-01T17:28:59.000+05:30,2018-05-01T23:42:19.000+05:30,2018-05-01T23:42:22.000+05:30,10.43,373.3333333333333,373.3833333333333,2018-05-01,17,3,5
2_39_79_379_2018-05-01 17:47:29.258429,2-39-79-379,0002,2018-05-01T17:47:29.000+05:30,2018-05-01T20:06:13.000+05:30,2018-05-02T00:21:57.000+05:30,12.588,138.73333333333332,394.46666666666664,2018-05-01,17,3,5
2_39_78_360_2018-05-01 17:51:44.250568,2-39-78-360,0002,2018-05-01T17:51:44.000+05:30,2018-05-01T22:51:27.000+05:30,2018-05-01T22:51:35.000+05:30,12.411,299.71666666666664,299.85,2018-05-01,17,3,5
2_39_125_21_2018-05-01 18:01:20.558313,2-39-125-21,0002,2018-05-01T18:01:21.000+05:30,2018-05-01T19:42:05.000+05:30,2018-05-02T04:12:01.000+05:30,2.162,100.73333333333333,610.6666666666666,2018-05-01,18,3,5
2_39_91_437_2018-05-01 18:17:12.357036,2-39-91-437,0002,2018-05-01T18:17:12.000+05:30,2018-05-01T21:45:20.000+05:30,2018-05-01T23:27:01.000+05:30,9.742,208.13333333333333,309.81666666666666,2018-05-01,18,3,5
2_39_139_567_2018-05-01 19:33:49.566492,2-39-139-567,0002,2018-05-01T19:33:50.000+05:30,2018-05-01T22:40:44.000+05:30,2018-05-01T23:02:35.000+05:30,9.951,186.9,208.75,2018-05-01,19,3,5
2_39_123_557_2018-05-01 19:41:01.364275,2-39-123-557,0002,2018-05-01T19:41:01.000+05:30,2018-05-01T22:00:15.000+05:30,2018-05-02T02:44:42.000+05:30,6.671,139.23333333333332,423.68333333333334,2018-05-01,19,3,5
2_39_127_561_2018-05-01 20:07:55.076639,2-39-127-561,0002,2018-05-01T20:07:55.000+05:30,2018-05-02T02:52:20.000+05:30,2018-05-02T04:33:13.000+05:30,2.616,404.4166666666667,505.3,2018-05-01,20,3,5
2_39_123_23_2018-05-01 20:12:26.312220,2-39-123-23,0002,2018-05-01T20:12:26.000+05:30,2018-05-01T22:19:38.000+05:30,2018-05-01T23:56:31.000+05:30,6.494,127.2,224.08333333333334,2018-05-01,20,3,5
2_39_89_439_2018-05-01 20:27:34.589611,2-39-89-439,0002,2018-05-01T20:27:35.000+05:30,2018-05-01T20:58:34.000+05:30,2018-05-02T02:38:40.000+05:30,1.374,30.983333333333334,371.0833333333333,2018-05-01,20,3,5
2_39_88_24_2018-05-01 23:12:11.400204,2-39-88-24,0002,2018-05-01T23:12:11.000+05:30,2018-05-02T01:31:21.000+05:30,2018-05-02T02:46:10.000+05:30,6.661,139.16666666666666,213.98333333333332,2018-05-01,23,3,5
2_39_92_436_2018-05-02 00:06:46.761332,2-39-92-436,0002,2018-05-02T00:06:47.000+05:30,2018-05-02T01:01:13.000+05:30,2018-05-02T01:16:59.000+05:30,2.406,54.43333333333333,70.2,2018-05-02,0,4,5
2_39_78_362_2018-05-02 00:42:36.428545,2-39-78-362,0002,2018-05-02T00:42:36.000+05:30,2018-05-02T00:58:44.000+05:30,2018-05-02T00:57:45.000+05:30,1.117,16.133333333333333,15.15,2018-05-02,0,4,5
2_39_139_28_2018-05-02 01:46:00.259900,2-39-139-28,0002,2018-05-02T01:46:00.000+05:30,2018-05-02T12:19:39.000+05:30,2018-05-02T12:59:28.000+05:30,13.95,633.65,673.4666666666667,2018-05-02,1,4,5
2_39_131_30_2018-05-02 01:49:08.088255,2-39-131-30,0002,2018-05-02T01:49:08.000+05:30,2018-05-02T02:56:31.000+05:30,2018-05-02T03:36:39.000+05:30,6.685,67.38333333333334,107.51666666666667,2018-05-02,1,4,5
2_39_79_379_2018-05-02 01:57:30.484461,2-39-79-379,0002,2018-05-02T01:57:30.000+05:30,2018-05-02T06:40:11.000+05:30,2018-05-02T13:02:49.000+05:30,16.344,282.68333333333334,665.3166666666667,2018-05-02,1,4,5
2_39_79_377_2018-05-02 02:02:40.465993,2-39-79-377,0002,2018-05-02T02:02:40.000+05:30,2018-05-02T02:46:55.000+05:30,2018-05-02T02:46:59.000+05:30,4.662,44.25,44.31666666666667,2018-05-02,2,4,5
2_39_128_18_2018-05-02 02:21:34.978598,2-39-128-18,0002,2018-05-02T02:21:35.000+05:30,2018-05-02T05:46:14.000+05:30,2018-05-02T05:46:34.000+05:30,13.869,204.65,204.98333333333332,2018-05-02,2,4,5
2_39_78_366_2018-05-02 02:43:08.435748,2-39-78-366,0002,2018-05-02T02:43:08.000+05:30,2018-05-02T15:09:55.000+05:30,2018-05-02T15:15:27.000+05:30,16.084,746.7833333333333,752.3166666666667,2018-05-02,2,4,5
2_39_129_17_2018-05-02 02:51:35.139363,2-39-129-17,0002,2018-05-02T02:51:35.000+05:30,2018-05-02T04:11:50.000+05:30,2018-05-02T04:23:48.000+05:30,2.563,80.25,92.21666666666667,2018-05-02,2,4,5
2_39_79_378_2018-05-02 03:05:26.338352,2-39-79-378,0002,2018-05-02T03:05:26.000+05:30,2018-05-02T05:08:35.000+05:30,2018-05-02T16:51:33.000+05:30,6.457,123.15,826.1166666666667,2018-05-02,3,4,5
2_39_79_380_2018-05-02 03:12:16.779392,2-39-79-380,0002,2018-05-02T03:12:17.000+05:30,2018-05-02T07:13:30.000+05:30,2018-05-02T07:13:39.000+05:30,10.205,241.21666666666667,241.36666666666667,2018-05-02,3,4,5
2_39_95_27_2018-05-02 04:06:36.985133,2-39-95-27,0002,2018-05-02T04:06:37.000+05:30,2018-05-02T05:15:58.000+05:30,2018-05-02T05:16:06.000+05:30,7.9,69.35,69.48333333333333,2018-05-02,4,4,5
2_39_139_567_2018-05-02 04:56:29.225745,2-39-139-567,0002,2018-05-02T04:56:29.000+05:30,2018-05-02T14:03:42.000+05:30,2018-05-02T14:06:28.000+05:30,13.828,547.2166666666667,549.9833333333333,2018-05-02,4,4,5
2_39_123_23_2018-05-02 13:25:55.840259,2-39-123-23,0002,2018-05-02T13:25:56.000+05:30,2018-05-02T14:36:35.000+05:30,2018-05-02T14:36:44.000+05:30,4.053,70.65,70.8,2018-05-02,13,4,5
2_39_79_380_2018-05-02 13:57:22.134202,2-39-79-380,0002,2018-05-02T13:57:22.000+05:30,2018-05-02T14:28:53.000+05:30,2018-05-02T14:29:01.000+05:30,3.216,31.516666666666666,31.65,2018-05-02,13,4,5
2_39_95_27_2018-05-02 14:21:45.872488,2-39-95-27,0002,2018-05-02T14:21:46.000+05:30,2018-05-02T18:09:08.000+05:30,2018-05-03T00:56:46.000+05:30,11.507,227.36666666666667,635.0,2018-05-02,14,4,5
2_39_127_19_2018-05-02 14:36:14.984514,2-39-127-19,0002,2018-05-02T14:36:15.000+05:30,2018-05-03T00:49:02.000+05:30,2018-05-03T00:49:07.000+05:30,13.985,612.7833333333333,612.8666666666667,2018-05-02,14,4,5
2_39_139_28_2018-05-02 14:36:28.422075,2-39-139-28,0002,2018-05-02T14:36:28.000+05:30,2018-05-02T18:27:36.000+05:30,2018-05-02T18:27:48.000+05:30,10.541,231.13333333333333,231.33333333333334,2018-05-02,14,4,5
2_39_78_365_2018-05-02 14:46:19.034374,2-39-78-365,0002,2018-05-02T14:46:19.000+05:30,2018-05-02T23:09:19.000+05:30,2018-05-02T23:09:53.000+05:30,9.289,503.0,503.56666666666666,2018-05-02,14,4,5
2_39_79_376_2018-05-02 14:59:41.548555,2-39-79-376,0002,2018-05-02T14:59:42.000+05:30,2018-05-03T00:02:37.000+05:30,2018-05-03T00:02:46.000+05:30,7.312,542.9166666666666,543.0666666666667,2018-05-02,14,4,5
2_39_79_383_2018-05-02 15:00:55.427139,2-39-79-383,0002,2018-05-02T15:00:55.000+05:30,2018-05-02T16:08:19.000+05:30,2018-05-02T23:53:34.000+05:30,2.713,67.4,532.65,2018-05-02,15,4,5
2_39_91_437_2018-05-02 15:14:05.621573,2-39-91-437,0002,2018-05-02T15:14:06.000+05:30,2018-05-02T19:30:19.000+05:30,2018-05-02T23:07:17.000+05:30,11.865,256.21666666666664,473.18333333333334,2018-05-02,15,4,5
2_39_123_23_2018-05-02 15:15:17.269387,2-39-123-23,0002,2018-05-02T15:15:17.000+05:30,2018-05-02T18:13:40.000+05:30,2018-05-02T18:13:44.000+05:30,11.489,178.38333333333333,178.45,2018-05-02,15,4,5
2_39_79_381_2018-05-02 15:15:59.869187,2-39-79-381,0002,2018-05-02T15:16:00.000+05:30,2018-05-02T23:15:10.000+05:30,2018-05-03T01:08:48.000+05:30,13.91,479.1666666666667,592.8,2018-05-02,15,4,5
2_39_90_26_2018-05-02 15:17:09.660907,2-39-90-26,0002,2018-05-02T15:17:10.000+05:30,2018-05-02T23:22:47.000+05:30,2018-05-03T00:07:51.000+05:30,19.163,485.6166666666667,530.6833333333333,2018-05-02,15,4,5
2_39_138_29_2018-05-02 15:17:30.766631,2-39-138-29,0002,2018-05-02T15:17:31.000+05:30,2018-05-02T17:00:29.000+05:30,2018-05-03T00:15:44.000+05:30,3.187,102.96666666666667,538.2166666666667,2018-05-02,15,4,5
2_39_78_366_2018-05-02 15:20:55.367243,2-39-78-366,0002,2018-05-02T15:20:55.000+05:30,2018-05-02T18:03:35.000+05:30,2018-05-03T00:03:12.000+05:30,6.473,162.66666666666666,522.2833333333333,2018-05-02,15,4,5
2_39_79_382_2018-05-02 15:25:54.750057,2-39-79-382,0002,2018-05-02T15:25:55.000+05:30,2018-05-02T22:51:07.000+05:30,2018-05-02T22:51:11.000+05:30,15.288,445.2,445.26666666666665,2018-05-02,15,4,5
2_39_79_380_2018-05-02 15:28:35.539971,2-39-79-380,0002,2018-05-02T15:28:36.000+05:30,2018-05-02T18:20:03.000+05:30,2018-05-02T23:50:26.000+05:30,4.36,171.45,501.8333333333333,2018-05-02,15,4,5
2_39_131_30_2018-05-02 15:30:34.740890,2-39-131-30,0002,2018-05-02T15:30:35.000+05:30,2018-05-02T18:52:14.000+05:30,2018-05-03T02:57:50.000+05:30,5.888,201.65,687.25,2018-05-02,15,4,5
2_39_79_377_2018-05-02 15:32:25.352564,2-39-79-377,0002,2018-05-02T15:32:25.000+05:30,2018-05-02T18:48:26.000+05:30,2018-05-02T19:12:56.000+05:30,6.936,196.01666666666668,220.51666666666668,2018-05-02,15,4,5
2_39_128_18_2018-05-02 15:41:47.909789,2-39-128-18,0002,2018-05-02T15:41:48.000+05:30,2018-05-02T17:32:56.000+05:30,2018-05-03T00:40:11.000+05:30,4.016,111.13333333333334,538.3833333333333,2018-05-02,15,4,5
2_39_88_24_2018-05-02 15:48:31.812114,2-39-88-24,0002,2018-05-02T15:48:32.000+05:30,2018-05-02T18:26:50.000+05:30,2018-05-03T00:57:52.000+05:30,6.2,158.3,549.3333333333334,2018-05-02,15,4,5
2_39_92_442_2018-05-02 15:48:55.184222,2-39-92-442,0002,2018-05-02T15:48:55.000+05:30,2018-05-02T17:43:08.000+05:30,2018-05-02T20:08:42.000+05:30,4.563,114.21666666666667,259.78333333333336,2018-05-02,15,4,5
2_39_90_440_2018-05-02 15:53:26.925427,2-39-90-440,0002,2018-05-02T15:53:27.000+05:30,2018-05-02T23:52:59.000+05:30,2018-05-02T23:53:11.000+05:30,18.201,479.53333333333336,479.73333333333335,2018-05-02,15,4,5
2_39_78_361_2018-05-02 15:54:41.408306,2-39-78-361,0002,2018-05-02T15:54:41.000+05:30,2018-05-02T17:26:51.000+05:30,2018-05-03T00:42:00.000+05:30,3.647,92.16666666666667,527.3166666666667,2018-05-02,15,4,5
2_39_78_367_2018-05-02 16:06:53.477979,2-39-78-367,0002,2018-05-02T16:06:53.000+05:30,2018-05-03T00:44:23.000+05:30,2018-05-03T02:04:25.000+05:30,11.027,517.5,597.5333333333333,2018-05-02,16,4,5
2_39_95_444_2018-05-02 16:09:21.728879,2-39-95-444,0002,2018-05-02T16:09:22.000+05:30,2018-05-02T18:37:45.000+05:30,2018-05-02T18:37:48.000+05:30,4.426,148.38333333333333,148.43333333333334,2018-05-02,16,4,5
2_39_88_438_2018-05-02 16:15:35.226980,2-39-88-438,0002,2018-05-02T16:15:35.000+05:30,2018-05-02T18:10:16.000+05:30,2018-05-02T23:07:41.000+05:30,7.198,114.68333333333334,412.1,2018-05-02,16,4,5
2_39_78_362_2018-05-02 16:16:48.052815,2-39-78-362,0002,2018-05-02T16:16:48.000+05:30,2018-05-03T00:42:29.000+05:30,2018-05-03T00:41:29.000+05:30,9.641,505.68333333333334,504.68333333333334,2018-05-02,16,4,5
2_39_78_364_2018-05-02 16:19:37.195910,2-39-78-364,0002,2018-05-02T16:19:37.000+05:30,2018-05-02T18:51:35.000+05:30,2018-05-03T01:30:05.000+05:30,4.995,151.96666666666667,550.4666666666667,2018-05-02,16,4,5
2_39_78_363_2018-05-02 16:37:21.798722,2-39-78-363,0002,2018-05-02T16:37:22.000+05:30,2018-05-02T21:15:38.000+05:30,2018-05-03T01:07:23.000+05:30,9.043,278.26666666666665,510.01666666666665,2018-05-02,16,4,5
2_39_91_441_2018-05-02 16:45:06.883064,2-39-91-441,0002,2018-05-02T16:45:07.000+05:30,2018-05-03T00:17:55.000+05:30,2018-05-03T00:46:09.000+05:30,4.994,452.8,481.03333333333336,2018-05-02,16,4,5
2_39_79_378_2018-05-02 16:57:50.907181,2-39-79-378,0002,2018-05-02T16:57:51.000+05:30,2018-05-03T00:05:59.000+05:30,2018-05-03T02:06:47.000+05:30,16.008,428.1333333333333,548.9333333333333,2018-05-02,16,4,5
2_39_89_439_2018-05-02 17:08:46.954736,2-39-89-439,0002,2018-05-02T17:08:47.000+05:30,2018-05-02T20:13:16.000+05:30,2018-05-02T21:06:59.000+05:30,13.422,184.48333333333332,238.2,2018-05-02,17,4,5
2_39_123_23_2018-05-02 18:23:24.918058,2-39-123-23,0002,2018-05-02T18:23:25.000+05:30,2018-05-03T04:56:24.000+05:30,2018-05-03T05:07:42.000+05:30,2.031,632.9833333333333,644.2833333333333,2018-05-02,18,4,5
2_39_139_28_2018-05-02 18:32:27.296996,2-39-139-28,0002,2018-05-02T18:32:27.000+05:30,2018-05-02T21:08:57.000+05:30,2018-05-03T00:55:41.000+05:30,3.145,156.5,383.23333333333335,2018-05-02,18,4,5
2_39_79_377_2018-05-02 19:40:54.959464,2-39-79-377,0002,2018-05-02T19:40:55.000+05:30,2018-05-02T23:19:17.000+05:30,2018-05-02T23:19:25.000+05:30,9.664,218.36666666666667,218.5,2018-05-02,19,4,5
2_39_95_444_2018-05-02 19:56:24.993232,2-39-95-444,0002,2018-05-02T19:56:25.000+05:30,2018-05-02T22:05:16.000+05:30,2018-05-02T22:23:09.000+05:30,3.86,128.85,146.73333333333332,2018-05-02,19,4,5
2_39_138_566_2018-05-02 20:15:36.878694,2-39-138-566,0002,2018-05-02T20:15:37.000+05:30,2018-05-03T01:21:56.000+05:30,2018-05-03T01:22:01.000+05:30,11.344,306.31666666666666,306.4,2018-05-02,20,4,5
2_39_92_442_2018-05-02 20:37:58.184910,2-39-92-442,0002,2018-05-02T20:37:58.000+05:30,2018-05-02T22:17:21.000+05:30,2018-05-03T03:13:09.000+05:30,4.801,99.38333333333334,395.18333333333334,2018-05-02,20,4,5
2_39_124_22_2018-05-02 22:28:40.678887,2-39-124-22,0002,2018-05-02T22:28:41.000+05:30,2018-05-02T23:23:18.000+05:30,2018-05-03T02:30:11.000+05:30,1.58,54.61666666666667,241.5,2018-05-02,22,4,5
2_39_89_439_2018-05-02 22:34:47.279171,2-39-89-439,0002,2018-05-02T22:34:47.000+05:30,2018-05-03T03:34:38.000+05:30,2018-05-03T16:42:32.000+05:30,30.8,299.85,1087.75,2018-05-02,22,4,5
2_39_78_365_2018-05-02 23:13:01.837009,2-39-78-365,0002,2018-05-02T23:13:02.000+05:30,2018-05-03T00:36:20.000+05:30,2018-05-03T00:36:21.000+05:30,7.711,83.3,83.31666666666666,2018-05-02,23,4,5
2_39_79_382_2018-05-02 23:19:17.526939,2-39-79-382,0002,2018-05-02T23:19:18.000+05:30,2018-05-03T01:53:26.000+05:30,2018-05-03T03:23:05.000+05:30,6.254,154.13333333333333,243.78333333333333,2018-05-02,23,4,5
2_39_91_437_2018-05-02 23:20:15.006209,2-39-91-437,0002,2018-05-02T23:20:15.000+05:30,2018-05-03T00:07:29.000+05:30,2018-05-03T00:07:36.000+05:30,4.448,47.233333333333334,47.35,2018-05-02,23,4,5
2_39_79_377_2018-05-02 23:29:04.827008,2-39-79-377,0002,2018-05-02T23:29:05.000+05:30,2018-05-03T00:57:24.000+05:30,2018-05-03T01:50:17.000+05:30,4.157,88.31666666666666,141.2,2018-05-02,23,4,5
2_39_79_383_2018-05-03 00:17:01.198872,2-39-79-383,0002,2018-05-03T00:17:01.000+05:30,2018-05-03T12:15:24.000+05:30,2018-05-03T14:17:23.000+05:30,39.911,718.3833333333333,840.3666666666667,2018-05-03,0,5,5
2_39_79_380_2018-05-03 01:01:31.942000,2-39-79-380,0002,2018-05-03T01:01:32.000+05:30,2018-05-03T05:50:01.000+05:30,2018-05-03T13:11:47.000+05:30,15.958,288.48333333333335,730.25,2018-05-03,1,5,5
2_39_139_28_2018-05-03 01:06:47.171772,2-39-139-28,0002,2018-05-03T01:06:47.000+05:30,2018-05-03T02:40:18.000+05:30,2018-05-03T02:40:23.000+05:30,4.822,93.51666666666667,93.6,2018-05-03,1,5,5
2_39_127_19_2018-05-03 01:33:43.427320,2-39-127-19,0002,2018-05-03T01:33:43.000+05:30,2018-05-03T03:12:09.000+05:30,2018-05-03T03:58:35.000+05:30,9.454,98.43333333333334,144.86666666666667,2018-05-03,1,5,5
2_39_126_20_2018-05-03 01:34:01.396525,2-39-126-20,0002,2018-05-03T01:34:01.000+05:30,2018-05-03T02:11:39.000+05:30,2018-05-03T03:58:08.000+05:30,3.671,37.63333333333333,144.11666666666667,2018-05-03,1,5,5
2_39_91_437_2018-05-03 01:44:52.142816,2-39-91-437,0002,2018-05-03T01:44:52.000+05:30,2018-05-03T03:09:00.000+05:30,2018-05-03T03:09:28.000+05:30,9.251,84.13333333333334,84.6,2018-05-03,1,5,5
2_39_138_29_2018-05-03 01:54:19.215964,2-39-138-29,0002,2018-05-03T01:54:19.000+05:30,2018-05-03T03:25:21.000+05:30,2018-05-03T03:25:25.000+05:30,9.259,91.03333333333333,91.1,2018-05-03,1,5,5
2_39_129_17_2018-05-03 02:18:21.185332,2-39-129-17,0002,2018-05-03T02:18:21.000+05:30,2018-05-03T04:32:53.000+05:30,2018-05-03T04:32:56.000+05:30,13.854,134.53333333333333,134.58333333333334,2018-05-03,2,5,5
2_39_130_31_2018-05-03 02:32:40.995608,2-39-130-31,0002,2018-05-03T02:32:41.000+05:30,2018-05-03T03:11:35.000+05:30,2018-05-03T03:11:50.000+05:30,2.258,38.9,39.15,2018-05-03,2,5,5
2_39_79_379_2018-05-03 02:44:39.342768,2-39-79-379,0002,2018-05-03T02:44:39.000+05:30,2018-05-03T06:21:54.000+05:30,2018-05-03T15:27:02.000+05:30,12.398,217.25,762.3833333333333,2018-05-03,2,5,5
2_39_131_30_2018-05-03 03:52:20.938980,2-39-131-30,0002,2018-05-03T03:52:21.000+05:30,2018-05-03T05:10:49.000+05:30,2018-05-03T05:10:54.000+05:30,8.869,78.46666666666667,78.55,2018-05-03,3,5,5
2_39_78_365_2018-05-03 04:04:07.321814,2-39-78-365,0002,2018-05-03T04:04:07.000+05:30,2018-05-03T05:52:35.000+05:30,2018-05-03T10:22:32.000+05:30,10.684,108.46666666666667,378.4166666666667,2018-05-03,4,5,5
2_39_79_378_2018-05-03 04:23:03.551023,2-39-79-378,0002,2018-05-03T04:23:04.000+05:30,2018-05-03T06:30:12.000+05:30,2018-05-03T16:38:31.000+05:30,6.687,127.13333333333334,735.45,2018-05-03,4,5,5
2_39_78_367_2018-05-03 11:35:53.591484,2-39-78-367,0002,2018-05-03T11:35:54.000+05:30,2018-05-03T11:42:55.000+05:30,2018-05-03T11:43:06.000+05:30,0.756,7.016666666666667,7.2,2018-05-03,11,5,5
2_39_79_377_2018-05-03 11:47:45.094628,2-39-79-377,0002,2018-05-03T11:47:45.000+05:30,2018-05-03T15:24:25.000+05:30,2018-05-03T20:58:04.000+05:30,11.656,216.66666666666666,550.3166666666667,2018-05-03,11,5,5
2_39_95_27_2018-05-03 13:09:54.857059,2-39-95-27,0002,2018-05-03T13:09:55.000+05:30,2018-05-03T18:04:18.000+05:30,2018-05-04T00:36:15.000+05:30,13.503,294.3833333333333,686.3333333333334,2018-05-03,13,5,5
2_39_79_380_2018-05-03 13:45:24.399914,2-39-79-380,0002,2018-05-03T13:45:24.000+05:30,2018-05-03T15:14:08.000+05:30,2018-05-03T18:35:27.000+05:30,7.508,88.73333333333333,290.05,2018-05-03,13,5,5
2_39_79_382_2018-05-03 14:18:02.307799,2-39-79-382,0002,2018-05-03T14:18:02.000+05:30,2018-05-03T20:54:33.000+05:30,2018-05-03T23:36:30.000+05:30,17.011,396.51666666666665,558.4666666666667,2018-05-03,14,5,5
2_39_78_366_2018-05-03 14:23:40.715711,2-39-78-366,0002,2018-05-03T14:23:41.000+05:30,2018-05-03T22:57:59.000+05:30,2018-05-03T23:02:29.000+05:30,7.212,514.3,518.8,2018-05-03,14,5,5
2_39_139_28_2018-05-03 14:31:59.835924,2-39-139-28,0002,2018-05-03T14:32:00.000+05:30,2018-05-03T21:11:03.000+05:30,2018-05-04T01:03:06.000+05:30,13.216,399.05,631.1,2018-05-03,14,5,5
2_39_78_365_2018-05-03 14:54:02.394471,2-39-78-365,0002,2018-05-03T14:54:02.000+05:30,2018-05-03T19:19:23.000+05:30,2018-05-03T21:58:44.000+05:30,8.884,265.35,424.7,2018-05-03,14,5,5
2_39_79_383_2018-05-03 14:57:22.384156,2-39-79-383,0002,2018-05-03T14:57:22.000+05:30,2018-05-03T20:08:02.000+05:30,2018-05-03T23:30:12.000+05:30,13.173,310.6666666666667,512.8333333333334,2018-05-03,14,5,5
2_39_91_437_2018-05-03 15:06:32.615503,2-39-91-437,0002,2018-05-03T15:06:33.000+05:30,2018-05-03T15:49:09.000+05:30,2018-05-04T01:36:52.000+05:30,4.657,42.6,630.3166666666667,2018-05-03,15,5,5
2_39_78_361_2018-05-03 15:09:23.679600,2-39-78-361,0002,2018-05-03T15:09:24.000+05:30,2018-05-03T16:59:32.000+05:30,2018-05-04T00:14:06.000+05:30,3.469,110.13333333333334,544.7,2018-05-03,15,5,5
2_39_90_26_2018-05-03 15:11:48.734831,2-39-90-26,0002,2018-05-03T15:11:49.000+05:30,2018-05-03T22:39:32.000+05:30,2018-05-03T22:38:53.000+05:30,9.475,447.71666666666664,447.06666666666666,2018-05-03,15,5,5
2_39_92_442_2018-05-03 15:13:34.706464,2-39-92-442,0002,2018-05-03T15:13:35.000+05:30,2018-05-03T17:30:39.000+05:30,2018-05-03T22:49:35.000+05:30,11.46,137.06666666666666,456.0,2018-05-03,15,5,5
2_39_79_376_2018-05-03 15:14:10.412694,2-39-79-376,0002,2018-05-03T15:14:10.000+05:30,2018-05-03T17:05:31.000+05:30,2018-05-04T03:41:55.000+05:30,5.822,111.35,747.75,2018-05-03,15,5,5
2_39_91_441_2018-05-03 15:19:40.367418,2-39-91-441,0002,2018-05-03T15:19:40.000+05:30,2018-05-03T18:08:37.000+05:30,2018-05-04T06:22:34.000+05:30,7.489,168.95,902.9,2018-05-03,15,5,5
2_39_78_360_2018-05-03 15:20:39.084788,2-39-78-360,0002,2018-05-03T15:20:39.000+05:30,2018-05-03T22:48:13.000+05:30,2018-05-03T22:48:58.000+05:30,7.212,447.56666666666666,448.31666666666666,2018-05-03,15,5,5
2_39_78_363_2018-05-03 15:21:18.404640,2-39-78-363,0002,2018-05-03T15:21:18.000+05:30,2018-05-03T18:24:05.000+05:30,2018-05-04T01:23:43.000+05:30,4.946,182.78333333333333,602.4166666666666,2018-05-03,15,5,5
2_39_89_25_2018-05-03 15:22:22.279505,2-39-89-25,0002,2018-05-03T15:22:22.000+05:30,2018-05-03T22:42:57.000+05:30,2018-05-03T22:42:00.000+05:30,5.938,440.5833333333333,439.6333333333333,2018-05-03,15,5,5
2_39_78_367_2018-05-03 15:23:20.341472,2-39-78-367,0002,2018-05-03T15:23:20.000+05:30,2018-05-03T17:43:33.000+05:30,2018-05-03T23:51:03.000+05:30,3.289,140.21666666666667,507.71666666666664,2018-05-03,15,5,5
2_39_78_364_2018-05-03 15:27:21.166578,2-39-78-364,0002,2018-05-03T15:27:21.000+05:30,2018-05-03T17:02:06.000+05:30,2018-05-03T23:55:36.000+05:30,2.638,94.75,508.25,2018-05-03,15,5,5
2_39_131_30_2018-05-03 15:30:30.586439,2-39-131-30,0002,2018-05-03T15:30:31.000+05:30,2018-05-03T18:46:22.000+05:30,2018-05-04T02:35:03.000+05:30,5.434,195.85,664.5333333333333,2018-05-03,15,5,5
2_39_79_379_2018-05-03 15:32:53.214362,2-39-79-379,0002,2018-05-03T15:32:53.000+05:30,2018-05-03T15:49:35.000+05:30,2018-05-03T15:49:38.000+05:30,0.58,16.7,16.75,2018-05-03,15,5,5
2_39_125_21_2018-05-03 15:35:45.492793,2-39-125-21,0002,2018-05-03T15:35:45.000+05:30,2018-05-04T00:43:25.000+05:30,2018-05-04T00:50:20.000+05:30,12.818,547.6666666666666,554.5833333333334,2018-05-03,15,5,5
2_39_123_557_2018-05-03 15:36:09.605954,2-39-123-557,0002,2018-05-03T15:36:10.000+05:30,2018-05-03T15:59:26.000+05:30,2018-05-03T19:18:33.000+05:30,0.807,23.266666666666666,222.38333333333333,2018-05-03,15,5,5
2_39_90_440_2018-05-03 15:40:59.860088,2-39-90-440,0002,2018-05-03T15:41:00.000+05:30,2018-05-03T19:17:59.000+05:30,2018-05-03T19:18:04.000+05:30,4.956,216.98333333333332,217.06666666666666,2018-05-03,15,5,5
2_39_88_24_2018-05-03 15:44:39.205657,2-39-88-24,0002,2018-05-03T15:44:39.000+05:30,2018-05-03T17:15:19.000+05:30,2018-05-04T02:19:42.000+05:30,2.128,90.66666666666667,635.05,2018-05-03,15,5,5
2_39_127_19_2018-05-03 15:45:02.568476,2-39-127-19,0002,2018-05-03T15:45:03.000+05:30,2018-05-03T18:46:57.000+05:30,2018-05-04T00:48:08.000+05:30,3.723,181.9,543.0833333333334,2018-05-03,15,5,5
2_39_129_17_2018-05-03 15:51:11.237181,2-39-129-17,0002,2018-05-03T15:51:11.000+05:30,2018-05-04T01:21:16.000+05:30,2018-05-04T01:46:03.000+05:30,11.489,570.0833333333334,594.8666666666667,2018-05-03,15,5,5
2_39_78_362_2018-05-03 15:53:03.201108,2-39-78-362,0002,2018-05-03T15:53:03.000+05:30,2018-05-04T00:46:39.000+05:30,2018-05-04T00:45:40.000+05:30,4.753,533.6,532.6166666666667,2018-05-03,15,5,5
2_39_79_379_2018-05-03 16:00:20.362198,2-39-79-379,0002,2018-05-03T16:00:20.000+05:30,2018-05-03T17:15:35.000+05:30,2018-05-04T00:11:48.000+05:30,2.892,75.25,491.46666666666664,2018-05-03,16,5,5
2_39_123_23_2018-05-03 16:02:46.386787,2-39-123-23,0002,2018-05-03T16:02:46.000+05:30,2018-05-03T18:11:35.000+05:30,2018-05-04T01:54:37.000+05:30,4.257,128.81666666666666,591.85,2018-05-03,16,5,5
2_39_95_444_2018-05-03 16:04:18.550412,2-39-95-444,0002,2018-05-03T16:04:19.000+05:30,2018-05-04T00:25:26.000+05:30,2018-05-04T00:25:34.000+05:30,2.138,501.1166666666667,501.25,2018-05-03,16,5,5
2_39_92_436_2018-05-03 16:10:24.270046,2-39-92-436,0002,2018-05-03T16:10:24.000+05:30,2018-05-03T19:02:30.000+05:30,2018-05-03T22:49:56.000+05:30,7.73,172.1,399.53333333333336,2018-05-03,16,5,5
2_39_139_567_2018-05-03 16:11:49.848704,2-39-139-567,0002,2018-05-03T16:11:50.000+05:30,2018-05-03T21:04:29.000+05:30,2018-05-03T21:03:32.000+05:30,14.434,292.65,291.7,2018-05-03,16,5,5
2_39_88_438_2018-05-03 16:14:59.602427,2-39-88-438,0002,2018-05-03T16:15:00.000+05:30,2018-05-03T22:17:28.000+05:30,2018-05-04T02:19:30.000+05:30,22.087,362.46666666666664,604.5,2018-05-03,16,5,5
2_39_124_22_2018-05-03 16:17:31.707711,2-39-124-22,0002,2018-05-03T16:17:32.000+05:30,2018-05-03T23:11:14.000+05:30,2018-05-03T23:48:41.000+05:30,8.7,413.7,451.15,2018-05-03,16,5,5
2_39_79_378_2018-05-03 16:57:57.831157,2-39-79-378,0002,2018-05-03T16:57:58.000+05:30,2018-05-03T20:45:32.000+05:30,2018-05-04T01:04:43.000+05:30,7.493,227.56666666666666,486.75,2018-05-03,16,5,5
2_39_124_558_2018-05-03 17:00:18.478947,2-39-124-558,0002,2018-05-03T17:00:18.000+05:30,2018-05-03T20:54:07.000+05:30,2018-05-03T23:52:38.000+05:30,4.763,233.81666666666666,412.3333333333333,2018-05-03,17,5,5
2_39_129_563_2018-05-03 17:11:34.060779,2-39-129-563,0002,2018-05-03T17:11:34.000+05:30,2018-05-04T01:40:21.000+05:30,2018-05-04T01:45:52.000+05:30,14.11,508.78333333333336,514.3,2018-05-03,17,5,5
2_39_130_564_2018-05-03 17:13:39.828605,2-39-130-564,0002,2018-05-03T17:13:40.000+05:30,2018-05-04T00:54:51.000+05:30,2018-05-04T01:12:08.000+05:30,12.406,461.18333333333334,478.46666666666664,2018-05-03,17,5,5
2_39_79_381_2018-05-03 17:40:04.389611,2-39-79-381,0002,2018-05-03T17:40:04.000+05:30,2018-05-03T19:01:32.000+05:30,2018-05-03T19:34:33.000+05:30,2.034,81.46666666666667,114.48333333333333,2018-05-03,17,5,5
2_39_138_566_2018-05-03 17:56:03.760704,2-39-138-566,0002,2018-05-03T17:56:04.000+05:30,2018-05-03T23:16:10.000+05:30,2018-05-03T23:16:14.000+05:30,5.949,320.1,320.1666666666667,2018-05-03,17,5,5
2_39_79_380_2018-05-03 18:42:12.234634,2-39-79-380,0002,2018-05-03T18:42:12.000+05:30,2018-05-04T00:45:12.000+05:30,2018-05-04T00:45:17.000+05:30,7.496,363.0,363.0833333333333,2018-05-03,18,5,5
2_39_123_557_2018-05-03 19:24:50.966672,2-39-123-557,0002,2018-05-03T19:24:51.000+05:30,2018-05-03T19:55:11.000+05:30,2018-05-03T23:20:16.000+05:30,1.45,30.333333333333332,235.41666666666666,2018-05-03,19,5,5
2_39_126_20_2018-05-03 19:27:39.771114,2-39-126-20,0002,2018-05-03T19:27:40.000+05:30,2018-05-04T01:11:39.000+05:30,2018-05-04T01:11:49.000+05:30,10.153,343.98333333333335,344.15,2018-05-03,19,5,5
2_39_79_381_2018-05-03 19:48:39.984294,2-39-79-381,0002,2018-05-03T19:48:40.000+05:30,2018-05-03T23:05:42.000+05:30,2018-05-04T02:25:33.000+05:30,6.912,197.03333333333333,396.8833333333333,2018-05-03,19,5,5
2_39_79_377_2018-05-03 21:13:03.133763,2-39-79-377,0002,2018-05-03T21:13:03.000+05:30,2018-05-03T23:32:49.000+05:30,2018-05-04T00:55:13.000+05:30,6.689,139.76666666666668,222.16666666666666,2018-05-03,21,5,5
2_39_131_565_2018-05-03 21:34:37.282058,2-39-131-565,0002,2018-05-03T21:34:37.000+05:30,2018-05-04T02:05:17.000+05:30,2018-05-04T02:05:21.000+05:30,10.286,270.6666666666667,270.73333333333335,2018-05-03,21,5,5
2_39_139_567_2018-05-03 22:11:13.399208,2-39-139-567,0002,2018-05-03T22:11:13.000+05:30,2018-05-04T00:46:10.000+05:30,2018-05-04T00:46:19.000+05:30,12.674,154.95,155.1,2018-05-03,22,5,5
2_39_128_18_2018-05-03 22:16:01.816800,2-39-128-18,0002,2018-05-03T22:16:02.000+05:30,2018-05-03T23:42:27.000+05:30,2018-05-03T23:42:37.000+05:30,4.724,86.41666666666667,86.58333333333333,2018-05-03,22,5,5
2_39_78_365_2018-05-03 22:22:31.231692,2-39-78-365,0002,2018-05-03T22:22:31.000+05:30,2018-05-04T00:59:05.000+05:30,2018-05-04T00:59:17.000+05:30,12.982,156.56666666666666,156.76666666666668,2018-05-03,22,5,5
2_39_78_366_2018-05-03 23:24:49.627845,2-39-78-366,0002,2018-05-03T23:24:50.000+05:30,2018-05-03T23:39:04.000+05:30,2018-05-04T01:47:20.000+05:30,0.535,14.233333333333333,142.5,2018-05-03,23,5,5
2_39_128_18_2018-05-03 23:53:25.163987,2-39-128-18,0002,2018-05-03T23:53:25.000+05:30,2018-05-04T00:28:53.000+05:30,2018-05-04T00:29:05.000+05:30,3.573,35.46666666666667,35.666666666666664,2018-05-03,23,5,5
2_39_138_29_2018-05-04 00:06:17.072221,2-39-138-29,0002,2018-05-04T00:06:17.000+05:30,2018-05-04T02:16:43.000+05:30,2018-05-04T02:17:11.000+05:30,6.999,130.43333333333334,130.9,2018-05-04,0,6,5
2_39_89_25_2018-05-04 00:29:16.457058,2-39-89-25,0002,2018-05-04T00:29:16.000+05:30,2018-05-04T00:38:12.000+05:30,2018-05-04T00:38:18.000+05:30,0.886,8.933333333333334,9.033333333333333,2018-05-04,0,6,5
2_39_79_379_2018-05-04 00:52:19.724133,2-39-79-379,0002,2018-05-04T00:52:20.000+05:30,2018-05-04T05:23:29.000+05:30,2018-05-04T13:07:51.000+05:30,15.659,271.15,735.5166666666667,2018-05-04,0,6,5
2_39_125_21_2018-05-04 00:54:27.790257,2-39-125-21,0002,2018-05-04T00:54:28.000+05:30,2018-05-04T05:17:53.000+05:30,2018-05-04T05:17:58.000+05:30,13.917,263.4166666666667,263.5,2018-05-04,0,6,5
2_39_95_27_2018-05-04 01:21:30.817410,2-39-95-27,0002,2018-05-04T01:21:31.000+05:30,2018-05-04T01:28:16.000+05:30,2018-05-04T01:28:20.000+05:30,0.661,6.75,6.816666666666666,2018-05-04,1,6,5
2_39_127_19_2018-05-04 01:30:01.976517,2-39-127-19,0002,2018-05-04T01:30:02.000+05:30,2018-05-04T03:23:35.000+05:30,2018-05-04T03:23:40.000+05:30,12.014,113.55,113.63333333333334,2018-05-04,1,6,5
2_39_129_563_2018-05-04 01:47:03.286721,2-39-129-563,0002,2018-05-04T01:47:03.000+05:30,2018-05-04T02:40:42.000+05:30,2018-05-04T02:59:06.000+05:30,3.356,53.65,72.05,2018-05-04,1,6,5
2_39_129_17_2018-05-04 01:51:45.226345,2-39-129-17,0002,2018-05-04T01:51:45.000+05:30,2018-05-04T03:33:33.000+05:30,2018-05-04T03:53:12.000+05:30,10.121,101.8,121.45,2018-05-04,1,6,5
2_39_138_29_2018-05-04 02:51:36.037420,2-39-138-29,0002,2018-05-04T02:51:36.000+05:30,2018-05-04T03:20:43.000+05:30,2018-05-04T03:21:02.000+05:30,2.954,29.116666666666667,29.433333333333334,2018-05-04,2,6,5
2_39_95_27_2018-05-04 03:01:32.356397,2-39-95-27,0002,2018-05-04T03:01:32.000+05:30,2018-05-04T05:51:11.000+05:30,2018-05-04T05:51:15.000+05:30,10.211,169.65,169.71666666666667,2018-05-04,3,6,5
2_39_139_28_2018-05-04 03:15:26.362613,2-39-139-28,0002,2018-05-04T03:15:26.000+05:30,2018-05-04T04:47:11.000+05:30,2018-05-04T04:47:15.000+05:30,7.978,91.75,91.81666666666666,2018-05-04,3,6,5
2_39_79_378_2018-05-04 03:24:59.597398,2-39-79-378,0002,2018-05-04T03:25:00.000+05:30,2018-05-04T05:32:41.000+05:30,2018-05-04T14:34:50.000+05:30,6.577,127.68333333333334,669.8333333333334,2018-05-04,3,6,5
2_39_131_30_2018-05-04 03:28:42.384551,2-39-131-30,0002,2018-05-04T03:28:42.000+05:30,2018-05-04T05:21:40.000+05:30,2018-05-04T05:21:44.000+05:30,6.156,112.96666666666667,113.03333333333333,2018-05-04,3,6,5
2_39_129_17_2018-05-04 04:42:15.415543,2-39-129-17,0002,2018-05-04T04:42:15.000+05:30,2018-05-04T14:26:04.000+05:30,2018-05-04T14:25:37.000+05:30,13.991,583.8166666666667,583.3666666666667,2018-05-04,4,6,5
2_39_79_376_2018-05-04 05:34:21.329854,2-39-79-376,0002,2018-05-04T05:34:21.000+05:30,2018-05-04T06:20:35.000+05:30,2018-05-04T06:21:07.000+05:30,4.684,46.233333333333334,46.766666666666666,2018-05-04,5,6,5
2_39_131_30_2018-05-04 05:59:10.570222,2-39-131-30,0002,2018-05-04T05:59:11.000+05:30,2018-05-04T21:42:22.000+05:30,2018-05-07T14:53:34.000+05:30,14.019,943.1833333333333,4854.383333333333,2018-05-04,5,6,5
2_39_79_377_2018-05-04 11:46:40.375754,2-39-79-377,0002,2018-05-04T11:46:40.000+05:30,2018-05-04T15:21:53.000+05:30,2018-05-04T21:27:20.000+05:30,11.609,215.21666666666667,580.6666666666666,2018-05-04,11,6,5
2_39_139_28_2018-05-04 12:24:38.546177,2-39-139-28,0002,2018-05-04T12:24:39.000+05:30,2018-05-04T12:50:30.000+05:30,2018-05-04T12:51:06.000+05:30,2.98,25.85,26.45,2018-05-04,12,6,5
2_39_92_436_2018-05-04 13:22:35.838059,2-39-92-436,0002,2018-05-04T13:22:36.000+05:30,2018-05-04T13:36:07.000+05:30,2018-05-04T13:36:11.000+05:30,1.511,13.516666666666667,13.583333333333334,2018-05-04,13,6,5
2_39_89_25_2018-05-04 13:24:20.485992,2-39-89-25,0002,2018-05-04T13:24:20.000+05:30,2018-05-04T14:37:46.000+05:30,2018-05-04T14:37:54.000+05:30,4.177,73.43333333333334,73.56666666666666,2018-05-04,13,6,5
2_39_79_379_2018-05-04 14:14:19.211101,2-39-79-379,0002,2018-05-04T14:14:19.000+05:30,2018-05-04T15:15:04.000+05:30,2018-05-04T23:52:33.000+05:30,2.73,60.75,578.2333333333333,2018-05-04,14,6,5
2_39_95_27_2018-05-04 14:18:41.193707,2-39-95-27,0002,2018-05-04T14:18:41.000+05:30,2018-05-05T00:10:26.000+05:30,2018-05-05T00:10:46.000+05:30,9.845,591.75,592.0833333333334,2018-05-04,14,6,5
2_39_79_383_2018-05-04 14:37:35.998790,2-39-79-383,0002,2018-05-04T14:37:36.000+05:30,2018-05-04T21:55:33.000+05:30,2018-05-04T22:53:09.000+05:30,21.839,437.95,495.55,2018-05-04,14,6,5
2_39_139_28_2018-05-04 14:39:04.909183,2-39-139-28,0002,2018-05-04T14:39:05.000+05:30,2018-05-05T00:06:08.000+05:30,2018-05-05T01:19:23.000+05:30,14.034,567.05,640.3,2018-05-04,14,6,5
2_39_91_437_2018-05-04 14:47:33.352455,2-39-91-437,0002,2018-05-04T14:47:33.000+05:30,2018-05-04T17:21:22.000+05:30,2018-05-04T17:21:31.000+05:30,4.048,153.81666666666666,153.96666666666667,2018-05-04,14,6,5
2_39_89_25_2018-05-04 14:57:20.550694,2-39-89-25,0002,2018-05-04T14:57:21.000+05:30,2018-05-04T17:36:20.000+05:30,2018-05-04T22:46:48.000+05:30,14.928,158.98333333333332,469.45,2018-05-04,14,6,5
2_39_90_26_2018-05-04 15:01:49.764484,2-39-90-26,0002,2018-05-04T15:01:50.000+05:30,2018-05-04T16:15:47.000+05:30,2018-05-05T00:36:23.000+05:30,3.561,73.95,574.55,2018-05-04,15,6,5
2_39_79_381_2018-05-04 15:09:15.398986,2-39-79-381,0002,2018-05-04T15:09:15.000+05:30,2018-05-04T18:06:27.000+05:30,2018-05-05T05:57:29.000+05:30,8.478,177.2,888.2333333333333,2018-05-04,15,6,5
2_39_88_24_2018-05-04 15:15:17.770700,2-39-88-24,0002,2018-05-04T15:15:18.000+05:30,2018-05-04T16:50:19.000+05:30,2018-05-04T16:50:29.000+05:30,8.321,95.01666666666667,95.18333333333334,2018-05-04,15,6,5
2_39_78_360_2018-05-04 15:16:52.229072,2-39-78-360,0002,2018-05-04T15:16:52.000+05:30,2018-05-04T19:22:37.000+05:30,2018-05-04T19:21:37.000+05:30,6.445,245.75,244.75,2018-05-04,15,6,5
2_39_129_17_2018-05-04 15:20:03.751219,2-39-129-17,0002,2018-05-04T15:20:04.000+05:30,2018-05-05T02:20:23.000+05:30,2018-05-05T02:21:39.000+05:30,13.948,660.3166666666667,661.5833333333334,2018-05-04,15,6,5
2_39_123_557_2018-05-04 15:20:27.756602,2-39-123-557,0002,2018-05-04T15:20:28.000+05:30,2018-05-04T19:59:59.000+05:30,2018-05-04T20:00:03.000+05:30,9.981,279.51666666666665,279.5833333333333,2018-05-04,15,6,5
2_39_78_367_2018-05-04 15:26:00.847656,2-39-78-367,0002,2018-05-04T15:26:01.000+05:30,2018-05-04T16:34:54.000+05:30,2018-05-04T18:54:18.000+05:30,3.173,68.88333333333334,208.28333333333333,2018-05-04,15,6,5
2_39_127_19_2018-05-04 15:26:35.698656,2-39-127-19,0002,2018-05-04T15:26:36.000+05:30,2018-05-04T18:38:18.000+05:30,2018-05-05T01:59:32.000+05:30,5.245,191.7,632.9333333333333,2018-05-04,15,6,5
2_39_124_22_2018-05-04 15:27:21.139217,2-39-124-22,0002,2018-05-04T15:27:21.000+05:30,2018-05-05T00:59:17.000+05:30,2018-05-05T01:00:16.000+05:30,13.946,571.9333333333333,572.9166666666666,2018-05-04,15,6,5
2_39_78_366_2018-05-04 15:35:06.398874,2-39-78-366,0002,2018-05-04T15:35:06.000+05:30,2018-05-04T22:47:19.000+05:30,2018-05-05T00:25:10.000+05:30,16.157,432.21666666666664,530.0666666666667,2018-05-04,15,6,5
2_39_78_365_2018-05-04 15:39:08.512581,2-39-78-365,0002,2018-05-04T15:39:09.000+05:30,2018-05-04T20:30:34.000+05:30,2018-05-04T20:30:40.000+05:30,8.714,291.4166666666667,291.51666666666665,2018-05-04,15,6,5
2_39_79_380_2018-05-04 15:40:00.167554,2-39-79-380,0002,2018-05-04T15:40:00.000+05:30,2018-05-04T23:38:29.000+05:30,2018-05-05T00:42:34.000+05:30,5.19,478.48333333333335,542.5666666666667,2018-05-04,15,6,5
2_39_92_442_2018-05-04 15:42:05.327161,2-39-92-442,0002,2018-05-04T15:42:05.000+05:30,2018-05-04T18:53:55.000+05:30,2018-05-04T20:16:45.000+05:30,8.316,191.83333333333334,274.6666666666667,2018-05-04,15,6,5
2_39_123_23_2018-05-04 15:48:44.986155,2-39-123-23,0002,2018-05-04T15:48:45.000+05:30,2018-05-04T19:05:49.000+05:30,2018-05-04T19:04:51.000+05:30,1.086,197.06666666666666,196.1,2018-05-04,15,6,5
2_39_92_436_2018-05-04 15:51:22.587643,2-39-92-436,0002,2018-05-04T15:51:23.000+05:30,2018-05-04T21:26:54.000+05:30,2018-05-04T23:28:57.000+05:30,25.556,335.51666666666665,457.56666666666666,2018-05-04,15,6,5
2_39_79_382_2018-05-04 15:52:28.244279,2-39-79-382,0002,2018-05-04T15:52:28.000+05:30,2018-05-05T01:15:11.000+05:30,2018-05-05T01:16:07.000+05:30,16.328,562.7166666666667,563.65,2018-05-04,15,6,5
2_39_79_378_2018-05-04 15:57:33.106151,2-39-79-378,0002,2018-05-04T15:57:33.000+05:30,2018-05-04T19:46:08.000+05:30,2018-05-05T00:50:06.000+05:30,7.515,228.58333333333334,532.55,2018-05-04,15,6,5
2_39_78_363_2018-05-04 16:05:43.733373,2-39-78-363,0002,2018-05-04T16:05:44.000+05:30,2018-05-04T18:49:10.000+05:30,2018-05-04T18:49:21.000+05:30,4.657,163.43333333333334,163.61666666666667,2018-05-04,16,6,5
2_39_91_441_2018-05-04 16:08:56.536445,2-39-91-441,0002,2018-05-04T16:08:57.000+05:30,2018-05-04T22:46:53.000+05:30,2018-05-04T22:46:57.000+05:30,7.305,397.93333333333334,398.0,2018-05-04,16,6,5
2_39_78_361_2018-05-04 16:14:27.576649,2-39-78-361,0002,2018-05-04T16:14:28.000+05:30,2018-05-04T20:53:11.000+05:30,2018-05-05T01:13:35.000+05:30,8.212,278.71666666666664,539.1166666666667,2018-05-04,16,6,5
2_39_89_439_2018-05-04 16:17:19.635061,2-39-89-439,0002,2018-05-04T16:17:20.000+05:30,2018-05-04T23:21:02.000+05:30,2018-05-04T23:21:06.000+05:30,35.982,423.7,423.76666666666665,2018-05-04,16,6,5
2_39_79_376_2018-05-04 16:19:46.150751,2-39-79-376,0002,2018-05-04T16:19:46.000+05:30,2018-05-04T18:04:27.000+05:30,2018-05-04T21:59:43.000+05:30,2.657,104.68333333333334,339.95,2018-05-04,16,6,5
2_39_126_20_2018-05-04 16:19:48.549531,2-39-126-20,0002,2018-05-04T16:19:49.000+05:30,2018-05-04T17:18:59.000+05:30,2018-05-05T02:43:34.000+05:30,1.212,59.166666666666664,623.75,2018-05-04,16,6,5
2_39_78_364_2018-05-04 16:25:03.943602,2-39-78-364,0002,2018-05-04T16:25:04.000+05:30,2018-05-04T21:12:42.000+05:30,2018-05-04T21:11:45.000+05:30,6.341,287.6333333333333,286.68333333333334,2018-05-04,16,6,5
2_39_90_440_2018-05-04 16:31:02.928398,2-39-90-440,0002,2018-05-04T16:31:03.000+05:30,2018-05-04T19:08:32.000+05:30,2018-05-05T03:13:35.000+05:30,4.806,157.48333333333332,642.5333333333333,2018-05-04,16,6,5
2_39_78_362_2018-05-04 16:42:40.152177,2-39-78-362,0002,2018-05-04T16:42:40.000+05:30,2018-05-04T19:04:04.000+05:30,2018-05-04T19:03:08.000+05:30,2.264,141.4,140.46666666666667,2018-05-04,16,6,5
2_39_88_438_2018-05-04 16:55:30.775103,2-39-88-438,0002,2018-05-04T16:55:31.000+05:30,2018-05-05T01:46:23.000+05:30,2018-05-05T01:46:39.000+05:30,11.539,530.8666666666667,531.1333333333333,2018-05-04,16,6,5
2_39_88_24_2018-05-04 17:17:27.109241,2-39-88-24,0002,2018-05-04T17:17:27.000+05:30,2018-05-04T18:37:11.000+05:30,2018-05-04T18:37:21.000+05:30,2.588,79.73333333333333,79.9,2018-05-04,17,6,5
2_39_91_437_2018-05-04 17:28:12.511668,2-39-91-437,0002,2018-05-04T17:28:13.000+05:30,2018-05-04T19:48:37.000+05:30,2018-05-04T19:48:42.000+05:30,6.044,140.4,140.48333333333332,2018-05-04,17,6,5
2_39_83_386_2018-05-04 17:35:48.654136,2-39-83-386,0002,2018-05-04T17:35:49.000+05:30,2018-05-04T23:37:53.000+05:30,2018-05-04T23:37:58.000+05:30,7.637,362.06666666666666,362.15,2018-05-04,17,6,5
2_39_127_561_2018-05-04 17:54:33.446973,2-39-127-561,0002,2018-05-04T17:54:33.000+05:30,2018-05-04T21:47:27.000+05:30,2018-05-05T01:04:15.000+05:30,6.94,232.9,429.7,2018-05-04,17,6,5
2_39_138_566_2018-05-04 18:23:42.582774,2-39-138-566,0002,2018-05-04T18:23:43.000+05:30,2018-05-04T23:44:21.000+05:30,2018-05-04T23:44:25.000+05:30,9.183,320.6333333333333,320.7,2018-05-04,18,6,5
2_39_88_24_2018-05-04 18:51:46.019956,2-39-88-24,0002,2018-05-04T18:51:46.000+05:30,2018-05-04T20:02:06.000+05:30,2018-05-04T20:02:10.000+05:30,2.473,70.33333333333333,70.4,2018-05-04,18,6,5
2_39_123_23_2018-05-04 19:04:58.479537,2-39-123-23,0002,2018-05-04T19:04:58.000+05:30,2018-05-04T23:11:59.000+05:30,2018-05-04T23:11:36.000+05:30,0.934,247.01666666666668,246.63333333333333,2018-05-04,19,6,5
2_39_78_363_2018-05-04 19:08:36.642114,2-39-78-363,0002,2018-05-04T19:08:37.000+05:30,2018-05-04T19:07:40.000+05:30,2018-05-04T22:07:47.000+05:30,0.5517219235364658,,179.16666666666666,2018-05-04,19,6,5
2_39_78_360_2018-05-04 19:23:22.003265,2-39-78-360,0002,2018-05-04T19:23:22.000+05:30,2018-05-04T23:28:25.000+05:30,2018-05-04T23:32:10.000+05:30,14.889,245.05,248.8,2018-05-04,19,6,5
2_39_78_367_2018-05-04 19:23:51.897392,2-39-78-367,0002,2018-05-04T19:23:52.000+05:30,2018-05-04T19:22:52.000+05:30,2018-05-05T00:04:15.000+05:30,0.9122968936674426,,280.3833333333333,2018-05-04,19,6,5
2_39_128_18_2018-05-04 19:49:27.169880,2-39-128-18,0002,2018-05-04T19:49:27.000+05:30,2018-05-04T21:58:25.000+05:30,2018-05-04T21:58:33.000+05:30,4.753,128.96666666666667,129.1,2018-05-04,19,6,5
2_39_92_442_2018-05-04 20:37:06.340679,2-39-92-442,0002,2018-05-04T20:37:06.000+05:30,2018-05-04T21:49:37.000+05:30,2018-05-04T23:36:36.000+05:30,3.23,72.51666666666667,179.5,2018-05-04,20,6,5
2_39_91_437_2018-05-04 21:00:56.499041,2-39-91-437,0002,2018-05-04T21:00:56.000+05:30,2018-05-04T23:08:29.000+05:30,2018-05-05T02:05:53.000+05:30,6.279,127.55,304.95,2018-05-04,21,6,5
2_39_79_376_2018-05-04 23:09:08.932726,2-39-79-376,0002,2018-05-04T23:09:09.000+05:30,2018-05-05T01:19:50.000+05:30,2018-05-06T00:21:39.000+05:30,6.592,130.68333333333334,1512.5,2018-05-04,23,6,5
2_39_88_24_2018-05-04 23:17:34.271287,2-39-88-24,0002,2018-05-04T23:17:34.000+05:30,2018-05-05T00:28:44.000+05:30,2018-05-05T00:28:51.000+05:30,4.823,71.16666666666667,71.28333333333333,2018-05-04,23,6,5
2_39_128_18_2018-05-05 00:03:24.694180,2-39-128-18,0002,2018-05-05T00:03:25.000+05:30,2018-05-05T02:15:33.000+05:30,2018-05-05T02:16:05.000+05:30,7.01,132.13333333333333,132.66666666666666,2018-05-05,0,7,5
2_39_88_24_2018-05-05 00:38:01.450610,2-39-88-24,0002,2018-05-05T00:38:01.000+05:30,2018-05-05T03:43:18.000+05:30,2018-05-05T03:43:22.000+05:30,18.703,185.28333333333333,185.35,2018-05-05,0,7,5
2_39_128_562_2018-05-05 00:48:43.135322,2-39-128-562,0002,2018-05-05T00:48:43.000+05:30,2018-05-05T02:08:54.000+05:30,2018-05-05T06:22:14.000+05:30,2.568,80.18333333333334,333.51666666666665,2018-05-05,0,7,5
2_39_138_29_2018-05-05 01:00:20.448565,2-39-138-29,0002,2018-05-05T01:00:20.000+05:30,2018-05-05T02:02:52.000+05:30,2018-05-05T04:19:33.000+05:30,3.774,62.53333333333333,199.21666666666667,2018-05-05,1,7,5
2_39_95_27_2018-05-05 01:17:38.960700,2-39-95-27,0002,2018-05-05T01:17:39.000+05:30,2018-05-05T05:36:08.000+05:30,2018-05-05T21:08:47.000+05:30,28.545,258.48333333333335,1191.1333333333334,2018-05-05,1,7,5
2_39_139_28_2018-05-05 01:42:10.352869,2-39-139-28,0002,2018-05-05T01:42:10.000+05:30,2018-05-05T04:13:48.000+05:30,2018-05-05T04:30:38.000+05:30,13.922,151.63333333333333,168.46666666666667,2018-05-05,1,7,5
2_39_125_21_2018-05-05 02:02:06.818615,2-39-125-21,0002,2018-05-05T02:02:07.000+05:30,2018-05-05T04:31:08.000+05:30,2018-05-05T04:42:54.000+05:30,13.917,149.01666666666668,160.78333333333333,2018-05-05,2,7,5
2_39_129_17_2018-05-05 02:31:37.700924,2-39-129-17,0002,2018-05-05T02:31:38.000+05:30,2018-05-05T04:41:20.000+05:30,2018-05-05T04:41:25.000+05:30,13.796,129.7,129.78333333333333,2018-05-05,2,7,5
2_39_128_18_2018-05-05 02:33:09.515089,2-39-128-18,0002,2018-05-05T02:33:10.000+05:30,2018-05-05T04:41:21.000+05:30,2018-05-05T04:41:26.000+05:30,13.72,128.18333333333334,128.26666666666668,2018-05-05,2,7,5
2_39_79_378_2018-05-05 02:47:48.225006,2-39-79-378,0002,2018-05-05T02:47:48.000+05:30,2018-05-05T03:45:43.000+05:30,2018-05-05T03:45:48.000+05:30,5.428,57.916666666666664,58.0,2018-05-05,2,7,5
2_39_78_360_2018-05-05 04:02:34.536178,2-39-78-360,0002,2018-05-05T04:02:35.000+05:30,2018-05-05T04:30:06.000+05:30,2018-05-05T04:32:42.000+05:30,2.835,27.516666666666666,30.116666666666667,2018-05-05,4,7,5
2_39_79_383_2018-05-05 04:06:13.839687,2-39-79-383,0002,2018-05-05T04:06:14.000+05:30,2018-05-05T13:06:41.000+05:30,2018-05-05T19:13:54.000+05:30,39.878,540.45,907.6666666666666,2018-05-05,4,7,5
2_39_79_379_2018-05-05 04:20:02.973105,2-39-79-379,0002,2018-05-05T04:20:03.000+05:30,2018-05-05T09:13:21.000+05:30,2018-05-06T04:25:25.000+05:30,16.507,293.3,1445.3666666666666,2018-05-05,4,7,5
2_39_78_366_2018-05-05 04:21:15.095281,2-39-78-366,0002,2018-05-05T04:21:15.000+05:30,2018-05-05T12:01:20.000+05:30,2018-05-05T18:21:31.000+05:30,39.842,460.0833333333333,840.2666666666667,2018-05-05,4,7,5
2_39_92_436_2018-05-05 04:55:37.325495,2-39-92-436,0002,2018-05-05T04:55:37.000+05:30,2018-05-05T05:25:38.000+05:30,2018-05-05T06:35:19.000+05:30,1.112,30.016666666666666,99.7,2018-05-05,4,7,5
2_39_79_378_2018-05-05 04:56:35.832414,2-39-79-378,0002,2018-05-05T04:56:36.000+05:30,2018-05-05T18:26:51.000+05:30,2018-05-05T18:27:08.000+05:30,6.607,810.25,810.5333333333333,2018-05-05,4,7,5
2_39_78_367_2018-05-05 05:49:02.660703,2-39-78-367,0002,2018-05-05T05:49:03.000+05:30,2018-05-05T13:05:37.000+05:30,2018-05-05T14:01:48.000+05:30,17.111,436.56666666666666,492.75,2018-05-05,5,7,5
2_39_89_25_2018-05-05 06:01:39.784238,2-39-89-25,0002,2018-05-05T06:01:40.000+05:30,2018-05-05T09:37:40.000+05:30,2018-05-05T20:00:42.000+05:30,23.716,216.0,839.0333333333333,2018-05-05,6,7,5
2_39_79_377_2018-05-05 11:40:28.388781,2-39-79-377,0002,2018-05-05T11:40:28.000+05:30,2018-05-05T13:03:21.000+05:30,2018-05-05T13:03:27.000+05:30,4.493,82.88333333333334,82.98333333333333,2018-05-05,11,7,5
2_39_128_18_2018-05-05 12:07:30.937074,2-39-128-18,0002,2018-05-05T12:07:31.000+05:30,2018-05-05T12:39:42.000+05:30,2018-05-05T12:40:02.000+05:30,3.74,32.18333333333333,32.516666666666666,2018-05-05,12,7,5
2_39_127_19_2018-05-05 14:00:45.571701,2-39-127-19,0002,2018-05-05T14:00:46.000+05:30,2018-05-05T14:39:14.000+05:30,2018-05-05T14:39:23.000+05:30,4.01,38.46666666666667,38.61666666666667,2018-05-05,14,7,5
2_39_139_28_2018-05-05 14:38:40.755739,2-39-139-28,0002,2018-05-05T14:38:41.000+05:30,2018-05-05T18:02:05.000+05:30,2018-05-05T18:16:20.000+05:30,13.912,203.4,217.65,2018-05-05,14,7,5
2_39_79_380_2018-05-05 14:46:44.181190,2-39-79-380,0002,2018-05-05T14:46:44.000+05:30,2018-05-05T17:07:44.000+05:30,2018-05-05T23:38:55.000+05:30,15.022,141.0,532.1833333333333,2018-05-05,14,7,5
2_39_129_17_2018-05-05 14:52:24.975775,2-39-129-17,0002,2018-05-05T14:52:25.000+05:30,2018-05-05T16:00:39.000+05:30,2018-05-05T16:00:44.000+05:30,3.847,68.23333333333333,68.31666666666666,2018-05-05,14,7,5
2_39_123_23_2018-05-05 15:03:41.867372,2-39-123-23,0002,2018-05-05T15:03:42.000+05:30,2018-05-05T16:06:00.000+05:30,2018-05-05T16:06:04.000+05:30,6.94,62.3,62.36666666666667,2018-05-05,15,7,5
2_39_91_437_2018-05-05 15:10:29.077734,2-39-91-437,0002,2018-05-05T15:10:29.000+05:30,2018-05-05T16:05:39.000+05:30,2018-05-05T16:05:45.000+05:30,5.982,55.166666666666664,55.266666666666666,2018-05-05,15,7,5
2_39_79_381_2018-05-05 16:09:24.237564,2-39-79-381,0002,2018-05-05T16:09:24.000+05:30,2018-05-05T20:05:02.000+05:30,2018-05-05T20:05:06.000+05:30,21.967,235.63333333333333,235.7,2018-05-05,16,7,5
2_39_129_17_2018-05-05 16:21:01.012881,2-39-129-17,0002,2018-05-05T16:21:01.000+05:30,2018-05-05T16:34:36.000+05:30,2018-05-05T16:34:41.000+05:30,1.344,13.583333333333334,13.666666666666666,2018-05-05,16,7,5
2_39_128_18_2018-05-05 16:41:55.225862,2-39-128-18,0002,2018-05-05T16:41:55.000+05:30,2018-05-05T18:30:41.000+05:30,2018-05-05T18:30:45.000+05:30,12.381,108.76666666666667,108.83333333333333,2018-05-05,16,7,5
2_39_91_441_2018-05-05 17:03:12.465172,2-39-91-441,0002,2018-05-05T17:03:12.000+05:30,2018-05-05T18:10:54.000+05:30,2018-05-05T18:11:03.000+05:30,3.599,67.7,67.85,2018-05-05,17,7,5
2_39_91_437_2018-05-05 17:51:23.657127,2-39-91-437,0002,2018-05-05T17:51:24.000+05:30,2018-05-05T23:33:15.000+05:30,2018-05-07T00:35:31.000+05:30,37.49,341.85,1844.1166666666666,2018-05-05,17,7,5
2_39_78_365_2018-05-05 18:18:21.850072,2-39-78-365,0002,2018-05-05T18:18:22.000+05:30,2018-05-06T01:23:15.000+05:30,2018-05-06T01:23:21.000+05:30,33.013,424.8833333333333,424.98333333333335,2018-05-05,18,7,5
2_39_83_386_2018-05-05 18:20:05.276833,2-39-83-386,0002,2018-05-05T18:20:05.000+05:30,2018-05-05T23:09:12.000+05:30,2018-05-06T08:52:26.000+05:30,15.737,289.1166666666667,872.35,2018-05-05,18,7,5
2_39_138_566_2018-05-05 18:49:13.490467,2-39-138-566,0002,2018-05-05T18:49:13.000+05:30,2018-05-05T22:56:24.000+05:30,2018-05-05T22:57:12.000+05:30,13.91,247.18333333333334,247.98333333333332,2018-05-05,18,7,5
2_39_79_383_2018-05-05 19:50:25.276410,2-39-79-383,0002,2018-05-05T19:50:25.000+05:30,2018-05-05T20:29:02.000+05:30,2018-05-05T20:29:06.000+05:30,2.14,38.61666666666667,38.68333333333333,2018-05-05,19,7,5
2_39_127_19_2018-05-05 20:11:15.304599,2-39-127-19,0002,2018-05-05T20:11:15.000+05:30,2018-05-05T21:49:46.000+05:30,2018-05-05T21:49:51.000+05:30,10.737,98.51666666666667,98.6,2018-05-05,20,7,5
2_39_123_23_2018-05-05 20:16:38.010156,2-39-123-23,0002,2018-05-05T20:16:38.000+05:30,2018-05-05T21:10:49.000+05:30,2018-05-05T21:10:57.000+05:30,5.884,54.18333333333333,54.31666666666667,2018-05-05,20,7,5
2_39_78_360_2018-05-05 20:34:36.599417,2-39-78-360,0002,2018-05-05T20:34:37.000+05:30,2018-05-05T22:43:05.000+05:30,2018-05-06T00:26:36.000+05:30,7.102,128.46666666666667,231.98333333333332,2018-05-05,20,7,5
2_39_130_31_2018-05-05 21:01:17.687087,2-39-130-31,0002,2018-05-05T21:01:18.000+05:30,2018-05-05T22:21:09.000+05:30,2018-05-05T22:21:37.000+05:30,6.983,79.85,80.31666666666666,2018-05-05,21,7,5
2_39_88_24_2018-05-05 21:43:03.243022,2-39-88-24,0002,2018-05-05T21:43:03.000+05:30,2018-05-06T04:14:14.000+05:30,2018-05-06T04:36:55.000+05:30,41.913,391.18333333333334,413.8666666666667,2018-05-05,21,7,5
2_39_139_28_2018-05-05 22:01:52.476073,2-39-139-28,0002,2018-05-05T22:01:52.000+05:30,2018-05-05T23:21:56.000+05:30,2018-05-05T23:22:00.000+05:30,4.529,80.06666666666666,80.13333333333334,2018-05-05,22,7,5
2_39_95_27_2018-05-05 22:38:34.124317,2-39-95-27,0002,2018-05-05T22:38:34.000+05:30,2018-05-06T00:19:54.000+05:30,2018-05-06T00:48:01.000+05:30,10.472,101.33333333333333,129.45,2018-05-05,22,7,5
2_39_126_20_2018-05-05 22:43:36.275949,2-39-126-20,0002,2018-05-05T22:43:36.000+05:30,2018-05-06T00:12:08.000+05:30,2018-05-06T00:12:12.000+05:30,9.672,88.53333333333333,88.6,2018-05-05,22,7,5
2_39_126_20_2018-05-06 00:56:24.209671,2-39-126-20,0002,2018-05-06T00:56:24.000+05:30,2018-05-06T03:03:22.000+05:30,2018-05-06T06:04:07.000+05:30,12.903,126.96666666666667,307.71666666666664,2018-05-06,0,1,5
2_39_79_378_2018-05-06 01:20:26.216675,2-39-79-378,0002,2018-05-06T01:20:26.000+05:30,2018-05-07T03:38:56.000+05:30,2018-05-07T23:42:57.000+05:30,6.9,1578.5,2782.516666666667,2018-05-06,1,1,5
2_39_78_367_2018-05-06 01:59:41.719902,2-39-78-367,0002,2018-05-06T01:59:42.000+05:30,2018-05-06T05:00:28.000+05:30,2018-05-06T05:00:32.000+05:30,10.879,180.76666666666668,180.83333333333334,2018-05-06,1,1,5
2_39_78_366_2018-05-06 02:06:48.920196,2-39-78-366,0002,2018-05-06T02:06:49.000+05:30,2018-05-06T02:27:31.000+05:30,2018-05-06T02:27:42.000+05:30,2.302,20.7,20.883333333333333,2018-05-06,2,1,5
2_39_139_28_2018-05-06 02:17:22.007560,2-39-139-28,0002,2018-05-06T02:17:22.000+05:30,2018-05-06T05:03:35.000+05:30,2018-05-06T05:14:30.000+05:30,13.919,166.21666666666667,177.13333333333333,2018-05-06,2,1,5
2_39_129_17_2018-05-06 03:17:24.542130,2-39-129-17,0002,2018-05-06T03:17:25.000+05:30,2018-05-06T04:28:12.000+05:30,2018-05-06T04:28:17.000+05:30,8.065,70.78333333333333,70.86666666666666,2018-05-06,3,1,5
2_39_124_558_2018-05-06 04:24:58.711889,2-39-124-558,0002,2018-05-06T04:24:59.000+05:30,2018-05-06T06:40:20.000+05:30,2018-05-06T20:25:32.000+05:30,7.364,135.35,960.55,2018-05-06,4,1,5
2_39_129_17_2018-05-06 05:38:57.079839,2-39-129-17,0002,2018-05-06T05:38:57.000+05:30,2018-05-06T14:29:49.000+05:30,2018-05-06T14:35:44.000+05:30,13.967,530.8666666666667,536.7833333333333,2018-05-06,5,1,5
2_39_89_25_2018-05-06 05:47:24.300976,2-39-89-25,0002,2018-05-06T05:47:24.000+05:30,2018-05-06T05:53:58.000+05:30,2018-05-06T05:54:02.000+05:30,0.69,6.566666666666666,6.633333333333334,2018-05-06,5,1,5
2_39_139_28_2018-05-06 08:49:59.279813,2-39-139-28,0002,2018-05-06T08:49:59.000+05:30,2018-05-06T16:47:39.000+05:30,2018-05-06T16:47:20.000+05:30,13.909,477.6666666666667,477.35,2018-05-06,8,1,5
2_39_78_367_2018-05-06 09:14:12.491915,2-39-78-367,0002,2018-05-06T09:14:12.000+05:30,2018-05-06T13:05:53.000+05:30,2018-05-06T13:06:25.000+05:30,13.729,231.68333333333334,232.21666666666667,2018-05-06,9,1,5
2_39_89_25_2018-05-06 15:45:43.742822,2-39-89-25,0002,2018-05-06T15:45:44.000+05:30,2018-05-06T17:40:32.000+05:30,2018-05-06T17:40:36.000+05:30,6.814,114.8,114.86666666666666,2018-05-06,15,1,5
2_39_78_366_2018-05-06 16:13:04.844324,2-39-78-366,0002,2018-05-06T16:13:05.000+05:30,2018-05-06T19:51:11.000+05:30,2018-05-06T19:51:16.000+05:30,24.198,218.1,218.18333333333334,2018-05-06,16,1,5
2_39_128_18_2018-05-06 16:24:55.111425,2-39-128-18,0002,2018-05-06T16:24:55.000+05:30,2018-05-06T18:54:24.000+05:30,2018-05-06T19:06:37.000+05:30,13.917,149.48333333333332,161.7,2018-05-06,16,1,5
2_39_79_379_2018-05-06 16:41:52.030281,2-39-79-379,0002,2018-05-06T16:41:52.000+05:30,2018-05-06T18:17:31.000+05:30,2018-05-06T19:33:02.000+05:30,4.961,95.65,171.16666666666666,2018-05-06,16,1,5
2_39_138_566_2018-05-06 17:04:10.958656,2-39-138-566,0002,2018-05-06T17:04:11.000+05:30,2018-05-06T21:03:44.000+05:30,2018-05-06T21:04:22.000+05:30,13.902,239.55,240.18333333333334,2018-05-06,17,1,5
2_39_89_25_2018-05-06 18:59:01.323534,2-39-89-25,0002,2018-05-06T18:59:01.000+05:30,2018-05-06T19:16:25.000+05:30,2018-05-06T19:16:29.000+05:30,1.87,17.4,17.466666666666665,2018-05-06,18,1,5
2_39_89_25_2018-05-06 19:44:52.009735,2-39-89-25,0002,2018-05-06T19:44:52.000+05:30,2018-05-06T20:17:02.000+05:30,2018-05-06T20:17:07.000+05:30,3.517,32.166666666666664,32.25,2018-05-06,19,1,5
2_39_129_17_2018-05-06 20:24:01.841506,2-39-129-17,0002,2018-05-06T20:24:02.000+05:30,2018-05-06T20:40:50.000+05:30,2018-05-06T20:40:55.000+05:30,1.831,16.8,16.883333333333333,2018-05-06,20,1,5
2_39_128_18_2018-05-06 21:07:47.837900,2-39-128-18,0002,2018-05-06T21:07:48.000+05:30,2018-05-06T21:29:36.000+05:30,2018-05-06T21:29:40.000+05:30,2.373,21.8,21.866666666666667,2018-05-06,21,1,5
2_39_90_440_2018-05-06 22:05:33.281900,2-39-90-440,0002,2018-05-06T22:05:33.000+05:30,2018-05-06T23:50:38.000+05:30,2018-05-07T00:00:53.000+05:30,10.605,105.08333333333333,115.33333333333333,2018-05-06,22,1,5
2_39_79_383_2018-05-06 22:47:29.088570,2-39-79-383,0002,2018-05-06T22:47:29.000+05:30,2018-05-07T00:38:36.000+05:30,2018-05-07T00:38:41.000+05:30,6.014,111.11666666666666,111.2,2018-05-06,22,1,5
2_39_127_19_2018-05-06 23:49:23.355584,2-39-127-19,0002,2018-05-06T23:49:23.000+05:30,2018-05-07T00:48:06.000+05:30,2018-05-07T00:48:10.000+05:30,6.516,58.71666666666667,58.78333333333333,2018-05-06,23,1,5
2_39_129_17_2018-05-07 00:18:18.612460,2-39-129-17,0002,2018-05-07T00:18:19.000+05:30,2018-05-07T02:38:16.000+05:30,2018-05-07T02:37:17.000+05:30,13.896,139.95,138.96666666666667,2018-05-07,0,2,5
2_39_79_381_2018-05-07 00:42:10.658967,2-39-79-381,0002,2018-05-07T00:42:11.000+05:30,2018-05-07T05:42:35.000+05:30,2018-05-07T05:42:39.000+05:30,17.012,300.4,300.46666666666664,2018-05-07,0,2,5
2_39_138_566_2018-05-07 00:43:24.538993,2-39-138-566,0002,2018-05-07T00:43:25.000+05:30,2018-05-07T04:19:23.000+05:30,2018-05-07T05:59:35.000+05:30,12.847,215.96666666666667,316.1666666666667,2018-05-07,0,2,5
2_39_127_19_2018-05-07 01:06:41.691462,2-39-127-19,0002,2018-05-07T01:06:42.000+05:30,2018-05-07T04:10:00.000+05:30,2018-05-07T04:10:04.000+05:30,10.671,183.3,183.36666666666667,2018-05-07,1,2,5
2_39_139_28_2018-05-07 01:15:13.458521,2-39-139-28,0002,2018-05-07T01:15:13.000+05:30,2018-05-07T03:41:01.000+05:30,2018-05-07T04:16:10.000+05:30,13.882,145.8,180.95,2018-05-07,1,2,5
2_39_124_22_2018-05-07 01:29:10.068137,2-39-124-22,0002,2018-05-07T01:29:10.000+05:30,2018-05-07T02:48:10.000+05:30,2018-05-07T02:48:15.000+05:30,8.849,79.0,79.08333333333333,2018-05-07,1,2,5
2_39_138_29_2018-05-07 01:34:26.712962,2-39-138-29,0002,2018-05-07T01:34:27.000+05:30,2018-05-07T01:52:18.000+05:30,2018-05-07T01:52:22.000+05:30,1.93,17.85,17.916666666666668,2018-05-07,1,2,5
2_39_79_379_2018-05-07 01:55:47.655806,2-39-79-379,0002,2018-05-07T01:55:48.000+05:30,2018-05-07T03:59:31.000+05:30,2018-05-07T03:59:36.000+05:30,7.091,123.71666666666667,123.8,2018-05-07,1,2,5
2_39_79_376_2018-05-07 02:08:38.595809,2-39-79-376,0002,2018-05-07T02:08:39.000+05:30,2018-05-07T04:29:10.000+05:30,2018-05-07T04:29:14.000+05:30,16.038,140.51666666666668,140.58333333333334,2018-05-07,2,2,5
2_39_138_29_2018-05-07 02:11:45.091505,2-39-138-29,0002,2018-05-07T02:11:45.000+05:30,2018-05-07T04:35:07.000+05:30,2018-05-07T04:34:09.000+05:30,13.899,143.36666666666667,142.4,2018-05-07,2,2,5
2_39_129_17_2018-05-07 03:27:59.271923,2-39-129-17,0002,2018-05-07T03:27:59.000+05:30,2018-05-07T15:50:36.000+05:30,2018-05-07T20:47:52.000+05:30,14.352,742.6166666666667,1039.8833333333334,2018-05-07,3,2,5
2_39_127_19_2018-05-07 06:27:32.338186,2-39-127-19,0002,2018-05-07T06:27:32.000+05:30,2018-05-07T07:04:23.000+05:30,2018-05-07T07:04:35.000+05:30,4.109,36.85,37.05,2018-05-07,6,2,5
2_39_78_366_2018-05-07 11:51:15.633382,2-39-78-366,0002,2018-05-07T11:51:16.000+05:30,2018-05-07T20:49:58.000+05:30,2018-05-07T20:53:36.000+05:30,16.71257915173136,538.7,542.3333333333334,2018-05-07,11,2,5
2_39_138_566_2018-05-07 11:53:09.795315,2-39-138-566,0002,2018-05-07T11:53:10.000+05:30,2018-05-08T05:48:09.000+05:30,2018-05-08T05:48:57.000+05:30,15.545343611111111,1074.9833333333333,1075.7833333333333,2018-05-07,11,2,5
2_39_123_23_2018-05-07 13:18:55.316809,2-39-123-23,0002,2018-05-07T13:18:55.000+05:30,2018-05-07T14:27:57.000+05:30,2018-05-07T14:28:01.000+05:30,3.768,69.03333333333333,69.1,2018-05-07,13,2,5
2_39_78_365_2018-05-07 14:13:13.121412,2-39-78-365,0002,2018-05-07T14:13:13.000+05:30,2018-05-07T15:50:29.000+05:30,2018-05-07T23:59:28.000+05:30,14.158336320192879,97.26666666666667,586.25,2018-05-07,14,2,5
2_39_79_379_2018-05-07 14:13:13.961273,2-39-79-379,0002,2018-05-07T14:13:14.000+05:30,2018-05-07T15:00:22.000+05:30,2018-05-07T23:53:02.000+05:30,1.647,47.13333333333333,579.8,2018-05-07,14,2,5
2_39_139_28_2018-05-07 14:38:17.789708,2-39-139-28,0002,2018-05-07T14:38:18.000+05:30,2018-05-08T01:14:53.000+05:30,2018-05-08T01:15:01.000+05:30,27.683,636.5833333333334,636.7166666666667,2018-05-07,14,2,5
2_39_91_437_2018-05-07 14:47:57.413190,2-39-91-437,0002,2018-05-07T14:47:57.000+05:30,2018-05-07T22:48:35.000+05:30,2018-05-07T22:58:09.000+05:30,23.572,480.6333333333333,490.2,2018-05-07,14,2,5
2_39_78_362_2018-05-07 14:54:35.762620,2-39-78-362,0002,2018-05-07T14:54:36.000+05:30,2018-05-07T23:48:29.000+05:30,2018-05-07T23:47:29.000+05:30,9.091058841090849,533.8833333333333,532.8833333333333,2018-05-07,14,2,5
2_39_79_383_2018-05-07 14:54:43.776112,2-39-79-383,0002,2018-05-07T14:54:44.000+05:30,2018-05-07T15:50:36.000+05:30,2018-05-08T00:02:05.000+05:30,2.814,55.86666666666667,547.35,2018-05-07,14,2,5
2_39_79_382_2018-05-07 14:55:40.831208,2-39-79-382,0002,2018-05-07T14:55:41.000+05:30,2018-05-07T15:50:36.000+05:30,2018-05-08T00:03:07.000+05:30,9.455,54.916666666666664,547.4333333333333,2018-05-07,14,2,5
2_39_79_380_2018-05-07 15:04:06.994030,2-39-79-380,0002,2018-05-07T15:04:07.000+05:30,2018-05-07T21:46:15.000+05:30,2018-05-07T21:46:20.000+05:30,12.147,402.1333333333333,402.21666666666664,2018-05-07,15,2,5
2_39_79_381_2018-05-07 15:07:32.699560,2-39-79-381,0002,2018-05-07T15:07:33.000+05:30,2018-05-08T00:42:13.000+05:30,2018-05-08T00:47:33.000+05:30,17.31,574.6666666666666,580.0,2018-05-07,15,2,5
2_39_79_376_2018-05-07 15:10:44.521023,2-39-79-376,0002,2018-05-07T15:10:45.000+05:30,2018-05-07T23:11:08.000+05:30,2018-05-08T00:25:14.000+05:30,13.794,480.3833333333333,554.4833333333333,2018-05-07,15,2,5
2_39_78_360_2018-05-07 15:14:22.010868,2-39-78-360,0002,2018-05-07T15:14:22.000+05:30,2018-05-07T15:50:36.000+05:30,2018-05-07T23:40:04.000+05:30,5.239268219831859,36.233333333333334,505.7,2018-05-07,15,2,5
2_39_128_18_2018-05-07 15:15:53.822599,2-39-128-18,0002,2018-05-07T15:15:54.000+05:30,2018-05-07T15:42:17.000+05:30,2018-05-08T00:14:39.000+05:30,0.865,26.383333333333333,538.75,2018-05-07,15,2,5
2_39_78_361_2018-05-07 15:18:07.933517,2-39-78-361,0002,2018-05-07T15:18:08.000+05:30,2018-05-07T23:18:21.000+05:30,2018-05-08T00:33:48.000+05:30,4.898,480.21666666666664,555.6666666666666,2018-05-07,15,2,5
2_39_89_25_2018-05-07 15:19:17.093288,2-39-89-25,0002,2018-05-07T15:19:17.000+05:30,2018-05-07T15:50:35.000+05:30,2018-05-08T02:26:09.000+05:30,1.761,31.3,666.8666666666667,2018-05-07,15,2,5
2_39_95_27_2018-05-07 15:20:25.988095,2-39-95-27,0002,2018-05-07T15:20:26.000+05:30,2018-05-07T23:20:09.000+05:30,2018-05-08T00:17:57.000+05:30,8.413,479.71666666666664,537.5166666666667,2018-05-07,15,2,5
2_39_123_23_2018-05-07 15:21:18.503581,2-39-123-23,0002,2018-05-07T15:21:18.000+05:30,2018-05-07T23:32:45.000+05:30,2018-05-08T00:48:01.000+05:30,46.331,491.45,566.7166666666667,2018-05-07,15,2,5
2_39_138_29_2018-05-07 15:23:22.319967,2-39-138-29,0002,2018-05-07T15:23:22.000+05:30,2018-05-07T22:37:54.000+05:30,2018-05-07T22:37:58.000+05:30,9.486,434.53333333333336,434.6,2018-05-07,15,2,5
2_39_92_442_2018-05-07 15:25:50.974177,2-39-92-442,0002,2018-05-07T15:25:51.000+05:30,2018-05-07T22:29:28.000+05:30,2018-05-08T01:33:38.000+05:30,6.85,423.6166666666667,607.7833333333333,2018-05-07,15,2,5
2_39_131_30_2018-05-07 15:28:59.669352,2-39-131-30,0002,2018-05-07T15:29:00.000+05:30,2018-05-07T22:37:57.000+05:30,2018-05-07T22:38:05.000+05:30,5.372,428.95,429.0833333333333,2018-05-07,15,2,5
2_39_130_31_2018-05-07 15:32:08.115597,2-39-130-31,0002,2018-05-07T15:32:08.000+05:30,2018-05-07T23:48:16.000+05:30,2018-05-07T23:49:31.000+05:30,20.437,496.1333333333333,497.3833333333333,2018-05-07,15,2,5
2_39_78_367_2018-05-07 15:36:20.026323,2-39-78-367,0002,2018-05-07T15:36:20.000+05:30,2018-05-07T22:01:08.000+05:30,2018-05-07T22:01:14.000+05:30,3.579,384.8,384.9,2018-05-07,15,2,5
2_39_124_22_2018-05-07 15:45:25.254075,2-39-124-22,0002,2018-05-07T15:45:25.000+05:30,2018-05-08T00:18:04.000+05:30,2018-05-08T00:29:16.000+05:30,11.887,512.65,523.85,2018-05-07,15,2,5
2_39_78_364_2018-05-07 15:45:29.362665,2-39-78-364,0002,2018-05-07T15:45:29.000+05:30,2018-05-07T15:50:27.000+05:30,2018-05-08T00:28:51.000+05:30,10.27292562725841,4.966666666666667,523.3666666666667,2018-05-07,15,2,5
2_39_90_440_2018-05-07 15:50:28.687458,2-39-90-440,0002,2018-05-07T15:50:29.000+05:30,2018-05-07T22:58:33.000+05:30,2018-05-07T23:31:20.000+05:30,6.408,428.06666666666666,460.85,2018-05-07,15,2,5
2_39_89_439_2018-05-07 20:47:49.332393,2-39-89-439,0002,2018-05-07T20:47:49.000+05:30,2018-05-07T20:47:49.000+05:30,2018-05-08T01:32:46.000+05:30,3.87,0.0,284.95,2018-05-07,20,2,5
2_39_125_21_2018-05-07 20:47:49.457562,2-39-125-21,0002,2018-05-07T20:47:49.000+05:30,2018-05-07T22:24:56.000+05:30,2018-05-07T23:52:21.000+05:30,7.642,97.11666666666666,184.53333333333333,2018-05-07,20,2,5
2_39_123_557_2018-05-07 20:47:49.590359,2-39-123-557,0002,2018-05-07T20:47:50.000+05:30,2018-05-08T00:22:05.000+05:30,2018-05-08T10:29:41.000+05:30,2.536,214.25,821.85,2018-05-07,20,2,5
2_39_95_444_2018-05-07 20:47:49.723651,2-39-95-444,0002,2018-05-07T20:47:50.000+05:30,2018-05-08T00:50:24.000+05:30,2018-05-08T00:50:29.000+05:30,14.295,242.56666666666666,242.65,2018-05-07,20,2,5
2_39_127_19_2018-05-07 20:47:50.396475,2-39-127-19,0002,2018-05-07T20:47:50.000+05:30,2018-05-07T21:49:28.000+05:30,2018-05-08T01:45:04.000+05:30,1.585,61.63333333333333,297.23333333333335,2018-05-07,20,2,5
2_39_139_567_2018-05-07 20:47:50.862655,2-39-139-567,0002,2018-05-07T20:47:51.000+05:30,2018-05-07T20:47:50.000+05:30,2018-05-08T02:16:00.000+05:30,14.967,,328.15,2018-05-07,20,2,5
2_39_88_24_2018-05-07 20:47:51.748001,2-39-88-24,0002,2018-05-07T20:47:52.000+05:30,2018-05-07T20:55:02.000+05:30,2018-05-07T20:54:03.000+05:30,2.42,7.166666666666667,6.183333333333334,2018-05-07,20,2,5
2_39_91_441_2018-05-07 20:47:53.844319,2-39-91-441,0002,2018-05-07T20:47:54.000+05:30,2018-05-07T22:45:58.000+05:30,2018-05-08T01:03:16.000+05:30,8.984,118.06666666666666,255.36666666666667,2018-05-07,20,2,5
2_39_130_564_2018-05-07 20:47:54.862344,2-39-130-564,0002,2018-05-07T20:47:55.000+05:30,2018-05-08T00:58:55.000+05:30,2018-05-08T00:57:56.000+05:30,13.932,251.0,250.01666666666668,2018-05-07,20,2,5
2_39_90_26_2018-05-07 20:47:55.140558,2-39-90-26,0002,2018-05-07T20:47:55.000+05:30,2018-05-07T20:47:55.000+05:30,2018-05-08T03:02:19.000+05:30,2.628,0.0,374.4,2018-05-07,20,2,5
2_39_78_363_2018-05-07 20:48:27.988148,2-39-78-363,0002,2018-05-07T20:48:28.000+05:30,2018-05-08T00:12:20.000+05:30,2018-05-08T00:12:24.000+05:30,12.484,203.86666666666667,203.93333333333334,2018-05-07,20,2,5
2_39_79_377_2018-05-07 20:51:07.782441,2-39-79-377,0002,2018-05-07T20:51:08.000+05:30,2018-05-07T21:42:09.000+05:30,2018-05-07T21:42:14.000+05:30,1.016,51.016666666666666,51.1,2018-05-07,20,2,5
2_39_88_24_2018-05-07 20:54:07.311577,2-39-88-24,0002,2018-05-07T20:54:07.000+05:30,2018-05-07T21:58:50.000+05:30,2018-05-07T21:58:53.000+05:30,1.539,64.71666666666667,64.76666666666667,2018-05-07,20,2,5
2_39_78_366_2018-05-07 20:59:27.886134,2-39-78-366,0002,2018-05-07T20:59:28.000+05:30,2018-05-07T22:46:08.000+05:30,2018-05-07T22:46:14.000+05:30,3.065,106.66666666666667,106.76666666666667,2018-05-07,20,2,5
2_39_79_377_2018-05-07 21:43:40.120926,2-39-79-377,0002,2018-05-07T21:43:40.000+05:30,2018-05-07T22:42:38.000+05:30,2018-05-07T22:42:43.000+05:30,1.376,58.96666666666667,59.05,2018-05-07,21,2,5
2_39_88_24_2018-05-07 23:00:13.545534,2-39-88-24,0002,2018-05-07T23:00:14.000+05:30,2018-05-08T02:03:24.000+05:30,2018-05-08T02:03:28.000+05:30,18.754,183.16666666666666,183.23333333333332,2018-05-07,23,2,5
2_39_79_379_2018-05-08 00:09:42.641565,2-39-79-379,0002,2018-05-08T00:09:43.000+05:30,2018-05-08T02:04:19.000+05:30,2018-05-08T02:04:23.000+05:30,6.399,114.6,114.66666666666667,2018-05-08,0,3,5
2_39_131_30_2018-05-08 00:25:32.559710,2-39-131-30,0002,2018-05-08T00:25:33.000+05:30,2018-05-08T11:51:25.000+05:30,2018-05-08T13:11:05.000+05:30,13.968,685.8666666666667,765.5333333333333,2018-05-08,0,3,5
2_39_129_17_2018-05-08 00:52:16.067536,2-39-129-17,0002,2018-05-08T00:52:16.000+05:30,2018-05-08T03:29:18.000+05:30,2018-05-08T03:54:04.000+05:30,13.919,157.03333333333333,181.8,2018-05-08,0,3,5
2_39_130_564_2018-05-08 00:58:04.271170,2-39-130-564,0002,2018-05-08T00:58:04.000+05:30,2018-05-08T01:21:30.000+05:30,2018-05-08T02:10:43.000+05:30,1.895,23.433333333333334,72.65,2018-05-08,0,3,5
2_39_125_21_2018-05-08 01:13:07.662681,2-39-125-21,0002,2018-05-08T01:13:08.000+05:30,2018-05-08T02:14:40.000+05:30,2018-05-08T03:17:08.000+05:30,6.161,61.53333333333333,124.0,2018-05-08,1,3,5
2_39_139_28_2018-05-08 01:17:07.362704,2-39-139-28,0002,2018-05-08T01:17:07.000+05:30,2018-05-08T03:27:17.000+05:30,2018-05-08T04:13:48.000+05:30,7.027,130.16666666666666,176.68333333333334,2018-05-08,1,3,5
2_39_95_27_2018-05-08 01:18:50.113486,2-39-95-27,0002,2018-05-08T01:18:50.000+05:30,2018-05-08T01:27:18.000+05:30,2018-05-08T01:27:22.000+05:30,0.823,8.466666666666667,8.533333333333333,2018-05-08,1,3,5
2_39_78_360_2018-05-08 01:44:55.169977,2-39-78-360,0002,2018-05-08T01:44:55.000+05:30,2018-05-08T03:31:20.000+05:30,2018-05-08T03:31:21.000+05:30,11.965,106.41666666666667,106.43333333333334,2018-05-08,1,3,5
2_39_127_19_2018-05-08 01:46:42.477648,2-39-127-19,0002,2018-05-08T01:46:42.000+05:30,2018-05-08T03:44:39.000+05:30,2018-05-08T03:44:44.000+05:30,13.217,117.95,118.03333333333333,2018-05-08,1,3,5
2_39_138_29_2018-05-08 02:24:05.959372,2-39-138-29,0002,2018-05-08T02:24:06.000+05:30,2018-05-08T05:32:55.000+05:30,2018-05-08T05:33:00.000+05:30,10.405,188.81666666666666,188.9,2018-05-08,2,3,5
2_39_125_21_2018-05-08 03:25:28.304874,2-39-125-21,0002,2018-05-08T03:25:28.000+05:30,2018-05-08T05:20:59.000+05:30,2018-05-08T05:21:04.000+05:30,12.924,115.51666666666667,115.6,2018-05-08,3,3,5
2_39_91_437_2018-05-08 03:54:23.442851,2-39-91-437,0002,2018-05-08T03:54:23.000+05:30,2018-05-08T07:26:47.000+05:30,2018-05-08T16:40:20.000+05:30,22.734,212.4,765.95,2018-05-08,3,3,5
2_39_79_379_2018-05-08 03:54:59.318476,2-39-79-379,0002,2018-05-08T03:54:59.000+05:30,2018-05-08T05:58:43.000+05:30,2018-05-08T16:33:34.000+05:30,6.71,123.73333333333333,758.5833333333334,2018-05-08,3,3,5
2_39_79_378_2018-05-08 04:20:10.657533,2-39-79-378,0002,2018-05-08T04:20:11.000+05:30,2018-05-08T09:06:04.000+05:30,2018-05-08T15:11:03.000+05:30,16.106,285.8833333333333,650.8666666666667,2018-05-08,4,3,5
2_39_79_380_2018-05-08 04:24:27.988521,2-39-79-380,0002,2018-05-08T04:24:28.000+05:30,2018-05-08T06:41:44.000+05:30,2018-05-08T06:41:48.000+05:30,11.505,137.26666666666668,137.33333333333334,2018-05-08,4,3,5
2_39_79_376_2018-05-08 04:51:05.624435,2-39-79-376,0002,2018-05-08T04:51:06.000+05:30,2018-05-08T07:46:03.000+05:30,2018-05-10T05:32:55.000+05:30,15.448,174.95,2921.8166666666666,2018-05-08,4,3,5
2_39_92_436_2018-05-08 05:19:35.281335,2-39-92-436,0002,2018-05-08T05:19:35.000+05:30,2018-05-08T06:31:26.000+05:30,2018-05-08T06:31:30.000+05:30,8.163,71.85,71.91666666666667,2018-05-08,5,3,5
2_39_139_28_2018-05-08 05:35:37.904280,2-39-139-28,0002,2018-05-08T05:35:38.000+05:30,2018-05-08T15:03:56.000+05:30,2018-05-08T15:08:01.000+05:30,13.938,568.3,572.3833333333333,2018-05-08,5,3,5
2_39_139_567_2018-05-08 05:49:03.510202,2-39-139-567,0002,2018-05-08T05:49:04.000+05:30,2018-05-08T08:30:49.000+05:30,2018-05-08T08:30:53.000+05:30,9.365,161.75,161.81666666666666,2018-05-08,5,3,5
2_39_138_566_2018-05-08 11:54:27.203379,2-39-138-566,0002,2018-05-08T11:54:27.000+05:30,2018-05-08T13:44:19.000+05:30,2018-05-08T13:44:24.000+05:30,6.502,109.86666666666666,109.95,2018-05-08,11,3,5
2_39_79_377_2018-05-08 11:56:05.564277,2-39-79-377,0002,2018-05-08T11:56:06.000+05:30,2018-05-08T15:31:23.000+05:30,2018-05-08T15:53:04.000+05:30,11.5,215.28333333333333,236.96666666666667,2018-05-08,11,3,5
2_39_129_17_2018-05-08 13:21:19.938616,2-39-129-17,0002,2018-05-08T13:21:20.000+05:30,2018-05-08T14:31:08.000+05:30,2018-05-08T14:31:13.000+05:30,3.909,69.8,69.88333333333334,2018-05-08,13,3,5
2_39_79_380_2018-05-08 13:49:49.472501,2-39-79-380,0002,2018-05-08T13:49:49.000+05:30,2018-05-08T16:58:15.000+05:30,2018-05-08T23:05:08.000+05:30,14.997,188.43333333333334,555.3166666666667,2018-05-08,13,3,5
2_39_127_19_2018-05-08 14:04:48.479927,2-39-127-19,0002,2018-05-08T14:04:48.000+05:30,2018-05-08T19:08:38.000+05:30,2018-05-08T22:22:36.000+05:30,13.974,303.8333333333333,497.8,2018-05-08,14,3,5
2_39_78_367_2018-05-08 14:12:17.982801,2-39-78-367,0002,2018-05-08T14:12:18.000+05:30,2018-05-08T17:08:48.000+05:30,2018-05-08T22:14:25.000+05:30,11.985135902030933,176.5,482.1166666666667,2018-05-08,14,3,5
2_39_79_381_2018-05-08 14:12:21.047326,2-39-79-381,0002,2018-05-08T14:12:21.000+05:30,2018-05-08T15:15:08.000+05:30,2018-05-08T23:58:43.000+05:30,2.697,62.78333333333333,586.3666666666667,2018-05-08,14,3,5
2_39_95_27_2018-05-08 14:24:48.314736,2-39-95-27,0002,2018-05-08T14:24:48.000+05:30,2018-05-08T17:16:33.000+05:30,2018-05-09T01:16:09.000+05:30,9.628,171.75,651.35,2018-05-08,14,3,5
2_39_138_29_2018-05-08 14:35:45.794690,2-39-138-29,0002,2018-05-08T14:35:46.000+05:30,2018-05-09T00:09:59.000+05:30,2018-05-09T00:55:27.000+05:30,12.557,574.2166666666667,619.6833333333333,2018-05-08,14,3,5
2_39_79_382_2018-05-08 14:52:30.948931,2-39-79-382,0002,2018-05-08T14:52:31.000+05:30,2018-05-08T16:44:18.000+05:30,2018-05-09T03:42:00.000+05:30,6.706,111.78333333333333,769.4833333333333,2018-05-08,14,3,5
2_39_79_383_2018-05-08 14:55:10.881532,2-39-79-383,0002,2018-05-08T14:55:11.000+05:30,2018-05-08T19:44:22.000+05:30,2018-05-08T23:33:55.000+05:30,12.123,289.18333333333334,518.7333333333333,2018-05-08,14,3,5
2_39_78_366_2018-05-08 15:08:56.589703,2-39-78-366,0002,2018-05-08T15:08:57.000+05:30,2018-05-09T01:25:39.000+05:30,2018-05-09T02:43:25.000+05:30,8.214,616.7,694.4666666666667,2018-05-08,15,3,5
2_39_88_24_2018-05-08 15:08:58.724957,2-39-88-24,0002,2018-05-08T15:08:59.000+05:30,2018-05-08T19:53:22.000+05:30,2018-05-08T23:05:29.000+05:30,10.534,284.3833333333333,476.5,2018-05-08,15,3,5
2_39_92_442_2018-05-08 15:10:00.561895,2-39-92-442,0002,2018-05-08T15:10:01.000+05:30,2018-05-08T16:03:40.000+05:30,2018-05-09T00:01:01.000+05:30,2.421,53.65,531.0,2018-05-08,15,3,5
2_39_78_365_2018-05-08 15:20:15.405818,2-39-78-365,0002,2018-05-08T15:20:15.000+05:30,2018-05-08T20:37:02.000+05:30,2018-05-08T20:37:06.000+05:30,3.859,316.78333333333336,316.85,2018-05-08,15,3,5
2_39_123_557_2018-05-08 15:32:55.423716,2-39-123-557,0002,2018-05-08T15:32:55.000+05:30,2018-05-08T21:21:13.000+05:30,2018-05-08T21:39:25.000+05:30,13.986,348.3,366.5,2018-05-08,15,3,5
2_39_78_362_2018-05-08 15:34:56.454476,2-39-78-362,0002,2018-05-08T15:34:56.000+05:30,2018-05-09T00:48:41.000+05:30,2018-05-09T00:47:42.000+05:30,2.069,553.75,552.7666666666667,2018-05-08,15,3,5
2_39_78_361_2018-05-08 15:36:21.076847,2-39-78-361,0002,2018-05-08T15:36:21.000+05:30,2018-05-09T00:43:22.000+05:30,2018-05-09T00:56:57.000+05:30,10.098,547.0166666666667,560.6,2018-05-08,15,3,5
2_39_131_30_2018-05-08 15:40:02.972121,2-39-131-30,0002,2018-05-08T15:40:03.000+05:30,2018-05-08T18:09:41.000+05:30,2018-05-08T19:24:42.000+05:30,5.396,149.63333333333333,224.65,2018-05-08,15,3,5
2_39_89_25_2018-05-08 15:41:58.397540,2-39-89-25,0002,2018-05-08T15:41:58.000+05:30,2018-05-08T16:35:37.000+05:30,2018-05-09T02:35:24.000+05:30,1.713,53.65,653.4333333333333,2018-05-08,15,3,5
2_39_79_378_2018-05-08 15:42:14.446014,2-39-79-378,0002,2018-05-08T15:42:14.000+05:30,2018-05-08T19:37:49.000+05:30,2018-05-09T00:28:47.000+05:30,10.201,235.58333333333334,526.55,2018-05-08,15,3,5
2_39_78_364_2018-05-08 15:43:45.634833,2-39-78-364,0002,2018-05-08T15:43:46.000+05:30,2018-05-08T19:25:30.000+05:30,2018-05-09T00:12:54.000+05:30,1.85,221.73333333333332,509.1333333333333,2018-05-08,15,3,5
2_39_91_441_2018-05-08 15:45:31.459662,2-39-91-441,0002,2018-05-08T15:45:31.000+05:30,2018-05-08T16:35:30.000+05:30,2018-05-08T23:18:03.000+05:30,1.913,49.983333333333334,452.53333333333336,2018-05-08,15,3,5
2_39_90_440_2018-05-08 15:46:00.289825,2-39-90-440,0002,2018-05-08T15:46:00.000+05:30,2018-05-08T21:07:42.000+05:30,2018-05-09T01:03:17.000+05:30,8.51,321.7,557.2833333333333,2018-05-08,15,3,5
2_39_139_567_2018-05-08 15:52:34.219209,2-39-139-567,0002,2018-05-08T15:52:34.000+05:30,2018-05-08T18:03:46.000+05:30,2018-05-08T18:15:28.000+05:30,6.313,131.2,142.9,2018-05-08,15,3,5
2_39_129_17_2018-05-08 16:03:53.199672,2-39-129-17,0002,2018-05-08T16:03:53.000+05:30,2018-05-08T22:44:07.000+05:30,2018-05-09T00:34:52.000+05:30,3.943,400.23333333333335,510.98333333333335,2018-05-08,16,3,5
2_39_123_23_2018-05-08 16:09:29.686546,2-39-123-23,0002,2018-05-08T16:09:30.000+05:30,2018-05-08T18:03:38.000+05:30,2018-05-08T22:30:26.000+05:30,3.826,114.13333333333334,380.93333333333334,2018-05-08,16,3,5
2_39_125_21_2018-05-08 16:12:12.187081,2-39-125-21,0002,2018-05-08T16:12:12.000+05:30,2018-05-08T20:58:45.000+05:30,2018-05-09T00:26:03.000+05:30,6.655,286.55,493.85,2018-05-08,16,3,5
2_39_130_31_2018-05-08 16:13:07.600155,2-39-130-31,0002,2018-05-08T16:13:08.000+05:30,2018-05-09T04:48:26.000+05:30,2018-05-09T05:50:38.000+05:30,14.199,755.3,817.5,2018-05-08,16,3,5
2_39_95_444_2018-05-08 16:14:14.643243,2-39-95-444,0002,2018-05-08T16:14:15.000+05:30,2018-05-08T22:49:41.000+05:30,2018-05-09T02:58:33.000+05:30,17.318,395.43333333333334,644.3,2018-05-08,16,3,5
2_39_79_377_2018-05-08 16:16:26.254431,2-39-79-377,0002,2018-05-08T16:16:26.000+05:30,2018-05-08T17:42:12.000+05:30,2018-05-08T18:42:30.000+05:30,2.503,85.76666666666667,146.06666666666666,2018-05-08,16,3,5
2_39_128_18_2018-05-08 16:16:27.436645,2-39-128-18,0002,2018-05-08T16:16:27.000+05:30,2018-05-08T18:57:19.000+05:30,2018-05-08T20:59:00.000+05:30,7.759,160.86666666666667,282.55,2018-05-08,16,3,5
2_39_92_436_2018-05-08 16:21:53.229844,2-39-92-436,0002,2018-05-08T16:21:53.000+05:30,2018-05-08T19:03:27.000+05:30,2018-05-08T20:04:09.000+05:30,6.33,161.56666666666666,222.26666666666668,2018-05-08,16,3,5
2_39_78_363_2018-05-08 16:32:24.950940,2-39-78-363,0002,2018-05-08T16:32:25.000+05:30,2018-05-08T22:44:23.000+05:30,2018-05-08T22:44:27.000+05:30,6.491,371.96666666666664,372.03333333333336,2018-05-08,16,3,5
2_39_79_379_2018-05-08 16:41:03.315893,2-39-79-379,0002,2018-05-08T16:41:03.000+05:30,2018-05-08T17:53:14.000+05:30,2018-05-09T05:42:33.000+05:30,1.831,72.18333333333334,781.5,2018-05-08,16,3,5
2_39_88_438_2018-05-08 16:41:11.127642,2-39-88-438,0002,2018-05-08T16:41:11.000+05:30,2018-05-08T20:37:02.000+05:30,2018-05-09T02:28:41.000+05:30,16.053,235.85,587.5,2018-05-08,16,3,5
2_39_127_561_2018-05-08 16:55:22.463361,2-39-127-561,0002,2018-05-08T16:55:22.000+05:30,2018-05-08T19:24:51.000+05:30,2018-05-09T00:39:35.000+05:30,4.65,149.48333333333332,464.21666666666664,2018-05-08,16,3,5
2_39_128_562_2018-05-08 16:59:39.739044,2-39-128-562,0002,2018-05-08T16:59:40.000+05:30,2018-05-08T23:00:34.000+05:30,2018-05-09T02:08:44.000+05:30,11.94,360.9,549.0666666666667,2018-05-08,16,3,5
2_39_130_564_2018-05-08 17:02:34.147126,2-39-130-564,0002,2018-05-08T17:02:34.000+05:30,2018-05-08T19:14:23.000+05:30,2018-05-08T19:14:27.000+05:30,2.817,131.81666666666666,131.88333333333333,2018-05-08,17,3,5
2_39_131_30_2018-05-08 19:28:28.911165,2-39-131-30,0002,2018-05-08T19:28:29.000+05:30,2018-05-08T19:42:00.000+05:30,2018-05-08T19:42:05.000+05:30,0.694,13.516666666666667,13.6,2018-05-08,19,3,5
2_39_131_30_2018-05-08 19:44:26.623172,2-39-131-30,0002,2018-05-08T19:44:27.000+05:30,2018-05-08T22:51:01.000+05:30,2018-05-08T22:51:49.000+05:30,7.172,186.56666666666666,187.36666666666667,2018-05-08,19,3,5
2_39_79_377_2018-05-08 19:53:10.421255,2-39-79-377,0002,2018-05-08T19:53:10.000+05:30,2018-05-08T22:00:50.000+05:30,2018-05-09T02:30:23.000+05:30,6.757,127.66666666666667,397.21666666666664,2018-05-08,19,3,5
2_39_130_564_2018-05-08 20:02:04.106197,2-39-130-564,0002,2018-05-08T20:02:04.000+05:30,2018-05-08T22:45:13.000+05:30,2018-05-08T22:45:18.000+05:30,7.149,163.15,163.23333333333332,2018-05-08,20,3,5
2_39_91_437_2018-05-08 20:06:38.497174,2-39-91-437,0002,2018-05-08T20:06:38.000+05:30,2018-05-09T00:21:31.000+05:30,2018-05-09T06:54:57.000+05:30,2.556,254.88333333333333,648.3166666666667,2018-05-08,20,3,5
2_39_78_365_2018-05-08 20:46:51.455493,2-39-78-365,0002,2018-05-08T20:46:51.000+05:30,2018-05-09T00:01:01.000+05:30,2018-05-09T00:01:08.000+05:30,4.126,194.16666666666666,194.28333333333333,2018-05-08,20,3,5
2_39_127_19_2018-05-08 22:28:19.156702,2-39-127-19,0002,2018-05-08T22:28:19.000+05:30,2018-05-09T00:36:34.000+05:30,2018-05-09T01:09:57.000+05:30,12.469,128.25,161.63333333333333,2018-05-08,22,3,5
2_39_139_567_2018-05-08 22:44:57.930349,2-39-139-567,0002,2018-05-08T22:44:58.000+05:30,2018-05-09T01:09:11.000+05:30,2018-05-09T01:20:02.000+05:30,13.892,144.21666666666667,155.06666666666666,2018-05-08,22,3,5
2_39_128_18_2018-05-08 22:58:28.665622,2-39-128-18,0002,2018-05-08T22:58:29.000+05:30,2018-05-09T01:08:40.000+05:30,2018-05-09T02:50:47.000+05:30,6.794,130.18333333333334,232.3,2018-05-08,22,3,5
2_39_131_565_2018-05-08 23:25:14.500226,2-39-131-565,0002,2018-05-08T23:25:14.000+05:30,2018-05-09T03:21:28.000+05:30,2018-05-09T03:21:33.000+05:30,13.672,236.23333333333332,236.31666666666666,2018-05-08,23,3,5
2_39_79_380_2018-05-09 00:22:53.795815,2-39-79-380,0002,2018-05-09T00:22:54.000+05:30,2018-05-09T05:15:29.000+05:30,2018-05-09T13:16:15.000+05:30,16.549,292.5833333333333,773.35,2018-05-09,0,4,5
2_39_79_381_2018-05-09 00:29:39.138811,2-39-79-381,0002,2018-05-09T00:29:39.000+05:30,2018-05-09T01:46:45.000+05:30,2018-05-09T03:01:10.000+05:30,2.494,77.1,151.51666666666668,2018-05-09,0,4,5
2_39_92_442_2018-05-09 00:39:22.602495,2-39-92-442,0002,2018-05-09T00:39:23.000+05:30,2018-05-09T01:09:27.000+05:30,2018-05-09T01:09:31.000+05:30,2.918,30.066666666666666,30.133333333333333,2018-05-09,0,4,5
2_39_90_440_2018-05-09 01:23:31.127524,2-39-90-440,0002,2018-05-09T01:23:31.000+05:30,2018-05-09T05:07:22.000+05:30,2018-05-09T05:07:25.000+05:30,13.114,223.85,223.9,2018-05-09,1,4,5
2_39_131_30_2018-05-09 01:25:58.087027,2-39-131-30,0002,2018-05-09T01:25:58.000+05:30,2018-05-09T04:52:00.000+05:30,2018-05-09T04:52:04.000+05:30,12.037,206.03333333333333,206.1,2018-05-09,1,4,5
2_39_139_28_2018-05-09 01:37:24.450638,2-39-139-28,0002,2018-05-09T01:37:24.000+05:30,2018-05-09T03:47:38.000+05:30,2018-05-09T04:29:45.000+05:30,6.791,130.23333333333332,172.35,2018-05-09,1,4,5
2_39_129_17_2018-05-09 01:50:51.414946,2-39-129-17,0002,2018-05-09T01:50:51.000+05:30,2018-05-09T02:55:44.000+05:30,2018-05-09T03:47:07.000+05:30,6.562,64.88333333333334,116.26666666666667,2018-05-09,1,4,5
2_39_125_21_2018-05-09 02:04:49.312004,2-39-125-21,0002,2018-05-09T02:04:49.000+05:30,2018-05-09T02:24:31.000+05:30,2018-05-09T02:24:39.000+05:30,1.986,19.7,19.833333333333332,2018-05-09,2,4,5
2_39_138_29_2018-05-09 03:14:17.346791,2-39-138-29,0002,2018-05-09T03:14:17.000+05:30,2018-05-09T04:34:09.000+05:30,2018-05-09T04:34:13.000+05:30,9.014,79.86666666666666,79.93333333333334,2018-05-09,3,4,5
2_39_79_378_2018-05-09 03:37:44.099449,2-39-79-378,0002,2018-05-09T03:37:44.000+05:30,2018-05-09T05:41:55.000+05:30,2018-05-09T16:36:49.000+05:30,6.575,124.18333333333334,779.0833333333334,2018-05-09,3,4,5
2_39_139_567_2018-05-09 06:12:49.154060,2-39-139-567,0002,2018-05-09T06:12:49.000+05:30,2018-05-09T12:29:48.000+05:30,2018-05-09T12:38:01.000+05:30,13.914,376.98333333333335,385.2,2018-05-09,6,4,5
2_39_78_366_2018-05-09 11:47:49.002649,2-39-78-366,0002,2018-05-09T11:47:49.000+05:30,2018-05-09T20:00:57.000+05:30,2018-05-09T20:29:09.000+05:30,11.613,493.1333333333333,521.3333333333334,2018-05-09,11,4,5
2_39_131_30_2018-05-09 12:18:17.418387,2-39-131-30,0002,2018-05-09T12:18:17.000+05:30,2018-05-09T12:45:12.000+05:30,2018-05-09T12:45:25.000+05:30,3.075,26.916666666666668,27.133333333333333,2018-05-09,12,4,5
2_39_89_25_2018-05-09 13:23:15.266415,2-39-89-25,0002,2018-05-09T13:23:15.000+05:30,2018-05-09T14:24:39.000+05:30,2018-05-09T14:24:44.000+05:30,3.509,61.4,61.483333333333334,2018-05-09,13,4,5
2_39_95_27_2018-05-09 13:56:10.476963,2-39-95-27,0002,2018-05-09T13:56:10.000+05:30,2018-05-09T16:50:01.000+05:30,2018-05-10T01:03:32.000+05:30,9.892,173.85,667.3666666666667,2018-05-09,13,4,5
2_39_79_379_2018-05-09 14:16:05.096317,2-39-79-379,0002,2018-05-09T14:16:05.000+05:30,2018-05-09T15:17:11.000+05:30,2018-05-09T23:53:16.000+05:30,2.59,61.1,577.1833333333333,2018-05-09,14,4,5
2_39_78_365_2018-05-09 14:17:16.562283,2-39-78-365,0002,2018-05-09T14:17:17.000+05:30,2018-05-09T16:23:46.000+05:30,2018-05-10T00:20:45.000+05:30,7.081,126.48333333333333,603.4666666666667,2018-05-09,14,4,5
2_39_78_360_2018-05-09 14:24:32.933287,2-39-78-360,0002,2018-05-09T14:24:33.000+05:30,2018-05-09T14:51:35.000+05:30,2018-05-09T23:06:07.000+05:30,2.231,27.033333333333335,521.5666666666667,2018-05-09,14,4,5
2_39_139_28_2018-05-09 14:36:05.254666,2-39-139-28,0002,2018-05-09T14:36:05.000+05:30,2018-05-09T23:58:49.000+05:30,2018-05-10T00:45:11.000+05:30,5.888,562.7333333333333,609.1,2018-05-09,14,4,5
2_39_79_382_2018-05-09 14:52:38.238982,2-39-79-382,0002,2018-05-09T14:52:38.000+05:30,2018-05-09T16:08:25.000+05:30,2018-05-09T19:13:31.000+05:30,7.02,75.78333333333333,260.8833333333333,2018-05-09,14,4,5
2_39_79_380_2018-05-09 15:02:27.875990,2-39-79-380,0002,2018-05-09T15:02:28.000+05:30,2018-05-09T18:41:57.000+05:30,2018-05-09T19:16:58.000+05:30,10.165,219.48333333333332,254.5,2018-05-09,15,4,5
2_39_138_29_2018-05-09 15:05:58.832817,2-39-138-29,0002,2018-05-09T15:05:59.000+05:30,2018-05-09T22:10:51.000+05:30,2018-05-09T23:06:22.000+05:30,12.818,424.8666666666667,480.3833333333333,2018-05-09,15,4,5
2_39_88_24_2018-05-09 15:07:43.867261,2-39-88-24,0002,2018-05-09T15:07:44.000+05:30,2018-05-09T18:49:27.000+05:30,2018-05-09T18:49:36.000+05:30,9.715,221.71666666666667,221.86666666666667,2018-05-09,15,4,5
2_39_78_363_2018-05-09 15:21:40.460898,2-39-78-363,0002,2018-05-09T15:21:40.000+05:30,2018-05-09T17:18:43.000+05:30,2018-05-10T01:30:28.000+05:30,4.632,117.05,608.8,2018-05-09,15,4,5
2_39_78_367_2018-05-09 15:25:51.958611,2-39-78-367,0002,2018-05-09T15:25:52.000+05:30,2018-05-09T19:09:15.000+05:30,2018-05-09T19:09:26.000+05:30,12.527,223.38333333333333,223.56666666666666,2018-05-09,15,4,5
2_39_91_437_2018-05-09 15:25:55.174885,2-39-91-437,0002,2018-05-09T15:25:55.000+05:30,2018-05-09T16:27:31.000+05:30,2018-05-10T02:52:04.000+05:30,3.085,61.6,686.15,2018-05-09,15,4,5
2_39_91_441_2018-05-09 15:28:31.270249,2-39-91-441,0002,2018-05-09T15:28:31.000+05:30,2018-05-09T20:06:32.000+05:30,2018-05-10T01:59:03.000+05:30,18.489,278.01666666666665,630.5333333333333,2018-05-09,15,4,5
2_39_92_436_2018-05-09 15:29:40.201077,2-39-92-436,0002,2018-05-09T15:29:40.000+05:30,2018-05-09T17:25:09.000+05:30,2018-05-09T19:09:27.000+05:30,5.857,115.48333333333333,219.78333333333333,2018-05-09,15,4,5
2_39_92_442_2018-05-09 15:30:53.441950,2-39-92-442,0002,2018-05-09T15:30:53.000+05:30,2018-05-09T16:18:34.000+05:30,2018-05-09T22:01:29.000+05:30,2.035,47.68333333333333,390.6,2018-05-09,15,4,5
2_39_79_377_2018-05-09 15:33:23.572032,2-39-79-377,0002,2018-05-09T15:33:24.000+05:30,2018-05-09T16:55:57.000+05:30,2018-05-09T23:58:15.000+05:30,2.409,82.55,504.85,2018-05-09,15,4,5
2_39_131_30_2018-05-09 15:39:51.504250,2-39-131-30,0002,2018-05-09T15:39:51.000+05:30,2018-05-09T18:41:19.000+05:30,2018-05-09T19:44:23.000+05:30,5.258,181.46666666666667,244.53333333333333,2018-05-09,15,4,5
2_39_126_20_2018-05-09 15:44:04.847316,2-39-126-20,0002,2018-05-09T15:44:05.000+05:30,2018-05-09T23:18:30.000+05:30,2018-05-09T23:17:32.000+05:30,9.439,454.4166666666667,453.45,2018-05-09,15,4,5
2_39_78_364_2018-05-09 15:47:16.400687,2-39-78-364,0002,2018-05-09T15:47:16.000+05:30,2018-05-09T16:20:27.000+05:30,2018-05-10T15:52:10.000+05:30,4.663298984468083,33.18333333333333,1444.9,2018-05-09,15,4,5
2_39_124_22_2018-05-09 15:49:45.225327,2-39-124-22,0002,2018-05-09T15:49:45.000+05:30,2018-05-10T00:04:11.000+05:30,2018-05-10T00:05:22.000+05:30,14.034,494.43333333333334,495.6166666666667,2018-05-09,15,4,5
2_39_89_25_2018-05-09 15:52:05.088813,2-39-89-25,0002,2018-05-09T15:52:05.000+05:30,2018-05-09T16:53:02.000+05:30,2018-05-10T03:04:30.000+05:30,1.714,60.95,672.4166666666666,2018-05-09,15,4,5
2_39_79_383_2018-05-09 15:53:41.870556,2-39-79-383,0002,2018-05-09T15:53:42.000+05:30,2018-05-09T21:38:30.000+05:30,2018-05-09T23:53:14.000+05:30,26.328,344.8,479.53333333333336,2018-05-09,15,4,5
2_39_139_567_2018-05-09 15:55:50.426943,2-39-139-567,0002,2018-05-09T15:55:50.000+05:30,2018-05-09T20:16:32.000+05:30,2018-05-09T20:16:39.000+05:30,10.567,260.7,260.81666666666666,2018-05-09,15,4,5
2_39_78_361_2018-05-09 15:59:41.019142,2-39-78-361,0002,2018-05-09T15:59:41.000+05:30,2018-05-09T19:43:13.000+05:30,2018-05-09T19:43:24.000+05:30,6.706,223.53333333333333,223.71666666666667,2018-05-09,15,4,5
2_39_123_557_2018-05-09 16:03:16.021281,2-39-123-557,0002,2018-05-09T16:03:16.000+05:30,2018-05-09T18:29:39.000+05:30,2018-05-10T01:31:50.000+05:30,4.156,146.38333333333333,568.5666666666667,2018-05-09,16,4,5
2_39_95_444_2018-05-09 16:06:37.902682,2-39-95-444,0002,2018-05-09T16:06:38.000+05:30,2018-05-09T20:49:02.000+05:30,2018-05-10T00:24:52.000+05:30,10.286,282.4,498.23333333333335,2018-05-09,16,4,5
2_39_89_439_2018-05-09 16:15:11.476105,2-39-89-439,0002,2018-05-09T16:15:11.000+05:30,2018-05-09T21:26:30.000+05:30,2018-05-09T23:55:25.000+05:30,23.972,311.31666666666666,460.23333333333335,2018-05-09,16,4,5
2_39_90_440_2018-05-09 16:15:46.066303,2-39-90-440,0002,2018-05-09T16:15:46.000+05:30,2018-05-09T21:48:17.000+05:30,2018-05-10T00:48:19.000+05:30,12.027,332.51666666666665,512.55,2018-05-09,16,4,5
2_39_78_362_2018-05-09 16:17:30.719170,2-39-78-362,0002,2018-05-09T16:17:31.000+05:30,2018-05-10T00:16:31.000+05:30,2018-05-10T00:15:34.000+05:30,21.302,479.0,478.05,2018-05-09,16,4,5
2_39_123_23_2018-05-09 16:23:45.324730,2-39-123-23,0002,2018-05-09T16:23:45.000+05:30,2018-05-09T20:45:17.000+05:30,2018-05-09T23:45:07.000+05:30,9.481,261.53333333333336,441.3666666666667,2018-05-09,16,4,5
2_39_130_564_2018-05-09 16:38:44.054544,2-39-130-564,0002,2018-05-09T16:38:44.000+05:30,2018-05-10T00:26:02.000+05:30,2018-05-10T00:26:07.000+05:30,8.742,467.3,467.3833333333333,2018-05-09,16,4,5
2_39_79_378_2018-05-09 16:40:44.702741,2-39-79-378,0002,2018-05-09T16:40:45.000+05:30,2018-05-09T19:39:43.000+05:30,2018-05-09T23:16:00.000+05:30,7.471,178.96666666666667,395.25,2018-05-09,16,4,5
2_39_127_561_2018-05-09 16:50:26.875164,2-39-127-561,0002,2018-05-09T16:50:27.000+05:30,2018-05-09T22:50:37.000+05:30,2018-05-10T01:09:04.000+05:30,7.631,360.1666666666667,498.6166666666667,2018-05-09,16,4,5
2_39_131_565_2018-05-09 16:55:34.637433,2-39-131-565,0002,2018-05-09T16:55:35.000+05:30,2018-05-09T23:48:29.000+05:30,2018-05-09T23:48:37.000+05:30,11.267,412.9,413.03333333333336,2018-05-09,16,4,5
2_39_126_560_2018-05-09 19:03:37.437999,2-39-126-560,0002,2018-05-09T19:03:37.000+05:30,2018-05-09T22:21:14.000+05:30,2018-05-09T23:39:15.000+05:30,4.021,197.61666666666667,275.6333333333333,2018-05-09,19,4,5
2_39_92_436_2018-05-09 19:17:30.782110,2-39-92-436,0002,2018-05-09T19:17:31.000+05:30,2018-05-09T21:25:34.000+05:30,2018-05-10T01:07:15.000+05:30,6.807,128.05,349.73333333333335,2018-05-09,19,4,5
2_39_88_24_2018-05-09 19:35:38.274998,2-39-88-24,0002,2018-05-09T19:35:38.000+05:30,2018-05-09T20:21:44.000+05:30,2018-05-10T00:11:53.000+05:30,1.498,46.1,276.25,2018-05-09,19,4,5
2_39_125_21_2018-05-09 19:54:32.180224,2-39-125-21,0002,2018-05-09T19:54:32.000+05:30,2018-05-10T00:21:34.000+05:30,2018-05-10T00:21:39.000+05:30,13.041,267.03333333333336,267.1166666666667,2018-05-09,19,4,5
2_39_79_382_2018-05-09 20:17:56.412140,2-39-79-382,0002,2018-05-09T20:17:56.000+05:30,2018-05-09T22:56:29.000+05:30,2018-05-10T00:00:43.000+05:30,8.538,158.55,222.78333333333333,2018-05-09,20,4,5
2_39_139_567_2018-05-09 20:29:31.156499,2-39-139-567,0002,2018-05-09T20:29:31.000+05:30,2018-05-09T22:25:18.000+05:30,2018-05-10T00:55:54.000+05:30,4.457,115.78333333333333,266.3833333333333,2018-05-09,20,4,5
2_39_79_380_2018-05-09 20:46:24.760894,2-39-79-380,0002,2018-05-09T20:46:25.000+05:30,2018-05-09T21:58:00.000+05:30,2018-05-09T23:20:26.000+05:30,2.999,71.58333333333333,154.01666666666668,2018-05-09,20,4,5
2_39_78_361_2018-05-09 20:49:13.514408,2-39-78-361,0002,2018-05-09T20:49:14.000+05:30,2018-05-10T02:12:54.000+05:30,2018-05-10T02:25:52.000+05:30,16.548,323.6666666666667,336.6333333333333,2018-05-09,20,4,5
2_39_78_367_2018-05-09 20:57:12.340603,2-39-78-367,0002,2018-05-09T20:57:12.000+05:30,2018-05-09T22:18:27.000+05:30,2018-05-10T02:43:12.000+05:30,2.999,81.25,346.0,2018-05-09,20,4,5
2_39_125_559_2018-05-09 21:01:59.249564,2-39-125-559,0002,2018-05-09T21:01:59.000+05:30,2018-05-09T21:55:08.000+05:30,2018-05-09T21:55:11.000+05:30,1.135,53.15,53.2,2018-05-09,21,4,5
2_39_92_442_2018-05-09 22:31:06.091934,2-39-92-442,0002,2018-05-09T22:31:06.000+05:30,2018-05-10T00:46:55.000+05:30,2018-05-10T01:08:36.000+05:30,8.6,135.81666666666666,157.5,2018-05-09,22,4,5
2_39_78_366_2018-05-09 23:04:48.578052,2-39-78-366,0002,2018-05-09T23:04:49.000+05:30,2018-05-10T00:07:02.000+05:30,2018-05-10T00:07:10.000+05:30,3.382,62.21666666666667,62.35,2018-05-09,23,4,5
2_39_78_360_2018-05-09 23:20:36.367569,2-39-78-360,0002,2018-05-09T23:20:36.000+05:30,2018-05-10T00:52:32.000+05:30,2018-05-10T01:17:33.000+05:30,4.15,91.93333333333334,116.95,2018-05-09,23,4,5
2_39_79_378_2018-05-09 23:53:41.666315,2-39-79-378,0002,2018-05-09T23:53:42.000+05:30,2018-05-10T04:57:34.000+05:30,2018-05-10T04:57:39.000+05:30,15.69,303.8666666666667,303.95,2018-05-09,23,4,5
2_39_79_380_2018-05-10 00:03:07.092297,2-39-79-380,0002,2018-05-10T00:03:07.000+05:30,2018-05-10T01:57:55.000+05:30,2018-05-10T02:11:59.000+05:30,11.55,114.8,128.86666666666667,2018-05-10,0,5,5
2_39_79_382_2018-05-10 00:15:45.603995,2-39-79-382,0002,2018-05-10T00:15:46.000+05:30,2018-05-10T01:27:56.000+05:30,2018-05-10T01:28:02.000+05:30,2.411,72.16666666666667,72.26666666666667,2018-05-10,0,5,5
2_39_79_379_2018-05-10 00:22:45.176076,2-39-79-379,0002,2018-05-10T00:22:45.000+05:30,2018-05-10T05:01:13.000+05:30,2018-05-10T13:08:06.000+05:30,15.46,278.46666666666664,765.35,2018-05-10,0,5,5
2_39_139_28_2018-05-10 01:02:35.494630,2-39-139-28,0002,2018-05-10T01:02:35.000+05:30,2018-05-10T02:18:11.000+05:30,2018-05-10T02:18:15.000+05:30,8.25,75.6,75.66666666666667,2018-05-10,1,5,5
2_39_131_30_2018-05-10 01:12:42.428856,2-39-131-30,0002,2018-05-10T01:12:42.000+05:30,2018-05-10T04:01:30.000+05:30,2018-05-10T04:01:34.000+05:30,9.756,168.8,168.86666666666667,2018-05-10,1,5,5
2_39_89_439_2018-05-10 01:37:51.940130,2-39-89-439,0002,2018-05-10T01:37:52.000+05:30,2018-05-10T02:38:48.000+05:30,2018-05-10T03:06:40.000+05:30,1.998,60.93333333333333,88.8,2018-05-10,1,5,5
2_39_125_21_2018-05-10 01:47:52.866284,2-39-125-21,0002,2018-05-10T01:47:53.000+05:30,2018-05-10T03:51:33.000+05:30,2018-05-10T04:06:28.000+05:30,7.389,123.66666666666667,138.58333333333334,2018-05-10,1,5,5
2_39_138_29_2018-05-10 01:49:53.783140,2-39-138-29,0002,2018-05-10T01:49:54.000+05:30,2018-05-10T03:07:19.000+05:30,2018-05-10T03:07:24.000+05:30,8.419,77.41666666666667,77.5,2018-05-10,1,5,5
2_39_127_19_2018-05-10 01:50:32.816499,2-39-127-19,0002,2018-05-10T01:50:33.000+05:30,2018-05-10T02:45:31.000+05:30,2018-05-10T03:46:01.000+05:30,5.397,54.96666666666667,115.46666666666667,2018-05-10,1,5,5
2_39_78_362_2018-05-10 01:51:45.790719,2-39-78-362,0002,2018-05-10T01:51:46.000+05:30,2018-05-10T15:12:46.000+05:30,2018-05-10T15:11:48.000+05:30,4.388,801.0,800.0333333333333,2018-05-10,1,5,5
2_39_78_366_2018-05-10 02:25:07.319247,2-39-78-366,0002,2018-05-10T02:25:07.000+05:30,2018-05-10T04:13:20.000+05:30,2018-05-10T04:48:55.000+05:30,10.744,108.21666666666667,143.8,2018-05-10,2,5,5
2_39_79_381_2018-05-10 02:50:57.997427,2-39-79-381,0002,2018-05-10T02:50:58.000+05:30,2018-05-10T07:58:12.000+05:30,2018-05-10T14:31:33.000+05:30,16.145,307.23333333333335,700.5833333333334,2018-05-10,2,5,5
2_39_123_23_2018-05-10 02:57:21.240369,2-39-123-23,0002,2018-05-10T02:57:21.000+05:30,2018-05-10T03:43:47.000+05:30,2018-05-10T03:43:51.000+05:30,4.668,46.43333333333333,46.5,2018-05-10,2,5,5
2_39_139_28_2018-05-10 03:06:27.815752,2-39-139-28,0002,2018-05-10T03:06:28.000+05:30,2018-05-10T04:23:02.000+05:30,2018-05-10T04:23:06.000+05:30,3.965,76.56666666666666,76.63333333333334,2018-05-10,3,5,5
2_39_129_17_2018-05-10 03:10:19.929032,2-39-129-17,0002,2018-05-10T03:10:20.000+05:30,2018-05-10T03:57:01.000+05:30,2018-05-10T03:57:10.000+05:30,2.813,46.68333333333333,46.833333333333336,2018-05-10,3,5,5
2_39_128_562_2018-05-10 03:50:48.532189,2-39-128-562,0002,2018-05-10T03:50:49.000+05:30,2018-05-10T05:13:37.000+05:30,2018-05-10T05:21:15.000+05:30,2.549,82.8,90.43333333333334,2018-05-10,3,5,5
2_39_79_377_2018-05-10 04:48:58.607433,2-39-79-377,0002,2018-05-10T04:48:59.000+05:30,2018-05-10T06:54:50.000+05:30,2018-05-10T16:19:36.000+05:30,6.539,125.85,690.6166666666667,2018-05-10,4,5,5
2_39_91_437_2018-05-10 05:09:31.639582,2-39-91-437,0002,2018-05-10T05:09:32.000+05:30,2018-05-10T11:30:20.000+05:30,2018-05-10T13:58:22.000+05:30,41.918,380.8,528.8333333333334,2018-05-10,5,5,5
2_39_78_366_2018-05-10 12:01:23.693729,2-39-78-366,0002,2018-05-10T12:01:24.000+05:30,2018-05-10T21:15:57.000+05:30,2018-05-10T21:33:20.000+05:30,11.529,554.55,571.9333333333333,2018-05-10,12,5,5
2_39_95_27_2018-05-10 13:30:29.707624,2-39-95-27,0002,2018-05-10T13:30:30.000+05:30,2018-05-10T17:49:43.000+05:30,2018-05-11T00:40:53.000+05:30,14.403,259.21666666666664,670.3833333333333,2018-05-10,13,5,5
2_39_78_365_2018-05-10 14:11:58.262189,2-39-78-365,0002,2018-05-10T14:11:58.000+05:30,2018-05-10T16:37:01.000+05:30,2018-05-10T18:57:22.000+05:30,9.952,145.05,285.4,2018-05-10,14,5,5
2_39_139_28_2018-05-10 14:45:55.870618,2-39-139-28,0002,2018-05-10T14:45:56.000+05:30,2018-05-11T00:04:39.000+05:30,2018-05-11T00:53:39.000+05:30,6.27,558.7166666666667,607.7166666666667,2018-05-10,14,5,5
2_39_79_380_2018-05-10 14:47:32.293975,2-39-79-380,0002,2018-05-10T14:47:32.000+05:30,2018-05-10T17:22:12.000+05:30,2018-05-10T17:22:17.000+05:30,7.851,154.66666666666666,154.75,2018-05-10,14,5,5
2_39_129_17_2018-05-10 14:51:58.604793,2-39-129-17,0002,2018-05-10T14:51:59.000+05:30,2018-05-11T00:39:28.000+05:30,2018-05-11T00:41:11.000+05:30,9.206,587.4833333333333,589.2,2018-05-10,14,5,5
2_39_88_24_2018-05-10 15:07:12.332251,2-39-88-24,0002,2018-05-10T15:07:12.000+05:30,2018-05-10T23:11:23.000+05:30,2018-05-10T23:40:19.000+05:30,17.463,484.18333333333334,513.1166666666667,2018-05-10,15,5,5
2_39_79_379_2018-05-10 15:13:32.393744,2-39-79-379,0002,2018-05-10T15:13:32.000+05:30,2018-05-10T15:57:24.000+05:30,2018-05-11T01:21:31.000+05:30,3.702,43.86666666666667,607.9833333333333,2018-05-10,15,5,5
2_39_91_441_2018-05-10 15:14:28.401777,2-39-91-441,0002,2018-05-10T15:14:28.000+05:30,2018-05-10T16:43:39.000+05:30,2018-05-11T01:27:43.000+05:30,8.612,89.18333333333334,613.25,2018-05-10,15,5,5
2_39_79_383_2018-05-10 15:17:18.561577,2-39-79-383,0002,2018-05-10T15:17:19.000+05:30,2018-05-10T18:08:59.000+05:30,2018-05-11T00:08:58.000+05:30,6.091,171.66666666666666,531.65,2018-05-10,15,5,5
2_39_79_378_2018-05-10 15:22:03.236589,2-39-79-378,0002,2018-05-10T15:22:03.000+05:30,2018-05-10T17:18:57.000+05:30,2018-05-11T00:00:23.000+05:30,6.814,116.9,518.3333333333334,2018-05-10,15,5,5
2_39_90_440_2018-05-10 15:25:55.041048,2-39-90-440,0002,2018-05-10T15:25:55.000+05:30,2018-05-10T16:04:40.000+05:30,2018-05-10T20:45:19.000+05:30,1.545,38.75,319.4,2018-05-10,15,5,5
2_39_131_30_2018-05-10 15:27:50.468372,2-39-131-30,0002,2018-05-10T15:27:50.000+05:30,2018-05-10T17:57:27.000+05:30,2018-05-11T02:30:13.000+05:30,4.949,149.61666666666667,662.3833333333333,2018-05-10,15,5,5
2_39_79_376_2018-05-10 15:30:34.849579,2-39-79-376,0002,2018-05-10T15:30:35.000+05:30,2018-05-10T17:20:13.000+05:30,2018-05-10T17:19:13.000+05:30,2.512,109.63333333333334,108.63333333333334,2018-05-10,15,5,5
2_39_90_26_2018-05-10 15:34:20.475008,2-39-90-26,0002,2018-05-10T15:34:20.000+05:30,2018-05-10T17:34:51.000+05:30,2018-05-11T00:28:42.000+05:30,5.863,120.51666666666667,534.3666666666667,2018-05-10,15,5,5
2_39_78_360_2018-05-10 15:43:28.395578,2-39-78-360,0002,2018-05-10T15:43:28.000+05:30,2018-05-10T20:36:00.000+05:30,2018-05-10T20:36:04.000+05:30,9.871,292.53333333333336,292.6,2018-05-10,15,5,5
2_39_78_363_2018-05-10 15:46:25.450343,2-39-78-363,0002,2018-05-10T15:46:25.000+05:30,2018-05-10T17:22:14.000+05:30,2018-05-10T22:30:36.000+05:30,5.046,95.81666666666666,404.18333333333334,2018-05-10,15,5,5
2_39_127_19_2018-05-10 15:52:44.801300,2-39-127-19,0002,2018-05-10T15:52:45.000+05:30,2018-05-10T18:23:28.000+05:30,2018-05-10T23:42:29.000+05:30,3.218,150.71666666666667,469.73333333333335,2018-05-10,15,5,5
2_39_124_22_2018-05-10 15:53:18.075501,2-39-124-22,0002,2018-05-10T15:53:18.000+05:30,2018-05-11T00:06:13.000+05:30,2018-05-11T00:12:04.000+05:30,14.001,492.9166666666667,498.76666666666665,2018-05-10,15,5,5
2_39_79_381_2018-05-10 15:53:19.098113,2-39-79-381,0002,2018-05-10T15:53:19.000+05:30,2018-05-10T22:26:00.000+05:30,2018-05-11T01:48:45.000+05:30,15.41,392.68333333333334,595.4333333333333,2018-05-10,15,5,5
2_39_92_442_2018-05-10 15:54:35.911390,2-39-92-442,0002,2018-05-10T15:54:36.000+05:30,2018-05-10T18:32:21.000+05:30,2018-05-11T00:32:52.000+05:30,13.018,157.75,518.2666666666667,2018-05-10,15,5,5
2_39_92_436_2018-05-10 15:54:45.574930,2-39-92-436,0002,2018-05-10T15:54:46.000+05:30,2018-05-10T17:04:34.000+05:30,2018-05-11T02:14:03.000+05:30,2.028,69.8,619.2833333333333,2018-05-10,15,5,5
2_39_79_382_2018-05-10 15:56:05.203069,2-39-79-382,0002,2018-05-10T15:56:05.000+05:30,2018-05-10T21:12:38.000+05:30,2018-05-11T03:57:25.000+05:30,11.901,316.55,721.3333333333334,2018-05-10,15,5,5
2_39_125_21_2018-05-10 15:56:46.626408,2-39-125-21,0002,2018-05-10T15:56:47.000+05:30,2018-05-10T19:09:28.000+05:30,2018-05-11T00:37:37.000+05:30,4.396,192.68333333333334,520.8333333333334,2018-05-10,15,5,5
2_39_89_439_2018-05-10 15:58:11.826429,2-39-89-439,0002,2018-05-10T15:58:12.000+05:30,2018-05-10T19:23:34.000+05:30,2018-05-10T22:13:26.000+05:30,9.583,205.36666666666667,375.23333333333335,2018-05-10,15,5,5
2_39_89_25_2018-05-10 16:01:39.750666,2-39-89-25,0002,2018-05-10T16:01:40.000+05:30,2018-05-10T18:39:32.000+05:30,2018-05-11T02:09:58.000+05:30,11.795,157.86666666666667,608.3,2018-05-10,16,5,5
2_39_91_437_2018-05-10 16:21:41.066223,2-39-91-437,0002,2018-05-10T16:21:41.000+05:30,2018-05-10T21:13:49.000+05:30,2018-05-10T21:14:29.000+05:30,11.105,292.1333333333333,292.8,2018-05-10,16,5,5
2_39_78_362_2018-05-10 16:24:58.846973,2-39-78-362,0002,2018-05-10T16:24:59.000+05:30,2018-05-10T22:13:41.000+05:30,2018-05-10T22:12:41.000+05:30,9.063,348.7,347.7,2018-05-10,16,5,5
2_39_78_367_2018-05-10 16:39:26.440469,2-39-78-367,0002,2018-05-10T16:39:26.000+05:30,2018-05-10T23:56:11.000+05:30,2018-05-11T00:38:04.000+05:30,29.893,436.75,478.6333333333333,2018-05-10,16,5,5
2_39_123_23_2018-05-10 16:49:02.592477,2-39-123-23,0002,2018-05-10T16:49:03.000+05:30,2018-05-10T18:27:25.000+05:30,2018-05-10T18:27:34.000+05:30,1.974,98.36666666666666,98.51666666666667,2018-05-10,16,5,5
2_39_88_438_2018-05-10 17:05:24.937746,2-39-88-438,0002,2018-05-10T17:05:25.000+05:30,2018-05-10T19:15:31.000+05:30,2018-05-10T19:55:44.000+05:30,6.371,130.1,170.31666666666666,2018-05-10,17,5,5
2_39_79_377_2018-05-10 17:18:50.555067,2-39-79-377,0002,2018-05-10T17:18:51.000+05:30,2018-05-10T22:32:11.000+05:30,2018-05-11T03:25:50.000+05:30,14.126,313.3333333333333,606.9833333333333,2018-05-10,17,5,5
2_39_95_444_2018-05-10 17:19:08.728640,2-39-95-444,0002,2018-05-10T17:19:09.000+05:30,2018-05-10T21:26:17.000+05:30,2018-05-11T02:06:13.000+05:30,15.402,247.13333333333333,527.0666666666667,2018-05-10,17,5,5
2_39_79_380_2018-05-10 17:41:19.348198,2-39-79-380,0002,2018-05-10T17:41:19.000+05:30,2018-05-10T21:11:14.000+05:30,2018-05-11T01:34:28.000+05:30,11.893,209.91666666666666,473.15,2018-05-10,17,5,5
2_39_123_557_2018-05-10 18:24:55.693556,2-39-123-557,0002,2018-05-10T18:24:56.000+05:30,2018-05-10T23:02:52.000+05:30,2018-05-11T01:10:22.000+05:30,9.369,277.93333333333334,405.43333333333334,2018-05-10,18,5,5
2_39_130_564_2018-05-10 18:32:42.806389,2-39-130-564,0002,2018-05-10T18:32:43.000+05:30,2018-05-11T00:25:36.000+05:30,2018-05-11T04:02:25.000+05:30,2.594,352.8833333333333,569.7,2018-05-10,18,5,5
2_39_139_567_2018-05-10 19:09:42.279238,2-39-139-567,0002,2018-05-10T19:09:42.000+05:30,2018-05-10T22:48:44.000+05:30,2018-05-11T00:31:24.000+05:30,6.934,219.03333333333333,321.7,2018-05-10,19,5,5
2_39_78_365_2018-05-10 19:21:40.213546,2-39-78-365,0002,2018-05-10T19:21:40.000+05:30,2018-05-10T21:24:00.000+05:30,2018-05-11T03:45:58.000+05:30,4.89,122.33333333333333,504.3,2018-05-10,19,5,5
2_39_138_29_2018-05-10 19:32:51.235291,2-39-138-29,0002,2018-05-10T19:32:51.000+05:30,2018-05-10T21:52:20.000+05:30,2018-05-10T23:32:07.000+05:30,2.597,139.48333333333332,239.26666666666668,2018-05-10,19,5,5
2_39_88_438_2018-05-10 19:58:28.676847,2-39-88-438,0002,2018-05-10T19:58:29.000+05:30,2018-05-10T21:26:05.000+05:30,2018-05-10T23:12:53.000+05:30,4.05,87.6,194.4,2018-05-10,19,5,5
2_39_78_361_2018-05-10 20:20:18.196622,2-39-78-361,0002,2018-05-10T20:20:18.000+05:30,2018-05-10T20:20:47.000+05:30,2018-05-11T05:06:33.000+05:30,1.7232900238941056,0.48333333333333334,526.25,2018-05-10,20,5,5
2_39_91_437_2018-05-10 22:01:06.942530,2-39-91-437,0002,2018-05-10T22:01:07.000+05:30,2018-05-10T23:12:46.000+05:30,2018-05-11T00:36:54.000+05:30,3.172,71.65,155.78333333333333,2018-05-10,22,5,5
2_39_78_360_2018-05-10 22:26:07.126469,2-39-78-360,0002,2018-05-10T22:26:07.000+05:30,2018-05-10T22:56:03.000+05:30,2018-05-10T22:56:14.000+05:30,1.516,29.933333333333334,30.116666666666667,2018-05-10,22,5,5
2_39_127_561_2018-05-10 22:43:12.016196,2-39-127-561,0002,2018-05-10T22:43:12.000+05:30,2018-05-11T01:19:26.000+05:30,2018-05-11T01:42:38.000+05:30,13.918,156.23333333333332,179.43333333333334,2018-05-10,22,5,5
2_39_90_440_2018-05-10 22:54:50.106644,2-39-90-440,0002,2018-05-10T22:54:50.000+05:30,2018-05-11T00:36:26.000+05:30,2018-05-11T00:43:08.000+05:30,9.953,101.6,108.3,2018-05-10,22,5,5
2_39_138_29_2018-05-10 23:36:14.778769,2-39-138-29,0002,2018-05-10T23:36:15.000+05:30,2018-05-11T02:33:54.000+05:30,2018-05-11T02:37:23.000+05:30,13.916,177.65,181.13333333333333,2018-05-10,23,5,5
2_39_88_438_2018-05-11 00:28:32.753451,2-39-88-438,0002,2018-05-11T00:28:33.000+05:30,2018-05-11T01:25:09.000+05:30,2018-05-11T01:25:14.000+05:30,6.386,56.6,56.68333333333333,2018-05-11,0,6,5
2_39_78_367_2018-05-11 00:46:34.834181,2-39-78-367,0002,2018-05-11T00:46:35.000+05:30,2018-05-11T01:42:08.000+05:30,2018-05-11T01:42:09.000+05:30,3.323,55.55,55.56666666666667,2018-05-11,0,6,5
2_39_78_360_2018-05-11 00:51:50.400289,2-39-78-360,0002,2018-05-11T00:51:50.000+05:30,2018-05-11T01:14:27.000+05:30,2018-05-11T01:14:29.000+05:30,1.25,22.616666666666667,22.65,2018-05-11,0,6,5
2_39_78_364_2018-05-11 01:13:34.362584,2-39-78-364,0002,2018-05-11T01:13:34.000+05:30,2018-05-11T05:50:05.000+05:30,2018-05-11T13:17:35.000+05:30,15.692,276.51666666666665,724.0166666666667,2018-05-11,1,6,5
2_39_128_18_2018-05-11 01:25:40.600950,2-39-128-18,0002,2018-05-11T01:25:41.000+05:30,2018-05-11T02:56:14.000+05:30,2018-05-11T02:56:23.000+05:30,4.958,90.55,90.7,2018-05-11,1,6,5
2_39_79_378_2018-05-11 01:39:21.386016,2-39-79-378,0002,2018-05-11T01:39:21.000+05:30,2018-05-11T05:37:26.000+05:30,2018-05-11T05:37:31.000+05:30,13.9,238.08333333333334,238.16666666666666,2018-05-11,1,6,5
2_39_139_28_2018-05-11 01:49:32.575776,2-39-139-28,0002,2018-05-11T01:49:33.000+05:30,2018-05-11T02:50:41.000+05:30,2018-05-11T03:45:59.000+05:30,5.972,61.13333333333333,116.43333333333334,2018-05-11,1,6,5
2_39_129_17_2018-05-11 02:17:27.804738,2-39-129-17,0002,2018-05-11T02:17:28.000+05:30,2018-05-11T04:50:57.000+05:30,2018-05-11T04:51:01.000+05:30,9.004,153.48333333333332,153.55,2018-05-11,2,6,5
2_39_78_360_2018-05-11 02:33:53.496120,2-39-78-360,0002,2018-05-11T02:33:53.000+05:30,2018-05-11T03:29:20.000+05:30,2018-05-11T03:29:28.000+05:30,3.357,55.45,55.583333333333336,2018-05-11,2,6,5
2_39_131_30_2018-05-11 03:08:14.331032,2-39-131-30,0002,2018-05-11T03:08:14.000+05:30,2018-05-11T04:46:06.000+05:30,2018-05-11T05:27:41.000+05:30,5.012,97.86666666666666,139.45,2018-05-11,3,6,5
2_39_90_440_2018-05-11 03:10:43.098893,2-39-90-440,0002,2018-05-11T03:10:43.000+05:30,2018-05-11T04:26:22.000+05:30,2018-05-11T04:26:31.000+05:30,4.259,75.65,75.8,2018-05-11,3,6,5
2_39_138_29_2018-05-11 03:24:32.727246,2-39-138-29,0002,2018-05-11T03:24:33.000+05:30,2018-05-11T04:39:56.000+05:30,2018-05-11T04:40:01.000+05:30,8.468,75.38333333333334,75.46666666666667,2018-05-11,3,6,5
2_39_79_376_2018-05-11 03:24:41.859884,2-39-79-376,0002,2018-05-11T03:24:42.000+05:30,2018-05-11T05:28:57.000+05:30,2018-05-11T17:17:10.000+05:30,6.703,124.25,832.4666666666667,2018-05-11,3,6,5
2_39_78_367_2018-05-11 03:58:10.121412,2-39-78-367,0002,2018-05-11T03:58:10.000+05:30,2018-05-11T06:25:05.000+05:30,2018-05-11T08:00:56.000+05:30,8.802,146.91666666666666,242.76666666666668,2018-05-11,3,6,5
2_39_131_30_2018-05-11 05:44:52.873645,2-39-131-30,0002,2018-05-11T05:44:53.000+05:30,2018-05-11T15:25:56.000+05:30,2018-05-11T15:29:02.000+05:30,13.947,581.05,584.15,2018-05-11,5,6,5
2_39_127_19_2018-05-11 06:48:32.654402,2-39-127-19,0002,2018-05-11T06:48:33.000+05:30,2018-05-11T07:04:45.000+05:30,2018-05-11T07:04:50.000+05:30,1.768,16.2,16.283333333333335,2018-05-11,6,6,5
2_39_78_366_2018-05-11 11:45:07.834134,2-39-78-366,0002,2018-05-11T11:45:08.000+05:30,2018-05-11T15:20:10.000+05:30,2018-05-11T17:16:06.000+05:30,11.477,215.03333333333333,330.96666666666664,2018-05-11,11,6,5
2_39_78_367_2018-05-11 12:01:03.895947,2-39-78-367,0002,2018-05-11T12:01:04.000+05:30,2018-05-11T13:03:46.000+05:30,2018-05-11T13:10:43.000+05:30,3.735,62.7,69.65,2018-05-11,12,6,5
2_39_123_23_2018-05-11 13:28:04.355442,2-39-123-23,0002,2018-05-11T13:28:04.000+05:30,2018-05-11T15:00:56.000+05:30,2018-05-11T15:01:00.000+05:30,5.266,92.86666666666666,92.93333333333334,2018-05-11,13,6,5
2_39_95_27_2018-05-11 13:47:46.383970,2-39-95-27,0002,2018-05-11T13:47:46.000+05:30,2018-05-11T16:48:15.000+05:30,2018-05-12T00:32:09.000+05:30,10.158,180.48333333333332,644.3833333333333,2018-05-11,13,6,5
2_39_79_382_2018-05-11 14:05:07.982788,2-39-79-382,0002,2018-05-11T14:05:08.000+05:30,2018-05-11T23:17:53.000+05:30,2018-05-11T23:18:08.000+05:30,21.976,552.75,553.0,2018-05-11,14,6,5
2_39_78_365_2018-05-11 14:11:10.084440,2-39-78-365,0002,2018-05-11T14:11:10.000+05:30,2018-05-11T16:13:45.000+05:30,2018-05-11T23:10:02.000+05:30,9.215219534050593,122.58333333333333,538.8666666666667,2018-05-11,14,6,5
2_39_91_441_2018-05-11 14:37:46.390627,2-39-91-441,0002,2018-05-11T14:37:46.000+05:30,2018-05-11T15:53:37.000+05:30,2018-05-11T19:49:45.000+05:30,7.45,75.85,311.98333333333335,2018-05-11,14,6,5
2_39_139_28_2018-05-11 14:42:22.645619,2-39-139-28,0002,2018-05-11T14:42:23.000+05:30,2018-05-12T01:16:45.000+05:30,2018-05-12T05:35:08.000+05:30,16.126,634.3666666666667,892.75,2018-05-11,14,6,5
2_39_138_29_2018-05-11 15:02:23.086941,2-39-138-29,0002,2018-05-11T15:02:23.000+05:30,2018-05-11T17:25:57.000+05:30,2018-05-11T20:13:45.000+05:30,5.424,143.56666666666666,311.3666666666667,2018-05-11,15,6,5
2_39_78_360_2018-05-11 15:02:27.901830,2-39-78-360,0002,2018-05-11T15:02:28.000+05:30,2018-05-11T17:00:55.000+05:30,2018-05-11T23:40:57.000+05:30,7.723838112300514,118.45,518.4833333333333,2018-05-11,15,6,5
2_39_91_437_2018-05-11 15:02:28.885714,2-39-91-437,0002,2018-05-11T15:02:29.000+05:30,2018-05-11T19:41:28.000+05:30,2018-05-11T21:52:23.000+05:30,27.652,278.98333333333335,409.9,2018-05-11,15,6,5
2_39_127_19_2018-05-11 15:03:02.638538,2-39-127-19,0002,2018-05-11T15:03:03.000+05:30,2018-05-11T17:57:29.000+05:30,2018-05-11T17:57:33.000+05:30,6.188,174.43333333333334,174.5,2018-05-11,15,6,5
2_39_129_17_2018-05-11 15:03:08.785079,2-39-129-17,0002,2018-05-11T15:03:09.000+05:30,2018-05-12T00:38:33.000+05:30,2018-05-12T00:39:40.000+05:30,9.659,575.4,576.5166666666667,2018-05-11,15,6,5
2_39_79_380_2018-05-11 15:06:18.830342,2-39-79-380,0002,2018-05-11T15:06:19.000+05:30,2018-05-11T22:38:14.000+05:30,2018-05-12T00:23:40.000+05:30,31.16,451.9166666666667,557.35,2018-05-11,15,6,5
2_39_88_24_2018-05-11 15:17:00.986127,2-39-88-24,0002,2018-05-11T15:17:01.000+05:30,2018-05-11T23:05:56.000+05:30,2018-05-12T00:18:43.000+05:30,17.485,468.9166666666667,541.7,2018-05-11,15,6,5
2_39_79_379_2018-05-11 15:20:45.331326,2-39-79-379,0002,2018-05-11T15:20:45.000+05:30,2018-05-11T18:38:46.000+05:30,2018-05-12T00:04:16.000+05:30,10.006,198.01666666666668,523.5166666666667,2018-05-11,15,6,5
2_39_126_560_2018-05-11 15:23:06.053899,2-39-126-560,0002,2018-05-11T15:23:06.000+05:30,2018-05-11T22:12:04.000+05:30,2018-05-11T22:12:09.000+05:30,11.182,408.96666666666664,409.05,2018-05-11,15,6,5
2_39_79_378_2018-05-11 15:27:41.302523,2-39-79-378,0002,2018-05-11T15:27:41.000+05:30,2018-05-11T18:11:26.000+05:30,2018-05-11T23:19:04.000+05:30,6.994,163.75,471.3833333333333,2018-05-11,15,6,5
2_39_79_383_2018-05-11 15:31:33.454782,2-39-79-383,0002,2018-05-11T15:31:33.000+05:30,2018-05-11T17:11:39.000+05:30,2018-05-12T00:11:00.000+05:30,2.539,100.1,519.45,2018-05-11,15,6,5
2_39_78_361_2018-05-11 15:41:19.466778,2-39-78-361,0002,2018-05-11T15:41:19.000+05:30,2018-05-11T17:03:23.000+05:30,2018-05-12T00:44:50.000+05:30,5.346143966547792,82.06666666666666,543.5166666666667,2018-05-11,15,6,5
2_39_78_364_2018-05-11 15:48:55.082251,2-39-78-364,0002,2018-05-11T15:48:55.000+05:30,2018-05-11T23:49:55.000+05:30,2018-05-12T01:05:54.000+05:30,15.09,481.0,556.9833333333333,2018-05-11,15,6,5
2_39_89_25_2018-05-11 15:52:12.193625,2-39-89-25,0002,2018-05-11T15:52:12.000+05:30,2018-05-11T16:56:29.000+05:30,2018-05-12T01:50:00.000+05:30,2.052,64.28333333333333,597.8,2018-05-11,15,6,5
2_39_92_442_2018-05-11 15:57:09.333164,2-39-92-442,0002,2018-05-11T15:57:09.000+05:30,2018-05-11T18:54:45.000+05:30,2018-05-12T00:50:08.000+05:30,9.325,177.6,532.9833333333333,2018-05-11,15,6,5
2_39_126_20_2018-05-11 15:57:47.740178,2-39-126-20,0002,2018-05-11T15:57:48.000+05:30,2018-05-11T17:18:46.000+05:30,2018-05-12T15:13:30.000+05:30,2.17,80.96666666666667,1395.7,2018-05-11,15,6,5
2_39_79_377_2018-05-11 16:03:56.785458,2-39-79-377,0002,2018-05-11T16:03:57.000+05:30,2018-05-11T17:04:45.000+05:30,2018-05-11T17:04:50.000+05:30,1.344,60.8,60.88333333333333,2018-05-11,16,6,5
2_39_78_363_2018-05-11 16:17:14.805347,2-39-78-363,0002,2018-05-11T16:17:15.000+05:30,2018-05-12T01:19:36.000+05:30,2018-05-12T02:43:14.000+05:30,7.876,542.35,625.9833333333333,2018-05-11,16,6,5
2_39_90_26_2018-05-11 16:26:02.203808,2-39-90-26,0002,2018-05-11T16:26:02.000+05:30,2018-05-11T20:38:42.000+05:30,2018-05-12T00:24:47.000+05:30,6.891,252.66666666666666,478.75,2018-05-11,16,6,5
2_39_90_440_2018-05-11 16:26:09.011316,2-39-90-440,0002,2018-05-11T16:26:09.000+05:30,2018-05-11T17:21:03.000+05:30,2018-05-11T21:41:05.000+05:30,2.005,54.9,314.93333333333334,2018-05-11,16,6,5
2_39_131_30_2018-05-11 16:32:44.226745,2-39-131-30,0002,2018-05-11T16:32:44.000+05:30,2018-05-11T21:05:49.000+05:30,2018-05-12T00:03:53.000+05:30,5.837,273.0833333333333,451.15,2018-05-11,16,6,5
2_39_95_444_2018-05-11 16:33:46.025848,2-39-95-444,0002,2018-05-11T16:33:46.000+05:30,2018-05-11T18:21:44.000+05:30,2018-05-12T03:51:07.000+05:30,2.619,107.96666666666667,677.35,2018-05-11,16,6,5
2_39_124_22_2018-05-11 16:37:42.300995,2-39-124-22,0002,2018-05-11T16:37:42.000+05:30,2018-05-11T18:27:42.000+05:30,2018-05-12T01:18:08.000+05:30,2.268,110.0,520.4333333333333,2018-05-11,16,6,5
2_39_78_362_2018-05-11 16:40:28.659314,2-39-78-362,0002,2018-05-11T16:40:29.000+05:30,2018-05-12T01:23:08.000+05:30,2018-05-12T01:22:09.000+05:30,1.361,522.65,521.6666666666666,2018-05-11,16,6,5
2_39_123_557_2018-05-11 16:50:05.349629,2-39-123-557,0002,2018-05-11T16:50:05.000+05:30,2018-05-11T20:24:39.000+05:30,2018-05-12T01:03:59.000+05:30,4.269,214.56666666666666,493.9,2018-05-11,16,6,5
2_39_92_436_2018-05-11 17:00:19.127634,2-39-92-436,0002,2018-05-11T17:00:19.000+05:30,2018-05-11T21:20:17.000+05:30,2018-05-12T00:57:55.000+05:30,13.033,259.96666666666664,477.6,2018-05-11,17,6,5
2_39_127_561_2018-05-11 17:01:24.784877,2-39-127-561,0002,2018-05-11T17:01:25.000+05:30,2018-05-11T23:19:58.000+05:30,2018-05-12T02:13:32.000+05:30,12.322,378.55,552.1166666666667,2018-05-11,17,6,5
2_39_123_23_2018-05-11 17:01:59.312061,2-39-123-23,0002,2018-05-11T17:01:59.000+05:30,2018-05-12T00:16:03.000+05:30,2018-05-12T01:30:13.000+05:30,13.95,434.06666666666666,508.23333333333335,2018-05-11,17,6,5
2_39_89_439_2018-05-11 17:07:38.574390,2-39-89-439,0002,2018-05-11T17:07:39.000+05:30,2018-05-11T17:38:54.000+05:30,2018-05-12T00:01:06.000+05:30,0.9,31.25,413.45,2018-05-11,17,6,5
2_39_79_377_2018-05-11 17:09:17.750545,2-39-79-377,0002,2018-05-11T17:09:18.000+05:30,2018-05-11T20:07:34.000+05:30,2018-05-12T01:07:02.000+05:30,7.465,178.26666666666668,477.73333333333335,2018-05-11,17,6,5
2_39_78_366_2018-05-11 17:38:12.363921,2-39-78-366,0002,2018-05-11T17:38:12.000+05:30,2018-05-11T23:05:17.000+05:30,2018-05-11T23:51:57.000+05:30,5.29,327.0833333333333,373.75,2018-05-11,17,6,5
2_39_79_376_2018-05-11 17:50:16.300019,2-39-79-376,0002,2018-05-11T17:50:16.000+05:30,2018-05-11T22:46:52.000+05:30,2018-05-12T01:08:10.000+05:30,17.185,296.6,437.9,2018-05-11,17,6,5
2_39_128_562_2018-05-11 19:38:09.967371,2-39-128-562,0002,2018-05-11T19:38:10.000+05:30,2018-05-12T00:28:23.000+05:30,2018-05-12T03:22:35.000+05:30,2.518,290.21666666666664,464.4166666666667,2018-05-11,19,6,5
2_39_91_441_2018-05-11 19:52:46.158287,2-39-91-441,0002,2018-05-11T19:52:46.000+05:30,2018-05-11T22:25:48.000+05:30,2018-05-11T22:25:52.000+05:30,5.512,153.03333333333333,153.1,2018-05-11,19,6,5
2_39_138_29_2018-05-11 20:46:12.727399,2-39-138-29,0002,2018-05-11T20:46:13.000+05:30,2018-05-11T21:28:47.000+05:30,2018-05-12T00:25:27.000+05:30,0.93,42.56666666666667,219.23333333333332,2018-05-11,20,6,5
2_39_78_367_2018-05-11 20:52:19.425005,2-39-78-367,0002,2018-05-11T20:52:19.000+05:30,2018-05-11T23:05:55.000+05:30,2018-05-11T23:06:01.000+05:30,3.964,133.6,133.7,2018-05-11,20,6,5
2_39_91_437_2018-05-11 22:48:32.037225,2-39-91-437,0002,2018-05-11T22:48:32.000+05:30,2018-05-12T00:11:25.000+05:30,2018-05-12T04:44:46.000+05:30,4.133,82.88333333333334,356.23333333333335,2018-05-11,22,6,5
2_39_79_381_2018-05-11 23:07:25.559569,2-39-79-381,0002,2018-05-11T23:07:26.000+05:30,2018-05-11T23:27:58.000+05:30,2018-05-12T02:30:26.000+05:30,0.728,20.533333333333335,203.0,2018-05-11,23,6,5
2_39_91_441_2018-05-11 23:16:43.565900,2-39-91-441,0002,2018-05-11T23:16:44.000+05:30,2018-05-12T00:15:06.000+05:30,2018-05-12T01:17:05.000+05:30,4.368,58.36666666666667,120.35,2018-05-11,23,6,5
2_39_79_378_2018-05-11 23:36:23.756818,2-39-79-378,0002,2018-05-11T23:36:24.000+05:30,2018-05-12T00:08:14.000+05:30,2018-05-12T00:08:19.000+05:30,2.944,31.833333333333332,31.916666666666668,2018-05-11,23,6,5
2_39_79_379_2018-05-12 01:24:15.833146,2-39-79-379,0002,2018-05-12T01:24:16.000+05:30,2018-05-12T08:30:18.000+05:30,2018-05-12T21:22:14.000+05:30,40.024,426.03333333333336,1197.9666666666667,2018-05-12,1,7,5
2_39_123_23_2018-05-12 01:36:18.997919,2-39-123-23,0002,2018-05-12T01:36:19.000+05:30,2018-05-12T19:59:03.000+05:30,2018-05-12T21:05:28.000+05:30,14.253,1102.7333333333333,1169.15,2018-05-12,1,7,5
2_39_78_360_2018-05-12 01:43:46.595801,2-39-78-360,0002,2018-05-12T01:43:47.000+05:30,2018-05-12T05:03:20.000+05:30,2018-05-12T05:28:21.000+05:30,10.721,199.55,224.56666666666666,2018-05-12,1,7,5
2_39_131_30_2018-05-12 02:08:26.220664,2-39-131-30,0002,2018-05-12T02:08:26.000+05:30,2018-05-12T05:36:20.000+05:30,2018-05-12T05:53:49.000+05:30,11.674,207.9,225.38333333333333,2018-05-12,2,7,5
2_39_79_383_2018-05-12 02:19:51.956628,2-39-79-383,0002,2018-05-12T02:19:52.000+05:30,2018-05-12T04:41:41.000+05:30,2018-05-12T04:41:44.000+05:30,6.176,141.81666666666666,141.86666666666667,2018-05-12,2,7,5
2_39_78_367_2018-05-12 02:22:09.116309,2-39-78-367,0002,2018-05-12T02:22:09.000+05:30,2018-05-12T03:17:37.000+05:30,2018-05-12T04:45:32.000+05:30,2.608,55.46666666666667,143.38333333333333,2018-05-12,2,7,5
2_39_138_29_2018-05-12 02:28:00.164543,2-39-138-29,0002,2018-05-12T02:28:00.000+05:30,2018-05-12T04:23:51.000+05:30,2018-05-12T04:23:56.000+05:30,12.954,115.85,115.93333333333334,2018-05-12,2,7,5
2_39_89_25_2018-05-12 04:05:45.380484,2-39-89-25,0002,2018-05-12T04:05:45.000+05:30,2018-05-12T10:18:40.000+05:30,2018-05-13T00:28:29.000+05:30,41.997,372.9166666666667,1222.7333333333333,2018-05-12,4,7,5
2_39_79_378_2018-05-12 04:09:25.198579,2-39-79-378,0002,2018-05-12T04:09:25.000+05:30,2018-05-13T06:20:25.000+05:30,2018-05-14T16:10:40.000+05:30,6.51,1571.0,3601.25,2018-05-12,4,7,5
2_39_139_28_2018-05-12 06:05:52.378813,2-39-139-28,0002,2018-05-12T06:05:52.000+05:30,2018-05-12T09:57:23.000+05:30,2018-05-12T17:15:47.000+05:30,13.354,231.51666666666668,669.9166666666666,2018-05-12,6,7,5
2_39_95_27_2018-05-12 06:23:00.202104,2-39-95-27,0002,2018-05-12T06:23:00.000+05:30,2018-05-12T08:11:38.000+05:30,2018-05-12T08:11:42.000+05:30,5.999,108.63333333333334,108.7,2018-05-12,6,7,5
2_39_78_367_2018-05-12 09:18:29.020024,2-39-78-367,0002,2018-05-12T09:18:29.000+05:30,2018-05-12T12:50:07.000+05:30,2018-05-12T13:05:38.000+05:30,12.533,211.63333333333333,227.15,2018-05-12,9,7,5
2_39_79_377_2018-05-12 11:39:57.667439,2-39-79-377,0002,2018-05-12T11:39:58.000+05:30,2018-05-12T13:04:17.000+05:30,2018-05-12T13:04:25.000+05:30,4.671,84.31666666666666,84.45,2018-05-12,11,7,5
2_39_131_30_2018-05-12 13:59:54.420558,2-39-131-30,0002,2018-05-12T13:59:54.000+05:30,2018-05-13T02:26:04.000+05:30,2018-05-13T02:25:06.000+05:30,14.046,746.1666666666666,745.2,2018-05-12,13,7,5
2_39_138_29_2018-05-12 14:38:05.333436,2-39-138-29,0002,2018-05-12T14:38:05.000+05:30,2018-05-12T15:48:45.000+05:30,2018-05-12T16:22:00.000+05:30,2.346,70.66666666666667,103.91666666666667,2018-05-12,14,7,5
2_39_128_18_2018-05-12 15:31:33.443716,2-39-128-18,0002,2018-05-12T15:31:33.000+05:30,2018-05-12T17:37:35.000+05:30,2018-05-12T18:33:25.000+05:30,10.927,126.03333333333333,181.86666666666667,2018-05-12,15,7,5
2_39_127_19_2018-05-12 15:40:02.054732,2-39-127-19,0002,2018-05-12T15:40:02.000+05:30,2018-05-12T16:57:16.000+05:30,2018-05-12T18:09:23.000+05:30,4.03,77.23333333333333,149.35,2018-05-12,15,7,5
2_39_78_363_2018-05-12 15:58:57.530810,2-39-78-363,0002,2018-05-12T15:58:58.000+05:30,2018-05-12T16:22:31.000+05:30,2018-05-12T18:46:48.000+05:30,1.855,23.55,167.83333333333334,2018-05-12,15,7,5
2_39_78_366_2018-05-12 16:03:32.652407,2-39-78-366,0002,2018-05-12T16:03:33.000+05:30,2018-05-12T17:30:43.000+05:30,2018-05-12T18:47:54.000+05:30,4.166,87.16666666666667,164.35,2018-05-12,16,7,5
2_39_91_437_2018-05-12 16:41:47.233081,2-39-91-437,0002,2018-05-12T16:41:47.000+05:30,2018-05-12T17:58:31.000+05:30,2018-05-12T17:58:34.000+05:30,3.665,76.73333333333333,76.78333333333333,2018-05-12,16,7,5
2_39_129_17_2018-05-12 16:42:47.141109,2-39-129-17,0002,2018-05-12T16:42:47.000+05:30,2018-05-12T20:06:19.000+05:30,2018-05-12T20:07:38.000+05:30,13.91,203.53333333333333,204.85,2018-05-12,16,7,5
2_39_130_31_2018-05-12 16:52:38.627897,2-39-130-31,0002,2018-05-12T16:52:39.000+05:30,2018-05-12T23:29:16.000+05:30,2018-05-12T23:28:18.000+05:30,13.96,396.6166666666667,395.65,2018-05-12,16,7,5
2_39_138_29_2018-05-12 17:03:26.577483,2-39-138-29,0002,2018-05-12T17:03:27.000+05:30,2018-05-12T17:46:11.000+05:30,2018-05-12T17:46:16.000+05:30,4.026,42.733333333333334,42.81666666666667,2018-05-12,17,7,5
2_39_79_377_2018-05-12 17:28:12.241434,2-39-79-377,0002,2018-05-12T17:28:12.000+05:30,2018-05-12T19:31:03.000+05:30,2018-05-12T19:31:08.000+05:30,12.868,122.85,122.93333333333334,2018-05-12,17,7,5
2_39_91_437_2018-05-12 18:56:33.531354,2-39-91-437,0002,2018-05-12T18:56:34.000+05:30,2018-05-13T20:09:39.000+05:30,2018-05-13T20:09:43.000+05:30,42.01736611111111,1513.0833333333333,1513.15,2018-05-12,18,7,5
2_39_139_28_2018-05-12 19:13:05.573467,2-39-139-28,0002,2018-05-12T19:13:06.000+05:30,2018-05-12T22:44:24.000+05:30,2018-05-12T22:44:27.000+05:30,12.57,211.3,211.35,2018-05-12,19,7,5
2_39_126_20_2018-05-12 19:32:41.349958,2-39-126-20,0002,2018-05-12T19:32:41.000+05:30,2018-05-13T00:06:56.000+05:30,2018-05-13T00:07:20.000+05:30,13.909,274.25,274.65,2018-05-12,19,7,5
2_39_138_29_2018-05-12 19:47:14.239726,2-39-138-29,0002,2018-05-12T19:47:14.000+05:30,2018-05-12T20:12:35.000+05:30,2018-05-12T20:12:43.000+05:30,2.662,25.35,25.483333333333334,2018-05-12,19,7,5
2_39_124_22_2018-05-12 20:12:40.268067,2-39-124-22,0002,2018-05-12T20:12:40.000+05:30,2018-05-13T00:16:51.000+05:30,2018-05-13T00:30:28.000+05:30,13.908,244.18333333333334,257.8,2018-05-12,20,7,5
2_39_128_18_2018-05-12 22:00:30.415511,2-39-128-18,0002,2018-05-12T22:00:30.000+05:30,2018-05-12T23:40:31.000+05:30,2018-05-12T23:41:35.000+05:30,11.039,100.01666666666667,101.08333333333333,2018-05-12,22,7,5
2_39_95_27_2018-05-12 22:02:20.317626,2-39-95-27,0002,2018-05-12T22:02:20.000+05:30,2018-05-12T22:29:47.000+05:30,2018-05-12T22:29:52.000+05:30,3.066,27.45,27.533333333333335,2018-05-12,22,7,5
2_39_123_23_2018-05-12 22:16:16.074103,2-39-123-23,0002,2018-05-12T22:16:16.000+05:30,2018-05-13T02:09:57.000+05:30,2018-05-13T02:10:05.000+05:30,13.531,233.68333333333334,233.81666666666666,2018-05-12,22,7,5
2_39_79_376_2018-05-12 22:28:04.795188,2-39-79-376,0002,2018-05-12T22:28:05.000+05:30,2018-05-12T23:34:12.000+05:30,2018-05-12T23:34:17.000+05:30,7.253,66.11666666666666,66.2,2018-05-12,22,7,5
2_39_139_28_2018-05-12 22:53:38.284150,2-39-139-28,0002,2018-05-12T22:53:38.000+05:30,2018-05-13T01:20:57.000+05:30,2018-05-13T01:19:58.000+05:30,13.901,147.31666666666666,146.33333333333334,2018-05-12,22,7,5
2_39_95_27_2018-05-12 23:02:02.434897,2-39-95-27,0002,2018-05-12T23:02:02.000+05:30,2018-05-13T03:47:09.000+05:30,2018-05-13T04:54:09.000+05:30,31.363,285.1166666666667,352.1166666666667,2018-05-12,23,7,5
2_39_130_31_2018-05-12 23:28:21.556003,2-39-130-31,0002,2018-05-12T23:28:22.000+05:30,2018-05-13T01:37:29.000+05:30,2018-05-13T01:56:08.000+05:30,13.021,129.11666666666667,147.76666666666668,2018-05-12,23,7,5
2_39_138_29_2018-05-12 23:29:17.966511,2-39-138-29,0002,2018-05-12T23:29:18.000+05:30,2018-05-13T04:01:28.000+05:30,2018-05-13T04:23:32.000+05:30,13.92,272.1666666666667,294.23333333333335,2018-05-12,23,7,5
2_39_78_365_2018-05-12 23:30:01.055984,2-39-78-365,0002,2018-05-12T23:30:01.000+05:30,2018-05-12T23:36:14.000+05:30,2018-05-12T23:36:25.000+05:30,0.627,6.216666666666667,6.4,2018-05-12,23,7,5
2_39_78_365_2018-05-12 23:38:13.514975,2-39-78-365,0002,2018-05-12T23:38:14.000+05:30,2018-05-13T09:52:16.000+05:30,2018-05-13T16:10:33.000+05:30,39.85,614.0333333333333,992.3166666666667,2018-05-12,23,7,5
2_39_128_18_2018-05-12 23:43:49.017496,2-39-128-18,0002,2018-05-12T23:43:49.000+05:30,2018-05-12T23:50:23.000+05:30,2018-05-12T23:50:27.000+05:30,0.68,6.566666666666666,6.633333333333334,2018-05-12,23,7,5
2_39_125_21_2018-05-12 23:45:04.629086,2-39-125-21,0002,2018-05-12T23:45:05.000+05:30,2018-05-13T02:28:17.000+05:30,2018-05-13T02:28:29.000+05:30,13.902,163.2,163.4,2018-05-12,23,7,5
2_39_127_19_2018-05-13 00:31:51.922282,2-39-127-19,0002,2018-05-13T00:31:52.000+05:30,2018-05-13T00:53:18.000+05:30,2018-05-13T00:53:31.000+05:30,2.333,21.433333333333334,21.65,2018-05-13,0,1,5
2_39_89_25_2018-05-13 00:41:25.672117,2-39-89-25,0002,2018-05-13T00:41:26.000+05:30,2018-05-13T01:50:03.000+05:30,2018-05-13T01:50:08.000+05:30,3.657,68.61666666666666,68.7,2018-05-13,0,1,5
2_39_78_360_2018-05-13 00:44:02.175780,2-39-78-360,0002,2018-05-13T00:44:02.000+05:30,2018-05-13T05:29:07.000+05:30,2018-05-13T17:08:03.000+05:30,13.436,285.0833333333333,984.0166666666667,2018-05-13,0,1,5
2_39_139_28_2018-05-13 01:20:02.104888,2-39-139-28,0002,2018-05-13T01:20:02.000+05:30,2018-05-13T01:30:08.000+05:30,2018-05-13T01:30:17.000+05:30,0.995,10.1,10.25,2018-05-13,1,1,5
2_39_123_557_2018-05-13 01:56:51.710886,2-39-123-557,0002,2018-05-13T01:56:52.000+05:30,2018-05-13T03:05:56.000+05:30,2018-05-13T03:06:01.000+05:30,7.473,69.06666666666666,69.15,2018-05-13,1,1,5
2_39_129_17_2018-05-13 02:29:41.314747,2-39-129-17,0002,2018-05-13T02:29:41.000+05:30,2018-05-13T02:40:59.000+05:30,2018-05-13T02:41:07.000+05:30,1.188,11.3,11.433333333333334,2018-05-13,2,1,5
2_39_78_367_2018-05-13 02:55:38.206194,2-39-78-367,0002,2018-05-13T02:55:38.000+05:30,2018-05-13T06:37:50.000+05:30,2018-05-13T06:41:08.000+05:30,13.299,222.2,225.5,2018-05-13,2,1,5
2_39_129_17_2018-05-13 03:52:46.363304,2-39-129-17,0002,2018-05-13T03:52:46.000+05:30,2018-05-13T06:00:46.000+05:30,2018-05-13T06:17:20.000+05:30,13.525,128.0,144.56666666666666,2018-05-13,3,1,5
2_39_78_366_2018-05-13 07:02:28.069253,2-39-78-366,0002,2018-05-13T07:02:28.000+05:30,2018-05-13T10:44:39.000+05:30,2018-05-13T21:12:41.000+05:30,23.794,222.18333333333334,850.2166666666667,2018-05-13,7,1,5
2_39_79_380_2018-05-13 07:20:30.516571,2-39-79-380,0002,2018-05-13T07:20:31.000+05:30,2018-05-13T08:37:01.000+05:30,2018-05-13T08:37:09.000+05:30,4.263,76.5,76.63333333333334,2018-05-13,7,1,5
2_39_131_30_2018-05-13 08:45:42.208843,2-39-131-30,0002,2018-05-13T08:45:42.000+05:30,2018-05-13T22:51:38.000+05:30,2018-05-14T05:01:56.000+05:30,13.94,845.9333333333333,1216.2333333333333,2018-05-13,8,1,5
2_39_78_367_2018-05-13 10:30:48.448318,2-39-78-367,0002,2018-05-13T10:30:48.000+05:30,2018-05-13T12:36:46.000+05:30,2018-05-13T13:31:07.000+05:30,7.404,125.96666666666667,180.31666666666666,2018-05-13,10,1,5
2_39_95_27_2018-05-13 16:14:10.861961,2-39-95-27,0002,2018-05-13T16:14:11.000+05:30,2018-05-13T20:27:22.000+05:30,2018-05-13T20:26:55.000+05:30,29.166,253.18333333333334,252.73333333333332,2018-05-13,16,1,5
2_39_139_28_2018-05-13 17:16:45.970212,2-39-139-28,0002,2018-05-13T17:16:46.000+05:30,2018-05-13T18:23:05.000+05:30,2018-05-13T18:23:10.000+05:30,7.017,66.31666666666666,66.4,2018-05-13,17,1,5
2_39_127_19_2018-05-13 19:25:11.780664,2-39-127-19,0002,2018-05-13T19:25:12.000+05:30,2018-05-13T20:45:27.000+05:30,2018-05-13T20:45:31.000+05:30,4.441,80.25,80.31666666666666,2018-05-13,19,1,5
2_39_91_437_2018-05-13 20:23:30.790812,2-39-91-437,0002,2018-05-13T20:23:31.000+05:30,2018-05-13T23:38:14.000+05:30,2018-05-13T23:38:19.000+05:30,11.403,194.71666666666667,194.8,2018-05-13,20,1,5
2_39_129_17_2018-05-13 20:24:07.399052,2-39-129-17,0002,2018-05-13T20:24:07.000+05:30,2018-05-14T00:48:44.000+05:30,2018-05-14T00:54:51.000+05:30,13.913,264.6166666666667,270.73333333333335,2018-05-13,20,1,5
2_39_88_24_2018-05-13 20:25:40.546030,2-39-88-24,0002,2018-05-13T20:25:41.000+05:30,2018-05-13T22:28:25.000+05:30,2018-05-14T00:03:52.000+05:30,14.561,122.73333333333333,218.18333333333334,2018-05-13,20,1,5
2_39_138_566_2018-05-13 20:34:27.258595,2-39-138-566,0002,2018-05-13T20:34:27.000+05:30,2018-05-13T23:45:07.000+05:30,2018-05-13T23:45:11.000+05:30,11.246,190.66666666666666,190.73333333333332,2018-05-13,20,1,5
2_39_79_381_2018-05-13 21:06:51.621593,2-39-79-381,0002,2018-05-13T21:06:52.000+05:30,2018-05-13T23:08:49.000+05:30,2018-05-13T23:15:08.000+05:30,6.249,121.95,128.26666666666668,2018-05-13,21,1,5
2_39_78_366_2018-05-13 21:15:04.108232,2-39-78-366,0002,2018-05-13T21:15:04.000+05:30,2018-05-13T22:48:11.000+05:30,2018-05-13T22:48:17.000+05:30,10.453,93.11666666666666,93.21666666666667,2018-05-13,21,1,5
2_39_90_440_2018-05-13 21:20:00.197287,2-39-90-440,0002,2018-05-13T21:20:00.000+05:30,2018-05-13T22:38:33.000+05:30,2018-05-13T23:55:59.000+05:30,2.546,78.55,155.98333333333332,2018-05-13,21,1,5
2_39_139_28_2018-05-13 22:04:57.684033,2-39-139-28,0002,2018-05-13T22:04:58.000+05:30,2018-05-13T23:33:49.000+05:30,2018-05-13T23:33:53.000+05:30,10.065,88.85,88.91666666666667,2018-05-13,22,1,5
2_39_127_19_2018-05-13 23:27:33.041919,2-39-127-19,0002,2018-05-13T23:27:33.000+05:30,2018-05-14T03:17:29.000+05:30,2018-05-14T03:28:16.000+05:30,12.863,229.93333333333334,240.71666666666667,2018-05-13,23,1,5
2_39_138_29_2018-05-13 23:33:10.660900,2-39-138-29,0002,2018-05-13T23:33:11.000+05:30,2018-05-14T02:35:33.000+05:30,2018-05-14T02:35:40.000+05:30,10.757,182.36666666666667,182.48333333333332,2018-05-13,23,1,5
2_39_79_380_2018-05-13 23:52:54.143475,2-39-79-380,0002,2018-05-13T23:52:54.000+05:30,2018-05-14T01:13:56.000+05:30,2018-05-14T01:55:24.000+05:30,3.946,81.03333333333333,122.5,2018-05-13,23,1,5
2_39_124_22_2018-05-14 00:03:19.946400,2-39-124-22,0002,2018-05-14T00:03:20.000+05:30,2018-05-14T00:44:11.000+05:30,2018-05-14T00:44:23.000+05:30,4.689,40.85,41.05,2018-05-14,0,2,5
2_39_123_23_2018-05-14 01:41:27.071348,2-39-123-23,0002,2018-05-14T01:41:27.000+05:30,2018-05-14T15:45:09.000+05:30,2018-05-14T15:47:35.000+05:30,13.925,843.7,846.1333333333333,2018-05-14,1,2,5
2_39_139_28_2018-05-14 02:05:16.606345,2-39-139-28,0002,2018-05-14T02:05:17.000+05:30,2018-05-14T03:02:25.000+05:30,2018-05-14T03:02:29.000+05:30,3.076,57.13333333333333,57.2,2018-05-14,2,2,5
2_39_79_379_2018-05-14 02:21:06.802229,2-39-79-379,0002,2018-05-14T02:21:07.000+05:30,2018-05-14T06:49:59.000+05:30,2018-05-14T13:09:57.000+05:30,15.93,268.8666666666667,648.8333333333334,2018-05-14,2,2,5
2_39_138_29_2018-05-14 02:48:54.222890,2-39-138-29,0002,2018-05-14T02:48:54.000+05:30,2018-05-14T04:17:14.000+05:30,2018-05-14T04:17:18.000+05:30,9.94,88.33333333333333,88.4,2018-05-14,2,2,5
2_39_78_360_2018-05-14 03:06:18.247729,2-39-78-360,0002,2018-05-14T03:06:18.000+05:30,2018-05-14T03:12:09.000+05:30,2018-05-14T03:12:14.000+05:30,0.538,5.85,5.933333333333334,2018-05-14,3,2,5
2_39_79_380_2018-05-14 03:37:27.341443,2-39-79-380,0002,2018-05-14T03:37:27.000+05:30,2018-05-14T05:15:50.000+05:30,2018-05-14T06:10:13.000+05:30,10.226,98.38333333333334,152.76666666666668,2018-05-14,3,2,5
2_39_138_566_2018-05-14 07:15:24.709659,2-39-138-566,0002,2018-05-14T07:15:25.000+05:30,2018-05-14T10:48:44.000+05:30,2018-05-14T13:04:38.000+05:30,12.65,213.31666666666666,349.21666666666664,2018-05-14,7,2,5
2_39_79_377_2018-05-14 11:45:41.514157,2-39-79-377,0002,2018-05-14T11:45:42.000+05:30,2018-05-14T15:26:14.000+05:30,2018-05-14T21:26:37.000+05:30,11.633,220.53333333333333,580.9166666666666,2018-05-14,11,2,5
2_39_92_436_2018-05-14 12:36:47.621727,2-39-92-436,0002,2018-05-14T12:36:48.000+05:30,2018-05-14T12:59:50.000+05:30,2018-05-14T13:00:03.000+05:30,2.554,23.033333333333335,23.25,2018-05-14,12,2,5
2_39_127_19_2018-05-14 13:33:21.931815,2-39-127-19,0002,2018-05-14T13:33:22.000+05:30,2018-05-14T14:37:59.000+05:30,2018-05-14T14:38:04.000+05:30,3.655,64.61666666666666,64.7,2018-05-14,13,2,5
2_39_79_381_2018-05-14 13:39:10.934847,2-39-79-381,0002,2018-05-14T13:39:11.000+05:30,2018-05-14T23:04:39.000+05:30,2018-05-14T23:04:28.000+05:30,21.578,565.4666666666667,565.2833333333333,2018-05-14,13,2,5
2_39_79_380_2018-05-14 13:50:25.765617,2-39-79-380,0002,2018-05-14T13:50:26.000+05:30,2018-05-14T20:43:40.000+05:30,2018-05-14T23:09:45.000+05:30,11.795,413.23333333333335,559.3166666666667,2018-05-14,13,2,5
2_39_78_366_2018-05-14 14:10:48.163202,2-39-78-366,0002,2018-05-14T14:10:48.000+05:30,2018-05-14T23:16:46.000+05:30,2018-05-14T23:59:11.000+05:30,7.919,545.9666666666667,588.3833333333333,2018-05-14,14,2,5
2_39_79_379_2018-05-14 14:14:02.743953,2-39-79-379,0002,2018-05-14T14:14:03.000+05:30,2018-05-14T16:04:54.000+05:30,2018-05-14T19:09:04.000+05:30,6.694,110.85,295.01666666666665,2018-05-14,14,2,5
2_39_92_442_2018-05-14 14:51:43.513858,2-39-92-442,0002,2018-05-14T14:51:44.000+05:30,2018-05-14T15:53:04.000+05:30,2018-05-14T23:54:26.000+05:30,2.832,61.333333333333336,542.7,2018-05-14,14,2,5
2_39_138_29_2018-05-14 14:54:27.245329,2-39-138-29,0002,2018-05-14T14:54:27.000+05:30,2018-05-14T15:15:44.000+05:30,2018-05-14T15:59:05.000+05:30,2.342,21.283333333333335,64.63333333333334,2018-05-14,14,2,5
2_39_95_27_2018-05-14 14:57:20.425714,2-39-95-27,0002,2018-05-14T14:57:20.000+05:30,2018-05-14T17:04:18.000+05:30,2018-05-15T00:14:38.000+05:30,7.183,126.96666666666667,557.3,2018-05-14,14,2,5
2_39_79_376_2018-05-14 14:58:29.520486,2-39-79-376,0002,2018-05-14T14:58:30.000+05:30,2018-05-14T19:39:08.000+05:30,2018-05-15T00:05:40.000+05:30,9.9,280.6333333333333,547.1666666666666,2018-05-14,14,2,5
2_39_79_382_2018-05-14 15:06:04.068864,2-39-79-382,0002,2018-05-14T15:06:04.000+05:30,2018-05-14T19:35:46.000+05:30,2018-05-14T23:28:13.000+05:30,8.303,269.7,502.15,2018-05-14,15,2,5
2_39_124_22_2018-05-14 15:06:20.844212,2-39-124-22,0002,2018-05-14T15:06:21.000+05:30,2018-05-14T17:28:36.000+05:30,2018-05-14T23:12:50.000+05:30,6.243,142.25,486.48333333333335,2018-05-14,15,2,5
2_39_89_439_2018-05-14 15:06:39.000409,2-39-89-439,0002,2018-05-14T15:06:39.000+05:30,2018-05-14T23:04:59.000+05:30,2018-05-14T23:26:36.000+05:30,36.19,478.3333333333333,499.95,2018-05-14,15,2,5
2_39_92_436_2018-05-14 15:10:44.636736,2-39-92-436,0002,2018-05-14T15:10:45.000+05:30,2018-05-14T18:41:43.000+05:30,2018-05-14T18:41:45.000+05:30,11.847,210.96666666666667,211.0,2018-05-14,15,2,5
2_39_79_383_2018-05-14 15:13:52.368099,2-39-79-383,0002,2018-05-14T15:13:52.000+05:30,2018-05-14T22:45:08.000+05:30,2018-05-15T03:08:15.000+05:30,23.343,451.26666666666665,714.3833333333333,2018-05-14,15,2,5
2_39_126_20_2018-05-14 15:17:52.625919,2-39-126-20,0002,2018-05-14T15:17:53.000+05:30,2018-05-14T16:46:48.000+05:30,2018-05-15T00:19:56.000+05:30,3.21,88.91666666666667,542.05,2018-05-14,15,2,5
2_39_78_360_2018-05-14 15:17:54.074138,2-39-78-360,0002,2018-05-14T15:17:54.000+05:30,2018-05-14T18:12:46.000+05:30,2018-05-15T00:20:57.000+05:30,7.928988948622949,174.86666666666667,543.05,2018-05-14,15,2,5
2_39_90_26_2018-05-14 15:28:41.906609,2-39-90-26,0002,2018-05-14T15:28:42.000+05:30,2018-05-14T17:37:52.000+05:30,2018-05-14T18:14:09.000+05:30,9.193,129.16666666666666,165.45,2018-05-14,15,2,5
2_39_78_363_2018-05-14 15:30:16.731087,2-39-78-363,0002,2018-05-14T15:30:17.000+05:30,2018-05-14T18:19:05.000+05:30,2018-05-15T00:56:57.000+05:30,6.8267577658300915,168.8,566.6666666666666,2018-05-14,15,2,5
2_39_126_560_2018-05-14 15:30:42.120610,2-39-126-560,0002,2018-05-14T15:30:42.000+05:30,2018-05-14T17:19:27.000+05:30,2018-05-15T01:13:36.000+05:30,2.955,108.75,582.9,2018-05-14,15,2,5
2_39_78_362_2018-05-14 15:36:43.096542,2-39-78-362,0002,2018-05-14T15:36:43.000+05:30,2018-05-14T21:38:29.000+05:30,2018-05-14T21:37:29.000+05:30,3.3960692950965163,361.76666666666665,360.76666666666665,2018-05-14,15,2,5
2_39_131_30_2018-05-14 15:43:29.234340,2-39-131-30,0002,2018-05-14T15:43:29.000+05:30,2018-05-14T22:59:43.000+05:30,2018-05-14T22:59:48.000+05:30,9.702,436.23333333333335,436.31666666666666,2018-05-14,15,2,5
2_39_78_364_2018-05-14 15:49:55.011920,2-39-78-364,0002,2018-05-14T15:49:55.000+05:30,2018-05-14T17:27:30.000+05:30,2018-05-14T18:26:45.000+05:30,2.9518727598569243,97.58333333333333,156.83333333333334,2018-05-14,15,2,5
2_39_127_19_2018-05-14 15:57:44.161989,2-39-127-19,0002,2018-05-14T15:57:44.000+05:30,2018-05-14T19:51:05.000+05:30,2018-05-15T01:22:34.000+05:30,5.683,233.35,564.8333333333334,2018-05-14,15,2,5
2_39_129_17_2018-05-14 15:58:23.437894,2-39-129-17,0002,2018-05-14T15:58:23.000+05:30,2018-05-14T17:12:01.000+05:30,2018-05-15T00:05:56.000+05:30,1.122,73.63333333333334,487.55,2018-05-14,15,2,5
2_39_123_557_2018-05-14 15:59:58.018752,2-39-123-557,0002,2018-05-14T15:59:58.000+05:30,2018-05-15T00:57:33.000+05:30,2018-05-15T00:59:23.000+05:30,13.94,537.5833333333334,539.4166666666666,2018-05-14,15,2,5
2_39_89_25_2018-05-14 16:02:25.249283,2-39-89-25,0002,2018-05-14T16:02:25.000+05:30,2018-05-15T00:02:12.000+05:30,2018-05-15T00:58:29.000+05:30,30.378,479.78333333333336,536.0666666666667,2018-05-14,16,2,5
2_39_123_23_2018-05-14 16:02:41.571040,2-39-123-23,0002,2018-05-14T16:02:42.000+05:30,2018-05-15T00:36:37.000+05:30,2018-05-15T00:46:29.000+05:30,13.885,513.9166666666666,523.7833333333333,2018-05-14,16,2,5
2_39_138_29_2018-05-14 16:02:49.634122,2-39-138-29,0002,2018-05-14T16:02:50.000+05:30,2018-05-14T17:54:49.000+05:30,2018-05-14T17:54:51.000+05:30,2.357,111.98333333333333,112.01666666666667,2018-05-14,16,2,5
2_39_78_361_2018-05-14 16:10:16.876177,2-39-78-361,0002,2018-05-14T16:10:17.000+05:30,2018-05-14T21:59:01.000+05:30,2018-05-15T00:03:18.000+05:30,4.751,348.73333333333335,473.01666666666665,2018-05-14,16,2,5
2_39_79_378_2018-05-14 16:12:54.153231,2-39-79-378,0002,2018-05-14T16:12:54.000+05:30,2018-05-14T20:33:54.000+05:30,2018-05-15T01:04:18.000+05:30,9.32,261.0,531.4,2018-05-14,16,2,5
2_39_88_24_2018-05-14 16:22:28.037144,2-39-88-24,0002,2018-05-14T16:22:28.000+05:30,2018-05-14T18:55:21.000+05:30,2018-05-15T01:36:44.000+05:30,4.84,152.88333333333333,554.2666666666667,2018-05-14,16,2,5
2_39_91_441_2018-05-14 16:24:43.012321,2-39-91-441,0002,2018-05-14T16:24:43.000+05:30,2018-05-14T17:49:21.000+05:30,2018-05-15T02:41:07.000+05:30,1.884,84.63333333333334,616.4,2018-05-14,16,2,5
2_39_95_444_2018-05-14 16:40:59.966986,2-39-95-444,0002,2018-05-14T16:41:00.000+05:30,2018-05-14T20:12:25.000+05:30,2018-05-15T00:10:30.000+05:30,5.367,211.41666666666666,449.5,2018-05-14,16,2,5
2_39_90_440_2018-05-14 16:44:09.346156,2-39-90-440,0002,2018-05-14T16:44:09.000+05:30,2018-05-14T18:16:49.000+05:30,2018-05-14T18:16:51.000+05:30,3.017,92.66666666666667,92.7,2018-05-14,16,2,5
2_39_88_438_2018-05-14 16:45:02.675162,2-39-88-438,0002,2018-05-14T16:45:03.000+05:30,2018-05-14T22:44:10.000+05:30,2018-05-14T22:44:14.000+05:30,12.619,359.1166666666667,359.18333333333334,2018-05-14,16,2,5
2_39_125_559_2018-05-14 16:52:16.633321,2-39-125-559,0002,2018-05-14T16:52:17.000+05:30,2018-05-14T20:53:50.000+05:30,2018-05-15T00:30:03.000+05:30,4.829,241.55,457.76666666666665,2018-05-14,16,2,5
2_39_129_563_2018-05-14 17:04:09.750670,2-39-129-563,0002,2018-05-14T17:04:10.000+05:30,2018-05-15T00:23:45.000+05:30,2018-05-15T02:11:16.000+05:30,13.479,439.5833333333333,547.1,2018-05-14,17,2,5
2_39_78_367_2018-05-14 17:06:22.207321,2-39-78-367,0002,2018-05-14T17:06:22.000+05:30,2018-05-14T23:59:32.000+05:30,2018-05-15T02:20:10.000+05:30,10.768,413.1666666666667,553.8,2018-05-14,17,2,5
2_39_78_365_2018-05-14 17:13:11.665996,2-39-78-365,0002,2018-05-14T17:13:12.000+05:30,2018-05-14T17:53:22.000+05:30,2018-05-14T17:53:35.000+05:30,0.585,40.166666666666664,40.38333333333333,2018-05-14,17,2,5
2_39_78_365_2018-05-14 17:56:52.307429,2-39-78-365,0002,2018-05-14T17:56:52.000+05:30,2018-05-14T22:28:49.000+05:30,2018-05-15T01:17:36.000+05:30,5.328,271.95,440.73333333333335,2018-05-14,17,2,5
2_39_90_440_2018-05-14 18:26:52.575829,2-39-90-440,0002,2018-05-14T18:26:53.000+05:30,2018-05-14T22:17:08.000+05:30,2018-05-14T22:17:13.000+05:30,11.287,230.25,230.33333333333334,2018-05-14,18,2,5
2_39_78_364_2018-05-14 18:47:41.654935,2-39-78-364,0002,2018-05-14T18:47:42.000+05:30,2018-05-14T20:25:05.000+05:30,2018-05-15T00:54:39.000+05:30,1.475,97.38333333333334,366.95,2018-05-14,18,2,5
2_39_91_437_2018-05-14 20:56:06.199815,2-39-91-437,0002,2018-05-14T20:56:06.000+05:30,2018-05-14T23:46:32.000+05:30,2018-05-15T00:44:43.000+05:30,13.956,170.43333333333334,228.61666666666667,2018-05-14,20,2,5
2_39_79_377_2018-05-14 21:52:48.759700,2-39-79-377,0002,2018-05-14T21:52:49.000+05:30,2018-05-14T22:32:47.000+05:30,2018-05-14T22:32:49.000+05:30,3.212,39.96666666666667,40.0,2018-05-14,21,2,5
2_39_90_440_2018-05-14 22:23:11.477880,2-39-90-440,0002,2018-05-14T22:23:11.000+05:30,2018-05-15T01:10:36.000+05:30,2018-05-15T01:10:40.000+05:30,9.581,167.41666666666666,167.48333333333332,2018-05-14,22,2,5
2_39_79_377_2018-05-14 22:37:52.010824,2-39-79-377,0002,2018-05-14T22:37:52.000+05:30,2018-05-15T00:26:41.000+05:30,2018-05-15T01:01:10.000+05:30,11.179,108.81666666666666,143.3,2018-05-14,22,2,5
2_39_90_26_2018-05-14 22:54:07.941574,2-39-90-26,0002,2018-05-14T22:54:08.000+05:30,2018-05-15T01:04:41.000+05:30,2018-05-15T01:04:46.000+05:30,12.977,130.55,130.63333333333333,2018-05-14,22,2,5
2_39_124_22_2018-05-14 23:23:00.542380,2-39-124-22,0002,2018-05-14T23:23:01.000+05:30,2018-05-15T01:39:17.000+05:30,2018-05-15T03:08:13.000+05:30,6.939,136.26666666666668,225.2,2018-05-14,23,2,5
2_39_79_381_2018-05-14 23:55:22.020679,2-39-79-381,0002,2018-05-14T23:55:22.000+05:30,2018-05-15T05:03:43.000+05:30,2018-05-15T05:03:47.000+05:30,16.806,308.35,308.4166666666667,2018-05-14,23,2,5
2_39_138_29_2018-05-14 23:58:10.173345,2-39-138-29,0002,2018-05-14T23:58:10.000+05:30,2018-05-15T00:15:32.000+05:30,2018-05-15T00:15:41.000+05:30,0.915,17.366666666666667,17.516666666666666,2018-05-14,23,2,5
2_39_139_28_2018-05-15 00:06:39.142568,2-39-139-28,0002,2018-05-15T00:06:39.000+05:30,2018-05-15T00:39:01.000+05:30,2018-05-15T01:13:58.000+05:30,3.076,32.36666666666667,67.31666666666666,2018-05-15,0,3,5
2_39_79_379_2018-05-15 00:13:56.885635,2-39-79-379,0002,2018-05-15T00:13:57.000+05:30,2018-05-15T04:43:40.000+05:30,2018-05-15T13:01:39.000+05:30,15.427,269.71666666666664,767.7,2018-05-15,0,3,5
2_39_79_376_2018-05-15 00:20:29.930224,2-39-79-376,0002,2018-05-15T00:20:30.000+05:30,2018-05-15T02:02:41.000+05:30,2018-05-15T02:02:46.000+05:30,5.702,102.18333333333334,102.26666666666667,2018-05-15,0,3,5
2_39_83_386_2018-05-15 00:21:15.861013,2-39-83-386,0002,2018-05-15T00:21:16.000+05:30,2018-05-15T01:55:26.000+05:30,2018-05-15T01:55:31.000+05:30,7.705,94.16666666666667,94.25,2018-05-15,0,3,5
2_39_138_29_2018-05-15 00:39:27.322690,2-39-138-29,0002,2018-05-15T00:39:27.000+05:30,2018-05-15T01:58:27.000+05:30,2018-05-15T02:49:54.000+05:30,8.567,79.0,130.45,2018-05-15,0,3,5
2_39_131_30_2018-05-15 01:04:11.051272,2-39-131-30,0002,2018-05-15T01:04:11.000+05:30,2018-05-15T04:22:43.000+05:30,2018-05-15T04:22:48.000+05:30,11.572,198.53333333333333,198.61666666666667,2018-05-15,1,3,5
2_39_90_26_2018-05-15 01:15:40.335982,2-39-90-26,0002,2018-05-15T01:15:40.000+05:30,2018-05-15T01:28:36.000+05:30,2018-05-15T01:28:40.000+05:30,1.335,12.933333333333334,13.0,2018-05-15,1,3,5
2_39_78_360_2018-05-15 01:21:27.572814,2-39-78-360,0002,2018-05-15T01:21:28.000+05:30,2018-05-15T02:53:14.000+05:30,2018-05-15T02:53:20.000+05:30,10.12,91.76666666666667,91.86666666666666,2018-05-15,1,3,5
2_39_127_19_2018-05-15 01:33:44.139992,2-39-127-19,0002,2018-05-15T01:33:44.000+05:30,2018-05-15T18:31:21.000+05:30,2018-05-15T18:30:27.000+05:30,13.955,1017.6166666666667,1016.7166666666667,2018-05-15,1,3,5
2_39_139_28_2018-05-15 01:45:41.713138,2-39-139-28,0002,2018-05-15T01:45:42.000+05:30,2018-05-15T03:36:21.000+05:30,2018-05-15T03:47:44.000+05:30,12.112,110.65,122.03333333333333,2018-05-15,1,3,5
2_39_123_23_2018-05-15 02:43:19.308145,2-39-123-23,0002,2018-05-15T02:43:19.000+05:30,2018-05-15T04:43:58.000+05:30,2018-05-15T04:44:06.000+05:30,13.38,120.65,120.78333333333333,2018-05-15,2,3,5
2_39_129_17_2018-05-15 03:21:23.030349,2-39-129-17,0002,2018-05-15T03:21:23.000+05:30,2018-05-15T05:35:33.000+05:30,2018-05-15T05:35:38.000+05:30,7.326,134.16666666666666,134.25,2018-05-15,3,3,5
2_39_79_378_2018-05-15 04:54:18.296589,2-39-79-378,0002,2018-05-15T04:54:18.000+05:30,2018-05-15T06:57:34.000+05:30,2018-05-15T16:56:26.000+05:30,6.612,123.26666666666667,722.1333333333333,2018-05-15,4,3,5
2_39_128_562_2018-05-15 08:21:22.000001,2-39-128-562,0002,2018-05-15T08:21:22.000+05:30,2018-05-15T13:42:12.000+05:30,2018-05-15T13:42:16.000+05:30,11.06,320.8333333333333,320.9,2018-05-15,8,3,5
2_39_79_381_2018-05-15 11:32:35.932829,2-39-79-381,0002,2018-05-15T11:32:36.000+05:30,2018-05-15T16:09:49.000+05:30,2018-05-15T22:43:34.000+05:30,24.878,277.21666666666664,670.9666666666667,2018-05-15,11,3,5
2_39_79_377_2018-05-15 11:52:57.366151,2-39-79-377,0002,2018-05-15T11:52:57.000+05:30,2018-05-15T15:42:41.000+05:30,2018-05-15T21:28:29.000+05:30,11.653,229.73333333333332,575.5333333333333,2018-05-15,11,3,5
2_39_95_27_2018-05-15 13:30:11.247791,2-39-95-27,0002,2018-05-15T13:30:11.000+05:30,2018-05-15T16:34:24.000+05:30,2018-05-15T23:18:40.000+05:30,10.448,184.21666666666667,588.4833333333333,2018-05-15,13,3,5
2_39_79_380_2018-05-15 13:56:08.189410,2-39-79-380,0002,2018-05-15T13:56:08.000+05:30,2018-05-15T18:10:42.000+05:30,2018-05-15T23:07:03.000+05:30,8.299,254.56666666666666,550.9166666666666,2018-05-15,13,3,5
2_39_79_379_2018-05-15 14:17:11.022293,2-39-79-379,0002,2018-05-15T14:17:11.000+05:30,2018-05-15T15:32:30.000+05:30,2018-05-15T23:51:52.000+05:30,3.735,75.31666666666666,574.6833333333333,2018-05-15,14,3,5
2_39_138_29_2018-05-15 14:37:26.854343,2-39-138-29,0002,2018-05-15T14:37:27.000+05:30,2018-05-15T15:31:26.000+05:30,2018-05-15T16:13:36.000+05:30,5.999,53.983333333333334,96.15,2018-05-15,14,3,5
2_39_79_383_2018-05-15 14:43:47.396593,2-39-79-383,0002,2018-05-15T14:43:47.000+05:30,2018-05-15T15:50:07.000+05:30,2018-05-15T23:52:28.000+05:30,2.69,66.33333333333333,548.6833333333333,2018-05-15,14,3,5
2_39_79_376_2018-05-15 14:59:12.184312,2-39-79-376,0002,2018-05-15T14:59:12.000+05:30,2018-05-15T18:36:08.000+05:30,2018-05-15T22:07:13.000+05:30,10.996,216.93333333333334,428.01666666666665,2018-05-15,14,3,5
2_39_79_382_2018-05-15 15:02:41.102915,2-39-79-382,0002,2018-05-15T15:02:41.000+05:30,2018-05-15T16:30:57.000+05:30,2018-05-15T19:04:46.000+05:30,2.55,88.26666666666667,242.08333333333334,2018-05-15,15,3,5
2_39_78_361_2018-05-15 15:04:23.938416,2-39-78-361,0002,2018-05-15T15:04:24.000+05:30,2018-05-15T18:11:48.000+05:30,2018-05-15T23:29:36.000+05:30,8.032,187.4,505.2,2018-05-15,15,3,5
2_39_91_441_2018-05-15 15:18:35.246600,2-39-91-441,0002,2018-05-15T15:18:35.000+05:30,2018-05-15T17:38:48.000+05:30,2018-05-15T17:48:32.000+05:30,13.043,140.21666666666667,149.95,2018-05-15,15,3,5
2_39_131_30_2018-05-15 15:20:14.473278,2-39-131-30,0002,2018-05-15T15:20:14.000+05:30,2018-05-16T00:37:07.000+05:30,2018-05-16T00:37:12.000+05:30,13.849,556.8833333333333,556.9666666666667,2018-05-15,15,3,5
2_39_78_366_2018-05-15 15:22:09.946805,2-39-78-366,0002,2018-05-15T15:22:10.000+05:30,2018-05-15T15:42:28.000+05:30,2018-05-16T04:07:26.000+05:30,1.222,20.3,765.2666666666667,2018-05-15,15,3,5
2_39_78_365_2018-05-15 15:22:25.053971,2-39-78-365,0002,2018-05-15T15:22:25.000+05:30,2018-05-15T18:14:20.000+05:30,2018-05-15T22:42:48.000+05:30,6.35,171.91666666666666,440.3833333333333,2018-05-15,15,3,5
2_39_78_362_2018-05-15 15:29:23.827676,2-39-78-362,0002,2018-05-15T15:29:24.000+05:30,2018-05-15T23:33:55.000+05:30,2018-05-15T23:32:55.000+05:30,2.378,484.51666666666665,483.51666666666665,2018-05-15,15,3,5
2_39_89_25_2018-05-15 15:33:58.374136,2-39-89-25,0002,2018-05-15T15:33:58.000+05:30,2018-05-15T16:22:18.000+05:30,2018-05-15T17:46:39.000+05:30,1.518,48.333333333333336,132.68333333333334,2018-05-15,15,3,5
2_39_78_360_2018-05-15 15:34:12.550679,2-39-78-360,0002,2018-05-15T15:34:13.000+05:30,2018-05-15T18:32:13.000+05:30,2018-05-16T00:54:15.000+05:30,4.972,178.0,560.0333333333333,2018-05-15,15,3,5
2_39_78_367_2018-05-15 15:43:07.518127,2-39-78-367,0002,2018-05-15T15:43:08.000+05:30,2018-05-15T19:40:45.000+05:30,2018-05-15T23:29:44.000+05:30,6.496,237.61666666666667,466.6,2018-05-15,15,3,5
2_39_90_440_2018-05-15 15:47:48.486669,2-39-90-440,0002,2018-05-15T15:47:48.000+05:30,2018-05-15T17:17:23.000+05:30,2018-05-15T17:16:33.000+05:30,5.497,89.58333333333333,88.75,2018-05-15,15,3,5
2_39_91_437_2018-05-15 15:50:29.436951,2-39-91-437,0002,2018-05-15T15:50:29.000+05:30,2018-05-15T17:48:42.000+05:30,2018-05-15T17:47:44.000+05:30,10.04,118.21666666666667,117.25,2018-05-15,15,3,5
2_39_88_438_2018-05-15 16:02:24.879929,2-39-88-438,0002,2018-05-15T16:02:25.000+05:30,2018-05-15T22:29:31.000+05:30,2018-05-16T07:03:51.000+05:30,33.475,387.1,901.4333333333333,2018-05-15,16,3,5
2_39_88_24_2018-05-15 16:03:17.372530,2-39-88-24,0002,2018-05-15T16:03:17.000+05:30,2018-05-15T18:57:00.000+05:30,2018-05-15T18:57:04.000+05:30,8.987,173.71666666666667,173.78333333333333,2018-05-15,16,3,5
2_39_78_363_2018-05-15 16:09:50.774014,2-39-78-363,0002,2018-05-15T16:09:51.000+05:30,2018-05-15T17:10:32.000+05:30,2018-05-15T23:22:04.000+05:30,1.315,60.68333333333333,432.21666666666664,2018-05-15,16,3,5
2_39_129_17_2018-05-15 16:10:28.787808,2-39-129-17,0002,2018-05-15T16:10:29.000+05:30,2018-05-15T18:57:02.000+05:30,2018-05-16T00:19:35.000+05:30,3.477,166.55,489.1,2018-05-15,16,3,5
2_39_126_20_2018-05-15 16:16:41.293610,2-39-126-20,0002,2018-05-15T16:16:41.000+05:30,2018-05-15T17:56:02.000+05:30,2018-05-15T20:26:01.000+05:30,1.955,99.35,249.33333333333334,2018-05-15,16,3,5
2_39_92_442_2018-05-15 16:19:22.734879,2-39-92-442,0002,2018-05-15T16:19:23.000+05:30,2018-05-15T19:03:00.000+05:30,2018-05-15T20:13:35.000+05:30,7.303,163.61666666666667,234.2,2018-05-15,16,3,5
2_39_127_561_2018-05-15 16:21:12.161434,2-39-127-561,0002,2018-05-15T16:21:12.000+05:30,2018-05-15T17:57:40.000+05:30,2018-05-16T04:46:39.000+05:30,1.98,96.46666666666667,745.45,2018-05-15,16,3,5
2_39_123_23_2018-05-15 16:23:50.768231,2-39-123-23,0002,2018-05-15T16:23:51.000+05:30,2018-05-15T17:40:25.000+05:30,2018-05-15T17:40:30.000+05:30,1.494,76.56666666666666,76.65,2018-05-15,16,3,5
2_39_138_29_2018-05-15 16:24:02.683556,2-39-138-29,0002,2018-05-15T16:24:03.000+05:30,2018-05-15T19:37:36.000+05:30,2018-05-16T00:49:42.000+05:30,4.514,193.55,505.65,2018-05-15,16,3,5
2_39_124_22_2018-05-15 16:31:16.260743,2-39-124-22,0002,2018-05-15T16:31:16.000+05:30,2018-05-16T01:55:50.000+05:30,2018-05-16T02:12:16.000+05:30,13.029,564.5666666666667,581.0,2018-05-15,16,3,5
2_39_78_364_2018-05-15 16:47:49.816140,2-39-78-364,0002,2018-05-15T16:47:50.000+05:30,2018-05-15T20:06:02.000+05:30,2018-05-16T01:09:48.000+05:30,7.931,198.2,501.96666666666664,2018-05-15,16,3,5
2_39_83_386_2018-05-15 16:51:18.208601,2-39-83-386,0002,2018-05-15T16:51:18.000+05:30,2018-05-15T23:02:15.000+05:30,2018-05-15T23:59:12.000+05:30,7.46,370.95,427.9,2018-05-15,16,3,5
2_39_92_436_2018-05-15 17:19:04.604464,2-39-92-436,0002,2018-05-15T17:19:05.000+05:30,2018-05-15T20:56:12.000+05:30,2018-05-16T00:51:16.000+05:30,16.715,217.11666666666667,452.18333333333334,2018-05-15,17,3,5
2_39_128_18_2018-05-15 17:27:41.534267,2-39-128-18,0002,2018-05-15T17:27:42.000+05:30,2018-05-15T20:32:06.000+05:30,2018-05-16T00:04:23.000+05:30,3.738,184.4,396.68333333333334,2018-05-15,17,3,5
2_39_79_378_2018-05-15 17:31:38.260548,2-39-79-378,0002,2018-05-15T17:31:38.000+05:30,2018-05-15T21:07:24.000+05:30,2018-05-15T23:07:55.000+05:30,6.839,215.76666666666668,336.28333333333336,2018-05-15,17,3,5
2_39_91_437_2018-05-15 17:48:14.988182,2-39-91-437,0002,2018-05-15T17:48:15.000+05:30,2018-05-15T18:55:02.000+05:30,2018-05-15T20:38:29.000+05:30,3.452,66.78333333333333,170.23333333333332,2018-05-15,17,3,5
2_39_91_441_2018-05-15 17:51:56.895072,2-39-91-441,0002,2018-05-15T17:51:57.000+05:30,2018-05-15T18:12:26.000+05:30,2018-05-16T01:15:37.000+05:30,0.64,20.483333333333334,443.6666666666667,2018-05-15,17,3,5
2_39_95_444_2018-05-15 18:38:14.607112,2-39-95-444,0002,2018-05-15T18:38:15.000+05:30,2018-05-16T01:54:01.000+05:30,2018-05-16T14:51:20.000+05:30,37.44,435.76666666666665,1213.0833333333333,2018-05-15,18,3,5
2_39_79_382_2018-05-15 19:22:22.392887,2-39-79-382,0002,2018-05-15T19:22:22.000+05:30,2018-05-15T20:10:34.000+05:30,2018-05-16T01:00:42.000+05:30,1.738,48.2,338.3333333333333,2018-05-15,19,3,5
2_39_123_23_2018-05-15 19:25:50.392100,2-39-123-23,0002,2018-05-15T19:25:50.000+05:30,2018-05-15T23:25:22.000+05:30,2018-05-16T01:30:33.000+05:30,6.882,239.53333333333333,364.71666666666664,2018-05-15,19,3,5
2_39_89_439_2018-05-15 19:43:42.431686,2-39-89-439,0002,2018-05-15T19:43:42.000+05:30,2018-05-15T22:10:41.000+05:30,2018-05-16T02:49:30.000+05:30,14.903,146.98333333333332,425.8,2018-05-15,19,3,5
2_39_88_24_2018-05-15 19:54:40.339647,2-39-88-24,0002,2018-05-15T19:54:40.000+05:30,2018-05-15T20:42:09.000+05:30,2018-05-15T22:03:36.000+05:30,3.258,47.483333333333334,128.93333333333334,2018-05-15,19,3,5
2_39_123_557_2018-05-15 19:57:07.330187,2-39-123-557,0002,2018-05-15T19:57:07.000+05:30,2018-05-16T00:52:32.000+05:30,2018-05-16T01:23:49.000+05:30,13.592,295.4166666666667,326.7,2018-05-15,19,3,5
2_39_126_560_2018-05-15 20:05:15.343691,2-39-126-560,0002,2018-05-15T20:05:15.000+05:30,2018-05-15T23:19:30.000+05:30,2018-05-16T00:21:07.000+05:30,7.562,194.25,255.86666666666667,2018-05-15,20,3,5
2_39_125_21_2018-05-15 20:10:18.844001,2-39-125-21,0002,2018-05-15T20:10:19.000+05:30,2018-05-15T22:53:27.000+05:30,2018-05-15T22:53:31.000+05:30,6.174,163.13333333333333,163.2,2018-05-15,20,3,5
2_39_128_562_2018-05-15 20:17:11.887115,2-39-128-562,0002,2018-05-15T20:17:12.000+05:30,2018-05-16T00:34:35.000+05:30,2018-05-16T05:22:00.000+05:30,2.527,257.3833333333333,544.8,2018-05-15,20,3,5
2_39_92_442_2018-05-15 21:01:22.014844,2-39-92-442,0002,2018-05-15T21:01:22.000+05:30,2018-05-15T22:42:18.000+05:30,2018-05-16T01:15:40.000+05:30,5.421,100.93333333333334,254.3,2018-05-15,21,3,5
2_39_90_26_2018-05-15 22:41:19.402076,2-39-90-26,0002,2018-05-15T22:41:19.000+05:30,2018-05-16T00:48:40.000+05:30,2018-05-16T00:48:45.000+05:30,9.01,127.35,127.43333333333334,2018-05-15,22,3,5
2_39_126_20_2018-05-15 23:21:46.092529,2-39-126-20,0002,2018-05-15T23:21:46.000+05:30,2018-05-16T01:52:37.000+05:30,2018-05-16T02:48:17.000+05:30,6.906,150.85,206.51666666666668,2018-05-15,23,3,5
2_39_95_27_2018-05-15 23:48:21.302459,2-39-95-27,0002,2018-05-15T23:48:21.000+05:30,2018-05-16T00:35:46.000+05:30,2018-05-16T00:35:50.000+05:30,2.729,47.416666666666664,47.483333333333334,2018-05-15,23,3,5
2_39_78_363_2018-05-16 00:03:06.722363,2-39-78-363,0002,2018-05-16T00:03:07.000+05:30,2018-05-16T04:36:46.000+05:30,2018-05-16T04:36:47.000+05:30,16.054,273.65,273.6666666666667,2018-05-16,0,4,5
2_39_139_28_2018-05-16 00:12:52.923379,2-39-139-28,0002,2018-05-16T00:12:53.000+05:30,2018-05-16T00:59:30.000+05:30,2018-05-16T00:59:35.000+05:30,4.541,46.61666666666667,46.7,2018-05-16,0,4,5
2_39_79_379_2018-05-16 00:34:41.264888,2-39-79-379,0002,2018-05-16T00:34:41.000+05:30,2018-05-16T04:49:38.000+05:30,2018-05-16T13:10:54.000+05:30,14.503,254.95,756.2166666666667,2018-05-16,0,4,5
2_39_130_564_2018-05-16 01:01:20.515332,2-39-130-564,0002,2018-05-16T01:01:21.000+05:30,2018-05-16T12:13:30.000+05:30,2018-05-16T12:14:49.000+05:30,13.915,672.15,673.4666666666667,2018-05-16,1,4,5
2_39_129_17_2018-05-16 01:08:58.692272,2-39-129-17,0002,2018-05-16T01:08:59.000+05:30,2018-05-16T04:21:01.000+05:30,2018-05-16T04:21:25.000+05:30,13.91,192.03333333333333,192.43333333333334,2018-05-16,1,4,5
2_39_139_28_2018-05-16 01:17:11.175648,2-39-139-28,0002,2018-05-16T01:17:11.000+05:30,2018-05-16T03:23:48.000+05:30,2018-05-16T04:04:04.000+05:30,6.646,126.61666666666666,166.88333333333333,2018-05-16,1,4,5
2_39_123_23_2018-05-16 01:42:18.800887,2-39-123-23,0002,2018-05-16T01:42:19.000+05:30,2018-05-16T03:59:30.000+05:30,2018-05-16T04:05:55.000+05:30,7.513,137.18333333333334,143.6,2018-05-16,1,4,5
2_39_79_376_2018-05-16 02:00:34.916875,2-39-79-376,0002,2018-05-16T02:00:35.000+05:30,2018-05-16T05:08:09.000+05:30,2018-05-16T05:08:13.000+05:30,11.02,187.56666666666666,187.63333333333333,2018-05-16,2,4,5
2_39_131_30_2018-05-16 02:50:31.437010,2-39-131-30,0002,2018-05-16T02:50:31.000+05:30,2018-05-16T03:07:39.000+05:30,2018-05-16T03:07:44.000+05:30,1.886,17.133333333333333,17.216666666666665,2018-05-16,2,4,5
2_39_130_31_2018-05-16 03:25:13.589741,2-39-130-31,0002,2018-05-16T03:25:14.000+05:30,2018-05-16T04:33:47.000+05:30,2018-05-16T04:33:52.000+05:30,7.611,68.55,68.63333333333334,2018-05-16,3,4,5
2_39_79_378_2018-05-16 03:28:07.455937,2-39-79-378,0002,2018-05-16T03:28:07.000+05:30,2018-05-16T05:33:18.000+05:30,2018-05-16T16:34:45.000+05:30,6.703,125.18333333333334,786.6333333333333,2018-05-16,3,4,5
2_39_78_365_2018-05-16 04:04:20.440686,2-39-78-365,0002,2018-05-16T04:04:20.000+05:30,2018-05-16T06:57:51.000+05:30,2018-05-16T06:57:57.000+05:30,19.775,173.51666666666668,173.61666666666667,2018-05-16,4,4,5
2_39_88_24_2018-05-16 04:46:55.848182,2-39-88-24,0002,2018-05-16T04:46:56.000+05:30,2018-05-16T06:48:14.000+05:30,2018-05-16T13:45:41.000+05:30,13.223,121.3,538.75,2018-05-16,4,4,5
2_39_91_441_2018-05-16 05:29:03.763849,2-39-91-441,0002,2018-05-16T05:29:04.000+05:30,2018-05-16T05:55:55.000+05:30,2018-05-16T05:55:59.000+05:30,3.057,26.85,26.916666666666668,2018-05-16,5,4,5
2_39_139_28_2018-05-16 08:55:21.146759,2-39-139-28,0002,2018-05-16T08:55:21.000+05:30,2018-05-16T11:46:30.000+05:30,2018-05-16T16:08:03.000+05:30,9.856,171.15,432.7,2018-05-16,8,4,5
2_39_79_377_2018-05-16 11:49:46.763676,2-39-79-377,0002,2018-05-16T11:49:47.000+05:30,2018-05-16T15:24:24.000+05:30,2018-05-16T21:23:36.000+05:30,11.589,214.61666666666667,573.8166666666667,2018-05-16,11,4,5
2_39_130_31_2018-05-16 12:54:55.438634,2-39-130-31,0002,2018-05-16T12:54:55.000+05:30,2018-05-16T13:24:36.000+05:30,2018-05-16T13:24:45.000+05:30,3.385,29.683333333333334,29.833333333333332,2018-05-16,12,4,5
2_39_125_21_2018-05-16 13:08:07.959157,2-39-125-21,0002,2018-05-16T13:08:08.000+05:30,2018-05-16T14:24:34.000+05:30,2018-05-16T14:24:39.000+05:30,4.168,76.43333333333334,76.51666666666667,2018-05-16,13,4,5
2_39_79_380_2018-05-16 13:53:57.405639,2-39-79-380,0002,2018-05-16T13:53:57.000+05:30,2018-05-16T16:07:17.000+05:30,2018-05-16T18:41:06.000+05:30,5.799,133.33333333333334,287.15,2018-05-16,13,4,5
2_39_79_376_2018-05-16 14:13:01.345458,2-39-79-376,0002,2018-05-16T14:13:01.000+05:30,2018-05-17T00:00:36.000+05:30,2018-05-17T00:00:39.000+05:30,41.651,587.5833333333334,587.6333333333333,2018-05-16,14,4,5
2_39_79_379_2018-05-16 14:14:13.004306,2-39-79-379,0002,2018-05-16T14:14:13.000+05:30,2018-05-16T15:16:16.000+05:30,2018-05-16T23:54:29.000+05:30,2.701,62.05,580.2666666666667,2018-05-16,14,4,5
2_39_95_27_2018-05-16 14:17:28.820150,2-39-95-27,0002,2018-05-16T14:17:29.000+05:30,2018-05-16T16:51:09.000+05:30,2018-05-16T22:22:23.000+05:30,8.717,153.66666666666666,484.9,2018-05-16,14,4,5
2_39_91_437_2018-05-16 14:39:41.485334,2-39-91-437,0002,2018-05-16T14:39:41.000+05:30,2018-05-16T15:37:41.000+05:30,2018-05-17T03:13:29.000+05:30,6.111,58.0,753.8,2018-05-16,14,4,5
2_39_78_365_2018-05-16 14:57:50.787847,2-39-78-365,0002,2018-05-16T14:57:51.000+05:30,2018-05-16T16:18:54.000+05:30,2018-05-16T16:19:00.000+05:30,5.518,81.05,81.15,2018-05-16,14,4,5
2_39_89_439_2018-05-16 15:01:26.041623,2-39-89-439,0002,2018-05-16T15:01:26.000+05:30,2018-05-16T17:08:27.000+05:30,2018-05-16T18:59:43.000+05:30,12.634,127.01666666666667,238.28333333333333,2018-05-16,15,4,5
2_39_79_381_2018-05-16 15:06:45.208678,2-39-79-381,0002,2018-05-16T15:06:45.000+05:30,2018-05-16T17:06:13.000+05:30,2018-05-16T20:02:18.000+05:30,5.479,119.46666666666667,295.55,2018-05-16,15,4,5
2_39_88_24_2018-05-16 15:16:54.947688,2-39-88-24,0002,2018-05-16T15:16:55.000+05:30,2018-05-16T20:51:21.000+05:30,2018-05-17T00:23:34.000+05:30,9.767,334.43333333333334,546.65,2018-05-16,15,4,5
2_39_91_441_2018-05-16 15:21:56.725333,2-39-91-441,0002,2018-05-16T15:21:57.000+05:30,2018-05-16T16:42:43.000+05:30,2018-05-17T01:37:45.000+05:30,7.272,80.76666666666667,615.8,2018-05-16,15,4,5
2_39_78_360_2018-05-16 15:25:30.448799,2-39-78-360,0002,2018-05-16T15:25:30.000+05:30,2018-05-16T18:01:58.000+05:30,2018-05-17T01:19:26.000+05:30,5.152,156.46666666666667,593.9333333333333,2018-05-16,15,4,5
2_39_131_30_2018-05-16 15:26:52.617447,2-39-131-30,0002,2018-05-16T15:26:53.000+05:30,2018-05-16T18:32:25.000+05:30,2018-05-16T19:33:06.000+05:30,5.187,185.53333333333333,246.21666666666667,2018-05-16,15,4,5
2_39_127_19_2018-05-16 15:27:16.803139,2-39-127-19,0002,2018-05-16T15:27:17.000+05:30,2018-05-16T17:27:40.000+05:30,2018-05-17T02:59:40.000+05:30,3.166,120.38333333333334,692.3833333333333,2018-05-16,15,4,5
2_39_79_382_2018-05-16 15:28:48.698928,2-39-79-382,0002,2018-05-16T15:28:49.000+05:30,2018-05-16T16:55:22.000+05:30,2018-05-17T00:12:36.000+05:30,4.442,86.55,523.7833333333333,2018-05-16,15,4,5
2_39_79_383_2018-05-16 15:28:54.349862,2-39-79-383,0002,2018-05-16T15:28:54.000+05:30,2018-05-16T16:21:07.000+05:30,2018-05-17T00:35:17.000+05:30,2.874,52.21666666666667,546.3833333333333,2018-05-16,15,4,5
2_39_92_442_2018-05-16 15:30:00.568543,2-39-92-442,0002,2018-05-16T15:30:01.000+05:30,2018-05-16T16:36:44.000+05:30,2018-05-16T23:53:30.000+05:30,2.892,66.71666666666667,503.48333333333335,2018-05-16,15,4,5
2_39_78_363_2018-05-16 15:34:27.348297,2-39-78-363,0002,2018-05-16T15:34:27.000+05:30,2018-05-16T19:09:53.000+05:30,2018-05-17T00:47:12.000+05:30,6.601,215.43333333333334,552.75,2018-05-16,15,4,5
2_39_92_436_2018-05-16 15:37:28.335064,2-39-92-436,0002,2018-05-16T15:37:28.000+05:30,2018-05-16T16:53:58.000+05:30,2018-05-16T19:38:39.000+05:30,5.995,76.5,241.18333333333334,2018-05-16,15,4,5
2_39_78_366_2018-05-16 15:38:42.826687,2-39-78-366,0002,2018-05-16T15:38:43.000+05:30,2018-05-16T23:56:19.000+05:30,2018-05-17T01:43:07.000+05:30,18.022,497.6,604.4,2018-05-16,15,4,5
2_39_78_361_2018-05-16 15:39:05.544840,2-39-78-361,0002,2018-05-16T15:39:06.000+05:30,2018-05-16T23:43:48.000+05:30,2018-05-16T23:43:55.000+05:30,8.37,484.7,484.81666666666666,2018-05-16,15,4,5
2_39_89_25_2018-05-16 15:39:29.206543,2-39-89-25,0002,2018-05-16T15:39:29.000+05:30,2018-05-16T16:50:05.000+05:30,2018-05-17T00:45:48.000+05:30,1.966,70.6,546.3166666666667,2018-05-16,15,4,5
2_39_90_26_2018-05-16 15:40:35.436718,2-39-90-26,0002,2018-05-16T15:40:35.000+05:30,2018-05-16T18:00:32.000+05:30,2018-05-16T23:47:00.000+05:30,7.249,139.95,486.4166666666667,2018-05-16,15,4,5
2_39_78_364_2018-05-16 15:51:34.330916,2-39-78-364,0002,2018-05-16T15:51:34.000+05:30,2018-05-16T16:44:14.000+05:30,2018-05-17T02:24:27.000+05:30,2.275,52.666666666666664,632.8833333333333,2018-05-16,15,4,5
2_39_78_367_2018-05-16 15:55:30.765784,2-39-78-367,0002,2018-05-16T15:55:31.000+05:30,2018-05-16T20:04:18.000+05:30,2018-05-17T01:32:44.000+05:30,7.337,248.78333333333333,577.2166666666667,2018-05-16,15,4,5
2_39_126_20_2018-05-16 16:00:25.681524,2-39-126-20,0002,2018-05-16T16:00:26.000+05:30,2018-05-16T23:58:30.000+05:30,2018-05-16T23:58:38.000+05:30,13.734,478.06666666666666,478.2,2018-05-16,16,4,5
2_39_123_557_2018-05-16 16:01:28.126355,2-39-123-557,0002,2018-05-16T16:01:28.000+05:30,2018-05-17T00:08:32.000+05:30,2018-05-17T00:08:56.000+05:30,16.36,487.06666666666666,487.46666666666664,2018-05-16,16,4,5
2_39_129_17_2018-05-16 16:02:55.675775,2-39-129-17,0002,2018-05-16T16:02:56.000+05:30,2018-05-16T19:09:50.000+05:30,2018-05-16T23:50:10.000+05:30,3.813,186.9,467.23333333333335,2018-05-16,16,4,5
2_39_123_23_2018-05-16 16:05:47.496172,2-39-123-23,0002,2018-05-16T16:05:47.000+05:30,2018-05-16T19:28:12.000+05:30,2018-05-17T00:18:15.000+05:30,4.051,202.41666666666666,492.46666666666664,2018-05-16,16,4,5
2_39_139_28_2018-05-16 16:16:30.748659,2-39-139-28,0002,2018-05-16T16:16:31.000+05:30,2018-05-16T21:23:29.000+05:30,2018-05-17T01:27:02.000+05:30,6.676,306.96666666666664,550.5166666666667,2018-05-16,16,4,5
2_39_125_21_2018-05-16 16:26:05.438134,2-39-125-21,0002,2018-05-16T16:26:05.000+05:30,2018-05-16T18:40:51.000+05:30,2018-05-17T01:07:39.000+05:30,2.667,134.76666666666668,521.5666666666667,2018-05-16,16,4,5
2_39_128_562_2018-05-16 16:26:24.649523,2-39-128-562,0002,2018-05-16T16:26:25.000+05:30,2018-05-16T21:55:31.000+05:30,2018-05-16T21:55:36.000+05:30,10.286,329.1,329.18333333333334,2018-05-16,16,4,5
2_39_129_563_2018-05-16 16:26:36.357829,2-39-129-563,0002,2018-05-16T16:26:36.000+05:30,2018-05-16T17:25:14.000+05:30,2018-05-17T04:11:12.000+05:30,1.99,58.63333333333333,704.6,2018-05-16,16,4,5
2_39_78_365_2018-05-16 16:26:36.507736,2-39-78-365,0002,2018-05-16T16:26:36.000+05:30,2018-05-16T18:04:44.000+05:30,2018-05-16T23:52:43.000+05:30,2.772,98.13333333333334,446.1166666666667,2018-05-16,16,4,5
2_39_78_362_2018-05-16 16:36:29.283563,2-39-78-362,0002,2018-05-16T16:36:29.000+05:30,2018-05-17T02:11:15.000+05:30,2018-05-17T02:10:15.000+05:30,12.815,574.7666666666667,573.7666666666667,2018-05-16,16,4,5
2_39_79_378_2018-05-16 17:06:04.462532,2-39-79-378,0002,2018-05-16T17:06:04.000+05:30,2018-05-16T18:41:30.000+05:30,2018-05-17T00:17:27.000+05:30,4.677,95.43333333333334,431.3833333333333,2018-05-16,17,4,5
2_39_124_22_2018-05-16 17:06:44.261170,2-39-124-22,0002,2018-05-16T17:06:44.000+05:30,2018-05-16T21:17:10.000+05:30,2018-05-17T01:30:38.000+05:30,5.183,250.43333333333334,503.9,2018-05-16,17,4,5
2_39_88_438_2018-05-16 17:08:25.066875,2-39-88-438,0002,2018-05-16T17:08:25.000+05:30,2018-05-16T20:59:36.000+05:30,2018-05-17T02:11:43.000+05:30,16.0,231.18333333333334,543.3,2018-05-16,17,4,5
2_39_95_444_2018-05-16 17:19:22.150104,2-39-95-444,0002,2018-05-16T17:19:22.000+05:30,2018-05-16T21:14:06.000+05:30,2018-05-16T21:50:37.000+05:30,17.098,234.73333333333332,271.25,2018-05-16,17,4,5
2_39_138_566_2018-05-16 17:36:24.706376,2-39-138-566,0002,2018-05-16T17:36:25.000+05:30,2018-05-16T19:03:22.000+05:30,2018-05-17T17:42:47.000+05:30,2.654,86.95,1446.3666666666666,2018-05-16,17,4,5
2_39_127_561_2018-05-16 17:38:38.135904,2-39-127-561,0002,2018-05-16T17:38:38.000+05:30,2018-05-16T23:21:49.000+05:30,2018-05-17T00:59:12.000+05:30,11.865,343.18333333333334,440.56666666666666,2018-05-16,17,4,5
2_39_131_565_2018-05-16 17:49:18.643330,2-39-131-565,0002,2018-05-16T17:49:19.000+05:30,2018-05-17T03:18:17.000+05:30,2018-05-17T03:18:21.000+05:30,21.309,568.9666666666667,569.0333333333333,2018-05-16,17,4,5
2_39_90_440_2018-05-16 18:24:07.579151,2-39-90-440,0002,2018-05-16T18:24:08.000+05:30,2018-05-16T23:14:13.000+05:30,2018-05-16T23:14:22.000+05:30,6.178,290.0833333333333,290.23333333333335,2018-05-16,18,4,5
2_39_128_18_2018-05-16 19:04:19.138273,2-39-128-18,0002,2018-05-16T19:04:19.000+05:30,2018-05-16T19:32:29.000+05:30,2018-05-16T19:32:33.000+05:30,0.561,28.166666666666668,28.233333333333334,2018-05-16,19,4,5
2_39_79_380_2018-05-16 19:31:40.466752,2-39-79-380,0002,2018-05-16T19:31:40.000+05:30,2018-05-16T20:13:46.000+05:30,2018-05-16T20:13:50.000+05:30,2.116,42.1,42.166666666666664,2018-05-16,19,4,5
2_39_92_436_2018-05-16 20:15:21.210612,2-39-92-436,0002,2018-05-16T20:15:21.000+05:30,2018-05-16T20:37:25.000+05:30,2018-05-17T01:32:23.000+05:30,0.985,22.066666666666666,317.03333333333336,2018-05-16,20,4,5
2_39_89_439_2018-05-16 20:52:01.921673,2-39-89-439,0002,2018-05-16T20:52:02.000+05:30,2018-05-17T01:56:46.000+05:30,2018-05-17T06:33:22.000+05:30,2.541,304.73333333333335,581.3333333333334,2018-05-16,20,4,5
2_39_79_377_2018-05-16 21:28:39.487168,2-39-79-377,0002,2018-05-16T21:28:39.000+05:30,2018-05-16T23:28:46.000+05:30,2018-05-17T02:14:45.000+05:30,6.351,120.11666666666666,286.1,2018-05-16,21,4,5
2_39_128_18_2018-05-16 21:41:40.602643,2-39-128-18,0002,2018-05-16T21:41:41.000+05:30,2018-05-16T23:38:26.000+05:30,2018-05-17T01:14:44.000+05:30,4.869,116.75,213.05,2018-05-16,21,4,5
2_39_79_380_2018-05-16 21:45:19.696602,2-39-79-380,0002,2018-05-16T21:45:20.000+05:30,2018-05-16T23:05:51.000+05:30,2018-05-17T01:50:14.000+05:30,4.394,80.51666666666667,244.9,2018-05-16,21,4,5
2_39_95_27_2018-05-16 22:59:10.024750,2-39-95-27,0002,2018-05-16T22:59:10.000+05:30,2018-05-17T00:14:29.000+05:30,2018-05-17T01:11:15.000+05:30,3.649,75.31666666666666,132.08333333333334,2018-05-16,22,4,5
2_39_79_381_2018-05-16 23:04:42.619987,2-39-79-381,0002,2018-05-16T23:04:43.000+05:30,2018-05-17T01:29:38.000+05:30,2018-05-17T01:29:42.000+05:30,13.08,144.91666666666666,144.98333333333332,2018-05-16,23,4,5
2_39_95_444_2018-05-16 23:10:49.096579,2-39-95-444,0002,2018-05-16T23:10:49.000+05:30,2018-05-16T23:41:13.000+05:30,2018-05-17T02:34:37.000+05:30,2.773,30.4,203.8,2018-05-16,23,4,5
2_39_92_442_2018-05-16 23:55:28.001495,2-39-92-442,0002,2018-05-16T23:55:28.000+05:30,2018-05-17T00:21:00.000+05:30,2018-05-17T00:21:05.000+05:30,1.471,25.533333333333335,25.616666666666667,2018-05-16,23,4,5
2_39_129_17_2018-05-17 00:10:39.496056,2-39-129-17,0002,2018-05-17T00:10:39.000+05:30,2018-05-17T03:16:35.000+05:30,2018-05-17T03:16:40.000+05:30,13.616,185.93333333333334,186.01666666666668,2018-05-17,0,5,5
2_39_138_29_2018-05-17 00:11:25.410132,2-39-138-29,0002,2018-05-17T00:11:25.000+05:30,2018-05-17T01:29:22.000+05:30,2018-05-17T01:29:27.000+05:30,5.236,77.95,78.03333333333333,2018-05-17,0,5,5
2_39_78_365_2018-05-17 00:16:31.348498,2-39-78-365,0002,2018-05-17T00:16:31.000+05:30,2018-05-17T01:00:16.000+05:30,2018-05-17T01:00:22.000+05:30,3.86,43.75,43.85,2018-05-17,0,5,5
2_39_79_379_2018-05-17 00:19:53.716721,2-39-79-379,0002,2018-05-17T00:19:54.000+05:30,2018-05-17T05:02:57.000+05:30,2018-05-17T13:01:06.000+05:30,16.103,283.05,761.2,2018-05-17,0,5,5
2_39_79_376_2018-05-17 00:25:43.284225,2-39-79-376,0002,2018-05-17T00:25:43.000+05:30,2018-05-17T05:03:29.000+05:30,2018-05-17T05:07:02.000+05:30,15.536,277.76666666666665,281.31666666666666,2018-05-17,0,5,5
2_39_90_26_2018-05-17 00:31:04.479485,2-39-90-26,0002,2018-05-17T00:31:04.000+05:30,2018-05-17T05:25:50.000+05:30,2018-05-17T06:05:11.000+05:30,16.758,294.76666666666665,334.1166666666667,2018-05-17,0,5,5
2_39_131_30_2018-05-17 00:51:19.120162,2-39-131-30,0002,2018-05-17T00:51:19.000+05:30,2018-05-17T02:50:55.000+05:30,2018-05-17T03:01:46.000+05:30,5.963,119.6,130.45,2018-05-17,0,5,5
2_39_88_24_2018-05-17 01:11:14.600674,2-39-88-24,0002,2018-05-17T01:11:15.000+05:30,2018-05-17T06:50:08.000+05:30,2018-05-17T14:30:53.000+05:30,15.947,338.8833333333333,799.6333333333333,2018-05-17,1,5,5
2_39_130_31_2018-05-17 01:21:41.636108,2-39-130-31,0002,2018-05-17T01:21:42.000+05:30,2018-05-17T01:45:08.000+05:30,2018-05-17T01:45:17.000+05:30,2.461,23.433333333333334,23.583333333333332,2018-05-17,1,5,5
2_39_124_22_2018-05-17 01:42:30.974817,2-39-124-22,0002,2018-05-17T01:42:31.000+05:30,2018-05-17T05:07:37.000+05:30,2018-05-17T05:07:42.000+05:30,15.232,205.1,205.18333333333334,2018-05-17,1,5,5
2_39_139_28_2018-05-17 02:12:01.007394,2-39-139-28,0002,2018-05-17T02:12:01.000+05:30,2018-05-17T04:11:05.000+05:30,2018-05-17T04:11:09.000+05:30,11.634,119.06666666666666,119.13333333333334,2018-05-17,2,5,5
2_39_78_365_2018-05-17 02:27:13.303219,2-39-78-365,0002,2018-05-17T02:27:13.000+05:30,2018-05-17T04:13:12.000+05:30,2018-05-17T04:39:49.000+05:30,10.419,105.98333333333333,132.6,2018-05-17,2,5,5
2_39_92_436_2018-05-17 02:32:21.037717,2-39-92-436,0002,2018-05-17T02:32:21.000+05:30,2018-05-17T04:37:43.000+05:30,2018-05-17T13:47:47.000+05:30,13.103,125.36666666666666,675.4333333333333,2018-05-17,2,5,5
2_39_127_19_2018-05-17 03:05:34.710107,2-39-127-19,0002,2018-05-17T03:05:35.000+05:30,2018-05-17T04:35:17.000+05:30,2018-05-17T05:06:39.000+05:30,4.516,89.7,121.06666666666666,2018-05-17,3,5,5
2_39_79_378_2018-05-17 04:27:41.008028,2-39-79-378,0002,2018-05-17T04:27:41.000+05:30,2018-05-17T06:43:02.000+05:30,2018-05-17T16:21:36.000+05:30,6.534,135.35,713.9166666666666,2018-05-17,4,5,5
2_39_139_28_2018-05-17 04:47:32.419012,2-39-139-28,0002,2018-05-17T04:47:32.000+05:30,2018-05-17T08:01:05.000+05:30,2018-05-17T14:54:36.000+05:30,10.173,193.55,607.0666666666667,2018-05-17,4,5,5
2_39_131_30_2018-05-17 08:10:34.684721,2-39-131-30,0002,2018-05-17T08:10:35.000+05:30,2018-05-17T15:12:45.000+05:30,2018-05-17T17:29:58.000+05:30,13.941,422.1666666666667,559.3833333333333,2018-05-17,8,5,5
2_39_79_377_2018-05-17 11:46:39.805489,2-39-79-377,0002,2018-05-17T11:46:40.000+05:30,2018-05-17T15:39:56.000+05:30,2018-05-17T20:27:41.000+05:30,11.603,233.26666666666668,521.0166666666667,2018-05-17,11,5,5
2_39_79_380_2018-05-17 13:57:21.824212,2-39-79-380,0002,2018-05-17T13:57:22.000+05:30,2018-05-17T18:28:40.000+05:30,2018-05-17T23:09:12.000+05:30,10.051,271.3,551.8333333333334,2018-05-17,13,5,5
2_39_91_441_2018-05-17 13:59:59.164343,2-39-91-441,0002,2018-05-17T13:59:59.000+05:30,2018-05-17T18:15:56.000+05:30,2018-05-17T18:16:00.000+05:30,8.191,255.95,256.01666666666665,2018-05-17,13,5,5
2_39_127_19_2018-05-17 14:06:22.662202,2-39-127-19,0002,2018-05-17T14:06:23.000+05:30,2018-05-17T17:19:48.000+05:30,2018-05-17T17:18:53.000+05:30,13.97,193.41666666666666,192.5,2018-05-17,14,5,5
2_39_79_379_2018-05-17 14:11:54.197157,2-39-79-379,0002,2018-05-17T14:11:54.000+05:30,2018-05-17T15:32:45.000+05:30,2018-05-17T22:12:16.000+05:30,3.524,80.85,480.3666666666667,2018-05-17,14,5,5
2_39_79_376_2018-05-17 14:13:44.157147,2-39-79-376,0002,2018-05-17T14:13:44.000+05:30,2018-05-17T19:49:09.000+05:30,2018-05-17T23:04:41.000+05:30,15.174,335.4166666666667,530.95,2018-05-17,14,5,5
2_39_79_381_2018-05-17 14:15:14.265721,2-39-79-381,0002,2018-05-17T14:15:14.000+05:30,2018-05-17T20:43:39.000+05:30,2018-05-17T23:22:28.000+05:30,16.302,388.4166666666667,547.2333333333333,2018-05-17,14,5,5
2_39_79_383_2018-05-17 14:52:27.046693,2-39-79-383,0002,2018-05-17T14:52:27.000+05:30,2018-05-17T18:55:43.000+05:30,2018-05-17T22:20:03.000+05:30,8.578,243.26666666666668,447.6,2018-05-17,14,5,5
2_39_125_21_2018-05-17 14:52:33.982689,2-39-125-21,0002,2018-05-17T14:52:34.000+05:30,2018-05-17T18:38:50.000+05:30,2018-05-17T20:31:44.000+05:30,10.349,226.26666666666668,339.1666666666667,2018-05-17,14,5,5
2_39_79_382_2018-05-17 15:00:37.276715,2-39-79-382,0002,2018-05-17T15:00:37.000+05:30,2018-05-17T17:58:16.000+05:30,2018-05-17T17:58:21.000+05:30,6.842,177.65,177.73333333333332,2018-05-17,15,5,5
2_39_92_442_2018-05-17 15:09:22.901630,2-39-92-442,0002,2018-05-17T15:09:23.000+05:30,2018-05-17T16:09:41.000+05:30,2018-05-17T23:51:16.000+05:30,2.639,60.3,521.8833333333333,2018-05-17,15,5,5
2_39_78_361_2018-05-17 15:10:52.230906,2-39-78-361,0002,2018-05-17T15:10:52.000+05:30,2018-05-17T15:52:43.000+05:30,2018-05-18T02:33:23.000+05:30,3.439,41.85,682.5166666666667,2018-05-17,15,5,5
2_39_78_366_2018-05-17 15:18:01.199263,2-39-78-366,0002,2018-05-17T15:18:01.000+05:30,2018-05-17T18:35:34.000+05:30,2018-05-17T19:19:54.000+05:30,6.487,197.55,241.88333333333333,2018-05-17,15,5,5
2_39_95_444_2018-05-17 15:21:08.988288,2-39-95-444,0002,2018-05-17T15:21:09.000+05:30,2018-05-17T17:01:57.000+05:30,2018-05-17T23:14:10.000+05:30,6.964,100.8,473.01666666666665,2018-05-17,15,5,5
2_39_78_365_2018-05-17 15:29:55.833240,2-39-78-365,0002,2018-05-17T15:29:56.000+05:30,2018-05-17T17:56:50.000+05:30,2018-05-17T21:11:08.000+05:30,4.741,146.9,341.2,2018-05-17,15,5,5
2_39_88_24_2018-05-17 15:31:45.601400,2-39-88-24,0002,2018-05-17T15:31:46.000+05:30,2018-05-17T18:45:30.000+05:30,2018-05-17T18:45:35.000+05:30,7.136,193.73333333333332,193.81666666666666,2018-05-17,15,5,5
2_39_129_17_2018-05-17 15:33:06.828221,2-39-129-17,0002,2018-05-17T15:33:07.000+05:30,2018-05-17T17:35:59.000+05:30,2018-05-17T19:48:32.000+05:30,4.693,122.86666666666666,255.41666666666666,2018-05-17,15,5,5
2_39_130_31_2018-05-17 15:34:43.910546,2-39-130-31,0002,2018-05-17T15:34:44.000+05:30,2018-05-18T00:30:44.000+05:30,2018-05-18T00:30:56.000+05:30,11.443,536.0,536.2,2018-05-17,15,5,5
2_39_78_360_2018-05-17 15:36:06.935115,2-39-78-360,0002,2018-05-17T15:36:07.000+05:30,2018-05-18T02:45:27.000+05:30,2018-05-18T03:20:27.000+05:30,16.938,669.3333333333334,704.3333333333334,2018-05-17,15,5,5
2_39_78_363_2018-05-17 15:39:30.985771,2-39-78-363,0002,2018-05-17T15:39:31.000+05:30,2018-05-17T23:58:54.000+05:30,2018-05-17T23:57:56.000+05:30,17.085,499.3833333333333,498.4166666666667,2018-05-17,15,5,5
2_39_126_560_2018-05-17 15:41:39.070817,2-39-126-560,0002,2018-05-17T15:41:39.000+05:30,2018-05-17T21:35:15.000+05:30,2018-05-18T00:22:37.000+05:30,2.552,353.6,520.9666666666667,2018-05-17,15,5,5
2_39_88_438_2018-05-17 15:51:54.159902,2-39-88-438,0002,2018-05-17T15:51:54.000+05:30,2018-05-17T18:11:59.000+05:30,2018-05-17T22:54:52.000+05:30,5.892,140.08333333333334,422.96666666666664,2018-05-17,15,5,5
2_39_78_362_2018-05-17 15:51:54.851464,2-39-78-362,0002,2018-05-17T15:51:55.000+05:30,2018-05-18T00:44:51.000+05:30,2018-05-18T00:43:54.000+05:30,12.531,532.9333333333333,531.9833333333333,2018-05-17,15,5,5
2_39_89_25_2018-05-17 15:52:05.229523,2-39-89-25,0002,2018-05-17T15:52:05.000+05:30,2018-05-17T17:47:20.000+05:30,2018-05-18T01:17:31.000+05:30,4.836,115.25,565.4333333333333,2018-05-17,15,5,5
2_39_78_367_2018-05-17 15:56:17.285610,2-39-78-367,0002,2018-05-17T15:56:17.000+05:30,2018-05-17T20:01:39.000+05:30,2018-05-18T01:00:17.000+05:30,7.321,245.36666666666667,544.0,2018-05-17,15,5,5
2_39_91_437_2018-05-17 16:01:31.643126,2-39-91-437,0002,2018-05-17T16:01:32.000+05:30,2018-05-18T00:04:55.000+05:30,2018-05-18T00:54:23.000+05:30,21.055,483.3833333333333,532.85,2018-05-17,16,5,5
2_39_123_23_2018-05-17 16:03:21.756809,2-39-123-23,0002,2018-05-17T16:03:22.000+05:30,2018-05-17T17:36:17.000+05:30,2018-05-18T00:48:36.000+05:30,3.18,92.91666666666667,525.2333333333333,2018-05-17,16,5,5
2_39_78_364_2018-05-17 16:06:03.962655,2-39-78-364,0002,2018-05-17T16:06:04.000+05:30,2018-05-17T17:45:17.000+05:30,2018-05-17T21:31:24.000+05:30,2.801,99.21666666666667,325.3333333333333,2018-05-17,16,5,5
2_39_90_440_2018-05-17 16:11:39.404849,2-39-90-440,0002,2018-05-17T16:11:39.000+05:30,2018-05-17T21:42:44.000+05:30,2018-05-17T22:37:12.000+05:30,11.298,331.0833333333333,385.55,2018-05-17,16,5,5
2_39_89_439_2018-05-17 16:22:53.785592,2-39-89-439,0002,2018-05-17T16:22:54.000+05:30,2018-05-17T19:00:03.000+05:30,2018-05-18T00:53:10.000+05:30,5.67,157.15,510.26666666666665,2018-05-17,16,5,5
2_39_83_386_2018-05-17 16:23:15.675452,2-39-83-386,0002,2018-05-17T16:23:16.000+05:30,2018-05-17T23:05:41.000+05:30,2018-05-17T23:05:44.000+05:30,8.358,402.4166666666667,402.46666666666664,2018-05-17,16,5,5
2_39_123_557_2018-05-17 16:28:08.121858,2-39-123-557,0002,2018-05-17T16:28:08.000+05:30,2018-05-17T21:24:37.000+05:30,2018-05-17T21:24:40.000+05:30,8.835,296.48333333333335,296.53333333333336,2018-05-17,16,5,5
2_39_92_436_2018-05-17 16:34:40.640483,2-39-92-436,0002,2018-05-17T16:34:41.000+05:30,2018-05-17T20:34:39.000+05:30,2018-05-17T20:34:44.000+05:30,7.705,239.96666666666667,240.05,2018-05-17,16,5,5
2_39_90_26_2018-05-17 16:49:18.314415,2-39-90-26,0002,2018-05-17T16:49:18.000+05:30,2018-05-17T18:11:31.000+05:30,2018-05-18T01:45:33.000+05:30,2.31,82.21666666666667,536.25,2018-05-17,16,5,5
2_39_128_562_2018-05-17 16:50:11.337760,2-39-128-562,0002,2018-05-17T16:50:11.000+05:30,2018-05-17T18:12:21.000+05:30,2018-05-18T00:44:55.000+05:30,2.025,82.16666666666667,474.73333333333335,2018-05-17,16,5,5
2_39_124_22_2018-05-17 16:59:58.640934,2-39-124-22,0002,2018-05-17T16:59:59.000+05:30,2018-05-17T17:47:11.000+05:30,2018-05-17T17:47:16.000+05:30,1.326,47.2,47.28333333333333,2018-05-17,16,5,5
2_39_79_378_2018-05-17 17:02:46.875327,2-39-79-378,0002,2018-05-17T17:02:47.000+05:30,2018-05-17T19:12:21.000+05:30,2018-05-18T01:16:26.000+05:30,4.799,129.56666666666666,493.65,2018-05-17,17,5,5
2_39_130_564_2018-05-17 17:18:36.224669,2-39-130-564,0002,2018-05-17T17:18:36.000+05:30,2018-05-18T01:37:29.000+05:30,2018-05-18T01:37:38.000+05:30,14.478,498.8833333333333,499.03333333333336,2018-05-17,17,5,5
2_39_127_19_2018-05-17 17:20:04.046090,2-39-127-19,0002,2018-05-17T17:20:04.000+05:30,2018-05-17T22:04:15.000+05:30,2018-05-17T22:04:23.000+05:30,7.662,284.18333333333334,284.31666666666666,2018-05-17,17,5,5
2_39_129_563_2018-05-17 17:24:59.755122,2-39-129-563,0002,2018-05-17T17:25:00.000+05:30,2018-05-18T02:19:41.000+05:30,2018-05-18T02:19:29.000+05:30,13.994,534.6833333333333,534.4833333333333,2018-05-17,17,5,5
2_39_127_561_2018-05-17 17:25:06.169317,2-39-127-561,0002,2018-05-17T17:25:06.000+05:30,2018-05-17T21:53:04.000+05:30,2018-05-18T00:36:56.000+05:30,7.305,267.96666666666664,431.8333333333333,2018-05-17,17,5,5
2_39_138_566_2018-05-17 17:45:01.585480,2-39-138-566,0002,2018-05-17T17:45:02.000+05:30,2018-05-17T21:00:05.000+05:30,2018-05-17T21:00:14.000+05:30,5.245,195.05,195.2,2018-05-17,17,5,5
2_39_124_22_2018-05-17 17:50:56.668197,2-39-124-22,0002,2018-05-17T17:50:57.000+05:30,2018-05-17T23:34:06.000+05:30,2018-05-17T23:34:11.000+05:30,10.267,343.15,343.23333333333335,2018-05-17,17,5,5
2_39_131_30_2018-05-17 18:49:18.195461,2-39-131-30,0002,2018-05-17T18:49:18.000+05:30,2018-05-17T20:13:30.000+05:30,2018-05-18T05:09:22.000+05:30,1.834,84.2,620.0666666666667,2018-05-17,18,5,5
2_39_91_441_2018-05-17 19:26:04.879783,2-39-91-441,0002,2018-05-17T19:26:05.000+05:30,2018-05-17T19:57:14.000+05:30,2018-05-17T23:09:16.000+05:30,1.959,31.15,223.18333333333334,2018-05-17,19,5,5
2_39_88_24_2018-05-17 19:36:36.626117,2-39-88-24,0002,2018-05-17T19:36:37.000+05:30,2018-05-17T21:56:38.000+05:30,2018-05-18T00:25:28.000+05:30,4.058,140.01666666666668,288.85,2018-05-17,19,5,5
2_39_129_17_2018-05-17 19:51:02.085305,2-39-129-17,0002,2018-05-17T19:51:02.000+05:30,2018-05-17T21:13:55.000+05:30,2018-05-17T22:43:34.000+05:30,2.142,82.88333333333334,172.53333333333333,2018-05-17,19,5,5
2_39_78_366_2018-05-17 20:01:25.719208,2-39-78-366,0002,2018-05-17T20:01:26.000+05:30,2018-05-17T21:02:21.000+05:30,2018-05-17T21:27:11.000+05:30,1.602,60.916666666666664,85.75,2018-05-17,20,5,5
2_39_92_436_2018-05-17 21:00:44.417526,2-39-92-436,0002,2018-05-17T21:00:44.000+05:30,2018-05-17T21:45:31.000+05:30,2018-05-17T21:58:01.000+05:30,1.816,44.78333333333333,57.28333333333333,2018-05-17,21,5,5
2_39_79_382_2018-05-17 21:09:04.728119,2-39-79-382,0002,2018-05-17T21:09:05.000+05:30,2018-05-17T22:35:50.000+05:30,2018-05-18T01:10:15.000+05:30,7.322,86.75,241.16666666666666,2018-05-17,21,5,5
2_39_125_21_2018-05-17 21:49:29.718395,2-39-125-21,0002,2018-05-17T21:49:30.000+05:30,2018-05-17T23:57:45.000+05:30,2018-05-17T23:57:50.000+05:30,9.797,128.25,128.33333333333334,2018-05-17,21,5,5
2_39_78_364_2018-05-17 22:43:16.062840,2-39-78-364,0002,2018-05-17T22:43:16.000+05:30,2018-05-18T00:11:42.000+05:30,2018-05-18T00:11:48.000+05:30,5.132,88.43333333333334,88.53333333333333,2018-05-17,22,5,5
2_39_127_19_2018-05-17 22:44:27.219404,2-39-127-19,0002,2018-05-17T22:44:27.000+05:30,2018-05-17T23:40:05.000+05:30,2018-05-17T23:40:09.000+05:30,5.169,55.63333333333333,55.7,2018-05-17,22,5,5
2_39_79_377_2018-05-17 23:04:31.942166,2-39-79-377,0002,2018-05-17T23:04:32.000+05:30,2018-05-18T01:26:46.000+05:30,2018-05-18T01:27:15.000+05:30,14.453,142.23333333333332,142.71666666666667,2018-05-17,23,5,5
2_39_78_366_2018-05-17 23:41:42.547228,2-39-78-366,0002,2018-05-17T23:41:43.000+05:30,2018-05-18T00:05:42.000+05:30,2018-05-18T01:03:19.000+05:30,0.82,23.983333333333334,81.6,2018-05-17,23,5,5
2_39_78_363_2018-05-17 23:58:00.716613,2-39-78-363,0002,2018-05-17T23:58:01.000+05:30,2018-05-18T00:09:04.000+05:30,2018-05-18T00:09:05.000+05:30,1.144,11.05,11.066666666666666,2018-05-17,23,5,5
2_39_138_29_2018-05-18 00:12:04.910369,2-39-138-29,0002,2018-05-18T00:12:05.000+05:30,2018-05-18T00:59:02.000+05:30,2018-05-18T00:59:07.000+05:30,5.128,46.95,47.03333333333333,2018-05-18,0,6,5
2_39_128_18_2018-05-18 00:14:03.559190,2-39-128-18,0002,2018-05-18T00:14:04.000+05:30,2018-05-18T03:18:17.000+05:30,2018-05-18T03:17:49.000+05:30,14.008,184.21666666666667,183.75,2018-05-18,0,6,5
2_39_127_19_2018-05-18 00:42:40.753893,2-39-127-19,0002,2018-05-18T00:42:41.000+05:30,2018-05-18T02:50:49.000+05:30,2018-05-18T04:15:13.000+05:30,12.811,128.13333333333333,212.53333333333333,2018-05-18,0,6,5
2_39_139_28_2018-05-18 01:05:12.985007,2-39-139-28,0002,2018-05-18T01:05:13.000+05:30,2018-05-18T02:48:31.000+05:30,2018-05-18T02:48:36.000+05:30,5.552,103.3,103.38333333333334,2018-05-18,1,6,5
2_39_131_565_2018-05-18 01:37:44.106789,2-39-131-565,0002,2018-05-18T01:37:44.000+05:30,2018-05-18T01:58:53.000+05:30,2018-05-18T02:11:06.000+05:30,1.887,21.15,33.36666666666667,2018-05-18,1,6,5
2_39_78_365_2018-05-18 01:39:17.894982,2-39-78-365,0002,2018-05-18T01:39:18.000+05:30,2018-05-18T02:30:43.000+05:30,2018-05-18T02:30:47.000+05:30,5.709,51.416666666666664,51.483333333333334,2018-05-18,1,6,5
2_39_129_17_2018-05-18 01:45:18.368926,2-39-129-17,0002,2018-05-18T01:45:18.000+05:30,2018-05-18T05:48:46.000+05:30,2018-05-18T06:00:56.000+05:30,13.977,243.46666666666667,255.63333333333333,2018-05-18,1,6,5
2_39_125_21_2018-05-18 01:50:48.153322,2-39-125-21,0002,2018-05-18T01:50:48.000+05:30,2018-05-18T04:52:08.000+05:30,2018-05-18T04:52:16.000+05:30,10.226,181.33333333333334,181.46666666666667,2018-05-18,1,6,5
2_39_130_31_2018-05-18 01:52:14.743211,2-39-130-31,0002,2018-05-18T01:52:15.000+05:30,2018-05-18T03:44:01.000+05:30,2018-05-18T03:44:06.000+05:30,11.917,111.76666666666667,111.85,2018-05-18,1,6,5
2_39_90_26_2018-05-18 02:07:41.284153,2-39-90-26,0002,2018-05-18T02:07:41.000+05:30,2018-05-18T03:20:59.000+05:30,2018-05-18T03:21:03.000+05:30,8.018,73.3,73.36666666666666,2018-05-18,2,6,5
2_39_79_379_2018-05-18 02:34:11.630858,2-39-79-379,0002,2018-05-18T02:34:12.000+05:30,2018-05-18T07:24:17.000+05:30,2018-05-18T14:03:37.000+05:30,16.234,290.0833333333333,689.4166666666666,2018-05-18,2,6,5
2_39_139_28_2018-05-18 03:14:32.063238,2-39-139-28,0002,2018-05-18T03:14:32.000+05:30,2018-05-18T04:10:13.000+05:30,2018-05-18T04:10:18.000+05:30,3.19,55.68333333333333,55.766666666666666,2018-05-18,3,6,5
2_39_138_29_2018-05-18 03:15:39.225007,2-39-138-29,0002,2018-05-18T03:15:39.000+05:30,2018-05-18T04:41:37.000+05:30,2018-05-18T04:41:42.000+05:30,9.415,85.96666666666667,86.05,2018-05-18,3,6,5
2_39_79_377_2018-05-18 03:39:30.544792,2-39-79-377,0002,2018-05-18T03:39:31.000+05:30,2018-05-18T08:11:21.000+05:30,2018-05-18T14:16:31.000+05:30,15.155,271.8333333333333,637.0,2018-05-18,3,6,5
2_39_78_366_2018-05-18 04:06:09.942182,2-39-78-366,0002,2018-05-18T04:06:10.000+05:30,2018-05-18T05:35:50.000+05:30,2018-05-18T05:35:46.000+05:30,9.364,89.66666666666667,89.6,2018-05-18,4,6,5
2_39_79_380_2018-05-18 04:11:06.833039,2-39-79-380,0002,2018-05-18T04:11:07.000+05:30,2018-05-18T07:30:14.000+05:30,2018-05-18T13:04:21.000+05:30,10.853,199.11666666666667,533.2333333333333,2018-05-18,4,6,5
2_39_79_378_2018-05-18 04:48:52.932224,2-39-79-378,0002,2018-05-18T04:48:53.000+05:30,2018-05-18T06:59:49.000+05:30,2018-05-20T00:55:34.000+05:30,6.695,130.93333333333334,2646.6833333333334,2018-05-18,4,6,5
2_39_131_30_2018-05-18 05:15:52.650288,2-39-131-30,0002,2018-05-18T05:15:53.000+05:30,2018-05-18T06:04:52.000+05:30,2018-05-18T06:04:57.000+05:30,5.282,48.983333333333334,49.06666666666667,2018-05-18,5,6,5
2_39_78_367_2018-05-18 05:39:31.115454,2-39-78-367,0002,2018-05-18T05:39:31.000+05:30,2018-05-18T08:56:54.000+05:30,2018-05-18T11:01:03.000+05:30,10.726,197.38333333333333,321.53333333333336,2018-05-18,5,6,5
2_39_139_28_2018-05-18 05:57:56.718321,2-39-139-28,0002,2018-05-18T05:57:57.000+05:30,2018-05-18T15:22:54.000+05:30,2018-05-18T15:22:58.000+05:30,13.941,564.95,565.0166666666667,2018-05-18,5,6,5
2_39_78_367_2018-05-18 12:40:16.243735,2-39-78-367,0002,2018-05-18T12:40:16.000+05:30,2018-05-18T13:51:32.000+05:30,2018-05-18T14:43:07.000+05:30,4.007,71.26666666666667,122.85,2018-05-18,12,6,5
2_39_127_19_2018-05-18 13:44:43.596607,2-39-127-19,0002,2018-05-18T13:44:44.000+05:30,2018-05-18T14:42:46.000+05:30,2018-05-18T14:42:51.000+05:30,3.045,58.03333333333333,58.11666666666667,2018-05-18,13,6,5
2_39_79_379_2018-05-18 14:13:24.112453,2-39-79-379,0002,2018-05-18T14:13:24.000+05:30,2018-05-18T15:25:42.000+05:30,2018-05-19T00:27:37.000+05:30,3.607,72.3,614.2166666666667,2018-05-18,14,6,5
2_39_79_376_2018-05-18 14:13:27.911427,2-39-79-376,0002,2018-05-18T14:13:28.000+05:30,2018-05-18T19:00:28.000+05:30,2018-05-18T23:31:16.000+05:30,15.298,287.0,557.8,2018-05-18,14,6,5
2_39_92_436_2018-05-18 14:19:34.679756,2-39-92-436,0002,2018-05-18T14:19:35.000+05:30,2018-05-18T15:10:48.000+05:30,2018-05-18T19:26:25.000+05:30,5.243,51.21666666666667,306.8333333333333,2018-05-18,14,6,5
2_39_138_29_2018-05-18 14:39:50.107535,2-39-138-29,0002,2018-05-18T14:39:50.000+05:30,2018-05-18T20:42:54.000+05:30,2018-05-19T00:07:06.000+05:30,19.0,363.06666666666666,567.2666666666667,2018-05-18,14,6,5
2_39_78_366_2018-05-18 14:51:10.921398,2-39-78-366,0002,2018-05-18T14:51:11.000+05:30,2018-05-18T22:08:59.000+05:30,2018-05-19T02:43:25.000+05:30,18.385,437.8,712.2333333333333,2018-05-18,14,6,5
2_39_79_381_2018-05-18 15:00:48.567148,2-39-79-381,0002,2018-05-18T15:00:49.000+05:30,2018-05-18T18:51:38.000+05:30,2018-05-18T22:23:00.000+05:30,9.692,230.81666666666666,442.18333333333334,2018-05-18,15,6,5
2_39_79_377_2018-05-18 15:04:55.144966,2-39-79-377,0002,2018-05-18T15:04:55.000+05:30,2018-05-18T17:21:27.000+05:30,2018-05-18T23:41:44.000+05:30,6.81,136.53333333333333,516.8166666666667,2018-05-18,15,6,5
2_39_78_365_2018-05-18 15:10:15.614075,2-39-78-365,0002,2018-05-18T15:10:16.000+05:30,2018-05-18T17:26:48.000+05:30,2018-05-18T19:41:54.000+05:30,6.312,136.53333333333333,271.6333333333333,2018-05-18,15,6,5
2_39_131_30_2018-05-18 15:17:41.621760,2-39-131-30,0002,2018-05-18T15:17:42.000+05:30,2018-05-18T20:20:08.000+05:30,2018-05-19T03:34:44.000+05:30,13.724,302.43333333333334,737.0333333333333,2018-05-18,15,6,5
2_39_79_380_2018-05-18 15:23:27.876619,2-39-79-380,0002,2018-05-18T15:23:28.000+05:30,2018-05-18T15:43:21.000+05:30,2018-05-19T01:17:59.000+05:30,0.99,19.883333333333333,594.5166666666667,2018-05-18,15,6,5
2_39_139_28_2018-05-18 15:27:29.994982,2-39-139-28,0002,2018-05-18T15:27:30.000+05:30,2018-05-18T17:45:33.000+05:30,2018-05-18T19:25:09.000+05:30,5.109,138.05,237.65,2018-05-18,15,6,5
2_39_124_22_2018-05-18 15:30:45.027462,2-39-124-22,0002,2018-05-18T15:30:45.000+05:30,2018-05-18T19:49:57.000+05:30,2018-05-19T00:28:14.000+05:30,12.197,259.2,537.4833333333333,2018-05-18,15,6,5
2_39_79_383_2018-05-18 15:34:08.986333,2-39-79-383,0002,2018-05-18T15:34:09.000+05:30,2018-05-18T16:54:32.000+05:30,2018-05-18T23:53:58.000+05:30,2.691,80.38333333333334,499.81666666666666,2018-05-18,15,6,5
2_39_79_382_2018-05-18 15:37:56.559467,2-39-79-382,0002,2018-05-18T15:37:57.000+05:30,2018-05-18T17:13:20.000+05:30,2018-05-18T23:30:32.000+05:30,3.477,95.38333333333334,472.5833333333333,2018-05-18,15,6,5
2_39_129_17_2018-05-18 15:44:05.404190,2-39-129-17,0002,2018-05-18T15:44:05.000+05:30,2018-05-18T17:11:11.000+05:30,2018-05-19T00:39:31.000+05:30,4.368,87.1,535.4333333333333,2018-05-18,15,6,5
2_39_130_564_2018-05-18 15:45:46.355653,2-39-130-564,0002,2018-05-18T15:45:46.000+05:30,2018-05-18T20:03:00.000+05:30,2018-05-19T01:32:53.000+05:30,10.5,257.23333333333335,587.1166666666667,2018-05-18,15,6,5
2_39_78_363_2018-05-18 15:51:03.496765,2-39-78-363,0002,2018-05-18T15:51:03.000+05:30,2018-05-18T18:51:59.000+05:30,2018-05-18T18:52:07.000+05:30,6.645,180.93333333333334,181.06666666666666,2018-05-18,15,6,5
2_39_78_362_2018-05-18 15:51:09.565913,2-39-78-362,0002,2018-05-18T15:51:10.000+05:30,2018-05-19T01:18:43.000+05:30,2018-05-19T01:17:46.000+05:30,7.168,567.55,566.6,2018-05-18,15,6,5
2_39_92_442_2018-05-18 15:54:18.133361,2-39-92-442,0002,2018-05-18T15:54:18.000+05:30,2018-05-18T20:27:27.000+05:30,2018-05-18T20:27:31.000+05:30,11.498,273.15,273.21666666666664,2018-05-18,15,6,5
2_39_78_367_2018-05-18 15:57:46.427340,2-39-78-367,0002,2018-05-18T15:57:46.000+05:30,2018-05-18T16:42:33.000+05:30,2018-05-18T23:36:38.000+05:30,1.581,44.78333333333333,458.8666666666667,2018-05-18,15,6,5
2_39_128_18_2018-05-18 16:13:33.437779,2-39-128-18,0002,2018-05-18T16:13:33.000+05:30,2018-05-18T19:18:16.000+05:30,2018-05-19T00:09:48.000+05:30,6.518,184.71666666666667,476.25,2018-05-18,16,6,5
2_39_90_440_2018-05-18 16:15:48.035024,2-39-90-440,0002,2018-05-18T16:15:48.000+05:30,2018-05-18T20:55:00.000+05:30,2018-05-18T20:55:05.000+05:30,9.6,279.2,279.28333333333336,2018-05-18,16,6,5
2_39_127_19_2018-05-18 16:23:06.679785,2-39-127-19,0002,2018-05-18T16:23:07.000+05:30,2018-05-18T23:22:57.000+05:30,2018-05-18T23:23:05.000+05:30,11.882,419.8333333333333,419.96666666666664,2018-05-18,16,6,5
2_39_89_25_2018-05-18 16:23:48.632910,2-39-89-25,0002,2018-05-18T16:23:49.000+05:30,2018-05-18T17:25:22.000+05:30,2018-05-18T18:59:45.000+05:30,1.943,61.55,155.93333333333334,2018-05-18,16,6,5
2_39_91_437_2018-05-18 16:29:02.737512,2-39-91-437,0002,2018-05-18T16:29:03.000+05:30,2018-05-19T00:24:57.000+05:30,2018-05-19T00:25:04.000+05:30,20.548,475.9,476.01666666666665,2018-05-18,16,6,5
2_39_123_23_2018-05-18 16:29:26.742107,2-39-123-23,0002,2018-05-18T16:29:27.000+05:30,2018-05-18T19:51:29.000+05:30,2018-05-19T02:43:49.000+05:30,6.398,202.03333333333333,614.3666666666667,2018-05-18,16,6,5
2_39_78_364_2018-05-18 16:42:30.204318,2-39-78-364,0002,2018-05-18T16:42:30.000+05:30,2018-05-19T03:17:44.000+05:30,2018-05-19T03:47:05.000+05:30,16.154,635.2333333333333,664.5833333333334,2018-05-18,16,6,5
2_39_78_360_2018-05-18 16:47:49.327602,2-39-78-360,0002,2018-05-18T16:47:49.000+05:30,2018-05-19T01:34:43.000+05:30,2018-05-19T01:54:07.000+05:30,16.514,526.9,546.3,2018-05-18,16,6,5
2_39_88_438_2018-05-18 16:50:06.924083,2-39-88-438,0002,2018-05-18T16:50:07.000+05:30,2018-05-18T21:59:49.000+05:30,2018-05-18T21:58:49.000+05:30,2.752,309.7,308.7,2018-05-18,16,6,5
2_39_95_444_2018-05-18 16:51:26.947432,2-39-95-444,0002,2018-05-18T16:51:27.000+05:30,2018-05-18T19:30:59.000+05:30,2018-05-18T23:53:47.000+05:30,4.702,159.53333333333333,422.3333333333333,2018-05-18,16,6,5
2_39_95_27_2018-05-18 17:03:39.378983,2-39-95-27,0002,2018-05-18T17:03:39.000+05:30,2018-05-18T21:33:15.000+05:30,2018-05-19T00:48:55.000+05:30,8.02,269.6,465.26666666666665,2018-05-18,17,6,5
2_39_91_441_2018-05-18 17:13:03.386093,2-39-91-441,0002,2018-05-18T17:13:03.000+05:30,2018-05-18T20:53:38.000+05:30,2018-05-19T00:38:40.000+05:30,7.621,220.58333333333334,445.6166666666667,2018-05-18,17,6,5
2_39_90_26_2018-05-18 17:15:06.431222,2-39-90-26,0002,2018-05-18T17:15:06.000+05:30,2018-05-18T18:20:19.000+05:30,2018-05-19T00:54:24.000+05:30,1.865,65.21666666666667,459.3,2018-05-18,17,6,5
2_39_125_21_2018-05-18 17:17:04.121717,2-39-125-21,0002,2018-05-18T17:17:04.000+05:30,2018-05-19T01:00:29.000+05:30,2018-05-19T01:00:53.000+05:30,13.881,463.4166666666667,463.81666666666666,2018-05-18,17,6,5
2_39_89_439_2018-05-18 17:23:28.474679,2-39-89-439,0002,2018-05-18T17:23:28.000+05:30,2018-05-19T00:10:15.000+05:30,2018-05-19T00:51:20.000+05:30,12.722,406.78333333333336,447.8666666666667,2018-05-18,17,6,5
2_39_123_557_2018-05-18 17:39:05.201907,2-39-123-557,0002,2018-05-18T17:39:05.000+05:30,2018-05-19T00:12:05.000+05:30,2018-05-19T00:12:13.000+05:30,10.826,393.0,393.1333333333333,2018-05-18,17,6,5
2_39_126_20_2018-05-18 17:50:10.256691,2-39-126-20,0002,2018-05-18T17:50:10.000+05:30,2018-05-19T00:22:00.000+05:30,2018-05-19T00:21:03.000+05:30,2.254,391.8333333333333,390.8833333333333,2018-05-18,17,6,5
2_39_127_561_2018-05-18 18:04:18.683669,2-39-127-561,0002,2018-05-18T18:04:19.000+05:30,2018-05-18T23:28:06.000+05:30,2018-05-18T23:28:11.000+05:30,7.255,323.78333333333336,323.8666666666667,2018-05-18,18,6,5
2_39_88_24_2018-05-18 18:13:19.735900,2-39-88-24,0002,2018-05-18T18:13:20.000+05:30,2018-05-18T19:27:26.000+05:30,2018-05-18T19:27:33.000+05:30,1.859,74.1,74.21666666666667,2018-05-18,18,6,5
2_39_78_363_2018-05-18 18:53:44.184051,2-39-78-363,0002,2018-05-18T18:53:44.000+05:30,2018-05-18T20:59:52.000+05:30,2018-05-18T20:59:56.000+05:30,4.288,126.13333333333334,126.2,2018-05-18,18,6,5
2_39_89_25_2018-05-18 19:02:56.139273,2-39-89-25,0002,2018-05-18T19:02:56.000+05:30,2018-05-18T20:10:47.000+05:30,2018-05-19T01:38:51.000+05:30,1.745,67.85,395.9166666666667,2018-05-18,19,6,5
2_39_128_562_2018-05-18 19:18:29.830557,2-39-128-562,0002,2018-05-18T19:18:30.000+05:30,2018-05-18T23:47:19.000+05:30,2018-05-19T02:27:51.000+05:30,2.594,268.81666666666666,429.35,2018-05-18,19,6,5
2_39_78_365_2018-05-18 19:59:33.640088,2-39-78-365,0002,2018-05-18T19:59:34.000+05:30,2018-05-18T20:33:01.000+05:30,2018-05-18T21:57:29.000+05:30,0.822,33.45,117.91666666666667,2018-05-18,19,6,5
2_39_83_386_2018-05-18 20:09:43.272942,2-39-83-386,0002,2018-05-18T20:09:43.000+05:30,2018-05-18T23:24:11.000+05:30,2018-05-18T23:24:16.000+05:30,7.227,194.46666666666667,194.55,2018-05-18,20,6,5
2_39_92_436_2018-05-18 20:13:07.245594,2-39-92-436,0002,2018-05-18T20:13:07.000+05:30,2018-05-18T23:07:39.000+05:30,2018-05-19T01:35:52.000+05:30,6.792,174.53333333333333,322.75,2018-05-18,20,6,5
2_39_139_28_2018-05-18 20:18:51.236932,2-39-139-28,0002,2018-05-18T20:18:51.000+05:30,2018-05-18T22:43:20.000+05:30,2018-05-18T23:06:49.000+05:30,3.254,144.48333333333332,167.96666666666667,2018-05-18,20,6,5
2_39_88_24_2018-05-18 20:22:11.315201,2-39-88-24,0002,2018-05-18T20:22:11.000+05:30,2018-05-18T21:32:04.000+05:30,2018-05-18T22:50:26.000+05:30,3.449,69.88333333333334,148.25,2018-05-18,20,6,5
2_39_92_442_2018-05-18 20:31:11.907785,2-39-92-442,0002,2018-05-18T20:31:12.000+05:30,2018-05-18T21:21:45.000+05:30,2018-05-19T02:12:01.000+05:30,1.517,50.55,340.81666666666666,2018-05-18,20,6,5
2_39_125_559_2018-05-18 20:45:30.069052,2-39-125-559,0002,2018-05-18T20:45:30.000+05:30,2018-05-18T21:51:26.000+05:30,2018-05-19T02:38:28.000+05:30,1.42,65.93333333333334,352.96666666666664,2018-05-18,20,6,5
2_39_90_440_2018-05-18 21:40:22.987220,2-39-90-440,0002,2018-05-18T21:40:23.000+05:30,2018-05-19T03:18:38.000+05:30,2018-05-19T04:09:00.000+05:30,16.798,338.25,388.6166666666667,2018-05-18,21,6,5
2_39_78_363_2018-05-18 22:00:50.654988,2-39-78-363,0002,2018-05-18T22:00:51.000+05:30,2018-05-18T22:37:02.000+05:30,2018-05-18T22:37:07.000+05:30,2.337,36.18333333333333,36.266666666666666,2018-05-18,22,6,5
2_39_88_24_2018-05-18 22:52:35.586738,2-39-88-24,0002,2018-05-18T22:52:36.000+05:30,2018-05-19T01:13:51.000+05:30,2018-05-19T01:13:56.000+05:30,11.19,141.25,141.33333333333334,2018-05-18,22,6,5
2_39_79_381_2018-05-18 23:17:03.855091,2-39-79-381,0002,2018-05-18T23:17:04.000+05:30,2018-05-18T23:53:54.000+05:30,2018-05-18T23:54:06.000+05:30,1.839,36.833333333333336,37.03333333333333,2018-05-18,23,6,5
2_39_88_438_2018-05-18 23:25:02.654927,2-39-88-438,0002,2018-05-18T23:25:03.000+05:30,2018-05-19T01:07:12.000+05:30,2018-05-19T01:07:17.000+05:30,7.398,102.15,102.23333333333333,2018-05-18,23,6,5
2_39_78_367_2018-05-18 23:39:37.224071,2-39-78-367,0002,2018-05-18T23:39:37.000+05:30,2018-05-18T23:55:42.000+05:30,2018-05-18T23:54:42.000+05:30,0.952,16.083333333333332,15.083333333333334,2018-05-18,23,6,5
2_39_126_20_2018-05-19 00:21:13.389226,2-39-126-20,0002,2018-05-19T00:21:13.000+05:30,2018-05-19T01:13:50.000+05:30,2018-05-19T01:13:56.000+05:30,4.34,52.61666666666667,52.71666666666667,2018-05-19,0,7,5
2_39_124_22_2018-05-19 01:01:04.593250,2-39-124-22,0002,2018-05-19T01:01:05.000+05:30,2018-05-19T01:31:33.000+05:30,2018-05-19T02:16:17.000+05:30,2.418,30.466666666666665,75.2,2018-05-19,1,7,5
2_39_129_17_2018-05-19 01:24:02.258200,2-39-129-17,0002,2018-05-19T01:24:02.000+05:30,2018-05-19T02:55:43.000+05:30,2018-05-19T06:07:24.000+05:30,7.424,91.68333333333334,283.3666666666667,2018-05-19,1,7,5
2_39_139_28_2018-05-19 01:30:17.896326,2-39-139-28,0002,2018-05-19T01:30:18.000+05:30,2018-05-19T06:53:29.000+05:30,2018-05-19T15:16:39.000+05:30,12.014,323.18333333333334,826.35,2018-05-19,1,7,5
2_39_138_566_2018-05-19 02:34:15.769400,2-39-138-566,0002,2018-05-19T02:34:16.000+05:30,2018-05-19T05:44:59.000+05:30,2018-05-19T05:45:04.000+05:30,8.941,190.71666666666667,190.8,2018-05-19,2,7,5
2_39_78_365_2018-05-19 03:14:19.112025,2-39-78-365,0002,2018-05-19T03:14:19.000+05:30,2018-05-19T17:56:22.000+05:30,2018-05-20T00:39:27.000+05:30,39.936,882.05,1285.1333333333334,2018-05-19,3,7,5
2_39_124_22_2018-05-19 03:37:55.223232,2-39-124-22,0002,2018-05-19T03:37:55.000+05:30,2018-05-19T03:55:59.000+05:30,2018-05-19T03:56:03.000+05:30,1.416,18.066666666666666,18.133333333333333,2018-05-19,3,7,5
2_39_78_366_2018-05-19 03:39:33.466778,2-39-78-366,0002,2018-05-19T03:39:33.000+05:30,2018-05-19T08:42:38.000+05:30,2018-05-19T19:58:03.000+05:30,25.573,303.0833333333333,978.5,2018-05-19,3,7,5
2_39_95_444_2018-05-19 03:54:41.599260,2-39-95-444,0002,2018-05-19T03:54:42.000+05:30,2018-05-19T05:42:39.000+05:30,2018-05-19T05:42:44.000+05:30,5.104,107.95,108.03333333333333,2018-05-19,3,7,5
2_39_95_27_2018-05-19 04:02:28.872289,2-39-95-27,0002,2018-05-19T04:02:29.000+05:30,2018-05-19T08:13:46.000+05:30,2018-05-19T16:42:07.000+05:30,18.68,251.28333333333333,759.6333333333333,2018-05-19,4,7,5
2_39_79_379_2018-05-19 05:14:53.677675,2-39-79-379,0002,2018-05-19T05:14:54.000+05:30,2018-05-19T10:50:54.000+05:30,2018-05-19T21:38:21.000+05:30,16.107,336.0,983.45,2018-05-19,5,7,5
2_39_79_383_2018-05-19 05:32:55.915420,2-39-79-383,0002,2018-05-19T05:32:56.000+05:30,2018-05-19T09:12:49.000+05:30,2018-05-19T09:55:39.000+05:30,12.589,219.88333333333333,262.71666666666664,2018-05-19,5,7,5
2_39_79_377_2018-05-19 11:32:22.050077,2-39-79-377,0002,2018-05-19T11:32:22.000+05:30,2018-05-19T12:59:15.000+05:30,2018-05-19T12:59:19.000+05:30,3.703,86.88333333333334,86.95,2018-05-19,11,7,5
2_39_138_566_2018-05-19 12:10:20.346526,2-39-138-566,0002,2018-05-19T12:10:20.000+05:30,2018-05-19T20:07:49.000+05:30,2018-05-19T22:24:14.000+05:30,13.9,477.48333333333335,613.9,2018-05-19,12,7,5
2_39_89_25_2018-05-19 13:41:22.776766,2-39-89-25,0002,2018-05-19T13:41:23.000+05:30,2018-05-19T15:37:13.000+05:30,2018-05-19T20:47:45.000+05:30,6.084,115.83333333333333,426.3666666666667,2018-05-19,13,7,5
2_39_138_29_2018-05-19 14:27:25.205840,2-39-138-29,0002,2018-05-19T14:27:25.000+05:30,2018-05-19T15:42:33.000+05:30,2018-05-19T16:12:42.000+05:30,2.412,75.13333333333334,105.28333333333333,2018-05-19,14,7,5
2_39_131_30_2018-05-19 14:47:40.539974,2-39-131-30,0002,2018-05-19T14:47:41.000+05:30,2018-05-19T16:41:25.000+05:30,2018-05-19T16:51:21.000+05:30,10.534,113.73333333333333,123.66666666666667,2018-05-19,14,7,5
2_39_123_23_2018-05-19 14:53:09.631339,2-39-123-23,0002,2018-05-19T14:53:10.000+05:30,2018-05-19T20:38:30.000+05:30,2018-05-19T20:38:34.000+05:30,0.52,345.3333333333333,345.4,2018-05-19,14,7,5
2_39_79_383_2018-05-19 15:09:38.882319,2-39-79-383,0002,2018-05-19T15:09:39.000+05:30,2018-05-19T18:30:29.000+05:30,2018-05-20T03:39:02.000+05:30,14.687,200.83333333333334,749.3833333333333,2018-05-19,15,7,5
2_39_129_17_2018-05-19 15:20:58.294195,2-39-129-17,0002,2018-05-19T15:20:58.000+05:30,2018-05-19T17:14:55.000+05:30,2018-05-19T22:11:24.000+05:30,6.084,113.95,410.43333333333334,2018-05-19,15,7,5
2_39_130_31_2018-05-19 15:21:01.543072,2-39-130-31,0002,2018-05-19T15:21:02.000+05:30,2018-05-19T18:01:48.000+05:30,2018-05-19T19:51:46.000+05:30,13.886,160.76666666666668,270.73333333333335,2018-05-19,15,7,5
2_39_138_29_2018-05-19 17:24:45.237356,2-39-138-29,0002,2018-05-19T17:24:45.000+05:30,2018-05-19T18:43:06.000+05:30,2018-05-19T19:52:24.000+05:30,3.759,78.35,147.65,2018-05-19,17,7,5
2_39_125_21_2018-05-19 17:50:45.620020,2-39-125-21,0002,2018-05-19T17:50:46.000+05:30,2018-05-19T19:00:42.000+05:30,2018-05-19T19:00:50.000+05:30,6.947,69.93333333333334,70.06666666666666,2018-05-19,17,7,5
2_39_79_380_2018-05-19 18:41:08.461637,2-39-79-380,0002,2018-05-19T18:41:08.000+05:30,2018-05-19T20:04:49.000+05:30,2018-05-19T21:31:42.000+05:30,2.665,83.68333333333334,170.56666666666666,2018-05-19,18,7,5
2_39_79_381_2018-05-19 18:55:02.605575,2-39-79-381,0002,2018-05-19T18:55:03.000+05:30,2018-05-19T23:25:45.000+05:30,2018-05-20T03:07:42.000+05:30,7.65,270.7,492.65,2018-05-19,18,7,5
2_39_131_30_2018-05-19 19:53:02.865170,2-39-131-30,0002,2018-05-19T19:53:03.000+05:30,2018-05-19T23:04:51.000+05:30,2018-05-19T23:03:53.000+05:30,13.939,191.8,190.83333333333334,2018-05-19,19,7,5
2_39_91_437_2018-05-19 20:14:50.070152,2-39-91-437,0002,2018-05-19T20:14:50.000+05:30,2018-05-20T11:06:21.000+05:30,2018-05-21T00:29:45.000+05:30,42.008,891.5166666666667,1694.9166666666667,2018-05-19,20,7,5
2_39_138_29_2018-05-19 20:20:46.298645,2-39-138-29,0002,2018-05-19T20:20:46.000+05:30,2018-05-19T21:48:07.000+05:30,2018-05-19T21:48:15.000+05:30,8.12,87.35,87.48333333333333,2018-05-19,20,7,5
2_39_95_27_2018-05-19 20:38:49.355821,2-39-95-27,0002,2018-05-19T20:38:49.000+05:30,2018-05-20T11:16:14.000+05:30,2018-05-21T05:38:11.000+05:30,42.05,877.4166666666666,1979.3666666666666,2018-05-19,20,7,5
2_39_88_24_2018-05-19 20:39:00.087007,2-39-88-24,0002,2018-05-19T20:39:00.000+05:30,2018-05-19T23:33:02.000+05:30,2018-05-19T23:42:58.000+05:30,12.669,174.03333333333333,183.96666666666667,2018-05-19,20,7,5
2_39_127_19_2018-05-19 21:00:38.658630,2-39-127-19,0002,2018-05-19T21:00:39.000+05:30,2018-05-19T22:01:43.000+05:30,2018-05-19T22:31:05.000+05:30,2.447,61.06666666666667,90.43333333333334,2018-05-19,21,7,5
2_39_139_28_2018-05-19 21:12:14.113758,2-39-139-28,0002,2018-05-19T21:12:14.000+05:30,2018-05-20T23:18:51.000+05:30,2018-05-20T23:24:31.000+05:30,14.077,1566.6166666666666,1572.2833333333333,2018-05-19,21,7,5
2_39_125_21_2018-05-19 21:22:30.602012,2-39-125-21,0002,2018-05-19T21:22:31.000+05:30,2018-05-20T01:12:11.000+05:30,2018-05-20T04:29:02.000+05:30,12.133,229.66666666666666,426.51666666666665,2018-05-19,21,7,5
2_39_79_382_2018-05-19 21:42:33.006022,2-39-79-382,0002,2018-05-19T21:42:33.000+05:30,2018-05-19T23:50:10.000+05:30,2018-05-20T02:23:03.000+05:30,7.995,127.61666666666666,280.5,2018-05-19,21,7,5
2_39_128_18_2018-05-19 22:17:52.944617,2-39-128-18,0002,2018-05-19T22:17:53.000+05:30,2018-05-20T18:34:07.000+05:30,2018-05-20T18:33:16.000+05:30,13.934,1216.2333333333333,1215.3833333333334,2018-05-19,22,7,5
2_39_138_29_2018-05-19 22:22:28.573989,2-39-138-29,0002,2018-05-19T22:22:29.000+05:30,2018-05-19T23:57:54.000+05:30,2018-05-20T00:10:51.000+05:30,8.687,95.41666666666667,108.36666666666666,2018-05-19,22,7,5
2_39_126_20_2018-05-19 22:32:13.112302,2-39-126-20,0002,2018-05-19T22:32:13.000+05:30,2018-05-20T00:05:00.000+05:30,2018-05-20T02:15:59.000+05:30,4.456,92.78333333333333,223.76666666666668,2018-05-19,22,7,5
2_39_79_376_2018-05-19 22:51:35.339497,2-39-79-376,0002,2018-05-19T22:51:35.000+05:30,2018-05-19T23:56:14.000+05:30,2018-05-19T23:56:17.000+05:30,3.481,64.65,64.7,2018-05-19,22,7,5
2_39_79_377_2018-05-19 23:19:38.433424,2-39-79-377,0002,2018-05-19T23:19:38.000+05:30,2018-05-19T23:50:06.000+05:30,2018-05-19T23:50:11.000+05:30,1.101,30.466666666666665,30.55,2018-05-19,23,7,5
2_39_127_19_2018-05-19 23:23:49.520583,2-39-127-19,0002,2018-05-19T23:23:50.000+05:30,2018-05-19T23:36:02.000+05:30,2018-05-19T23:36:06.000+05:30,1.193,12.2,12.266666666666667,2018-05-19,23,7,5
2_39_79_379_2018-05-19 23:25:32.332344,2-39-79-379,0002,2018-05-19T23:25:32.000+05:30,2018-05-20T00:20:22.000+05:30,2018-05-20T01:51:17.000+05:30,2.472,54.833333333333336,145.75,2018-05-19,23,7,5
2_39_92_442_2018-05-19 23:29:03.145985,2-39-92-442,0002,2018-05-19T23:29:03.000+05:30,2018-05-20T04:47:59.000+05:30,2018-05-20T04:48:03.000+05:30,29.632,318.93333333333334,319.0,2018-05-19,23,7,5
2_39_89_25_2018-05-19 23:45:05.472344,2-39-89-25,0002,2018-05-19T23:45:05.000+05:30,2018-05-20T05:17:48.000+05:30,2018-05-21T02:59:25.000+05:30,30.993,332.71666666666664,1634.3333333333333,2018-05-19,23,7,5
2_39_138_29_2018-05-20 00:13:16.479676,2-39-138-29,0002,2018-05-20T00:13:16.000+05:30,2018-05-20T02:54:03.000+05:30,2018-05-20T03:56:15.000+05:30,13.894,160.78333333333333,222.98333333333332,2018-05-20,0,1,5
2_39_79_376_2018-05-20 00:20:38.812059,2-39-79-376,0002,2018-05-20T00:20:39.000+05:30,2018-05-20T02:12:46.000+05:30,2018-05-20T02:13:37.000+05:30,7.46,112.11666666666666,112.96666666666667,2018-05-20,0,1,5
2_39_79_377_2018-05-20 00:59:12.497246,2-39-79-377,0002,2018-05-20T00:59:12.000+05:30,2018-05-20T06:05:11.000+05:30,2018-05-20T07:19:29.000+05:30,15.651,305.98333333333335,380.28333333333336,2018-05-20,0,1,5
2_39_129_17_2018-05-20 01:24:21.675482,2-39-129-17,0002,2018-05-20T01:24:22.000+05:30,2018-05-20T03:24:25.000+05:30,2018-05-20T04:47:42.000+05:30,8.119,120.05,203.33333333333334,2018-05-20,1,1,5
2_39_124_558_2018-05-20 01:33:33.272616,2-39-124-558,0002,2018-05-20T01:33:33.000+05:30,2018-05-20T02:09:56.000+05:30,2018-05-20T02:10:04.000+05:30,2.116,36.38333333333333,36.516666666666666,2018-05-20,1,1,5
2_39_123_23_2018-05-20 01:39:06.733521,2-39-123-23,0002,2018-05-20T01:39:07.000+05:30,2018-05-20T02:08:08.000+05:30,2018-05-20T02:08:12.000+05:30,2.851,29.016666666666666,29.083333333333332,2018-05-20,1,1,5
2_39_131_30_2018-05-20 04:12:53.919200,2-39-131-30,0002,2018-05-20T04:12:54.000+05:30,2018-05-20T08:24:30.000+05:30,2018-05-20T16:37:50.000+05:30,12.934,251.6,744.9333333333333,2018-05-20,4,1,5
2_39_138_566_2018-05-20 04:16:16.293095,2-39-138-566,0002,2018-05-20T04:16:16.000+05:30,2018-05-20T12:32:40.000+05:30,2018-05-20T13:37:59.000+05:30,13.759,496.4,561.7166666666667,2018-05-20,4,1,5
2_39_90_440_2018-05-20 04:54:58.872321,2-39-90-440,0002,2018-05-20T04:54:59.000+05:30,2018-05-20T05:15:16.000+05:30,2018-05-20T05:15:25.000+05:30,1.781,20.283333333333335,20.433333333333334,2018-05-20,4,1,5
2_39_78_360_2018-05-20 05:00:18.945254,2-39-78-360,0002,2018-05-20T05:00:19.000+05:30,2018-05-20T06:29:17.000+05:30,2018-05-20T06:29:18.000+05:30,8.67,88.96666666666667,88.98333333333333,2018-05-20,5,1,5
2_39_79_379_2018-05-20 06:39:00.737709,2-39-79-379,0002,2018-05-20T06:39:01.000+05:30,2018-05-20T08:55:09.000+05:30,2018-05-20T16:27:33.000+05:30,6.71,136.13333333333333,588.5333333333333,2018-05-20,6,1,5
2_39_78_360_2018-05-20 06:46:41.764394,2-39-78-360,0002,2018-05-20T06:46:42.000+05:30,2018-05-20T09:00:45.000+05:30,2018-05-20T20:23:35.000+05:30,11.668,134.05,816.8833333333333,2018-05-20,6,1,5
2_39_124_22_2018-05-20 12:23:18.127400,2-39-124-22,0002,2018-05-20T12:23:18.000+05:30,2018-05-20T12:54:01.000+05:30,2018-05-20T12:54:17.000+05:30,2.525,30.716666666666665,30.983333333333334,2018-05-20,12,1,5
2_39_78_366_2018-05-20 16:48:00.918836,2-39-78-366,0002,2018-05-20T16:48:01.000+05:30,2018-05-20T18:39:36.000+05:30,2018-05-20T18:39:40.000+05:30,7.292,111.58333333333333,111.65,2018-05-20,16,1,5
2_39_126_20_2018-05-20 17:04:54.333682,2-39-126-20,0002,2018-05-20T17:04:54.000+05:30,2018-05-20T19:07:04.000+05:30,2018-05-20T19:07:08.000+05:30,5.552,122.16666666666667,122.23333333333333,2018-05-20,17,1,5
2_39_131_30_2018-05-20 17:08:02.321920,2-39-131-30,0002,2018-05-20T17:08:02.000+05:30,2018-05-21T00:57:38.000+05:30,2018-05-21T01:14:31.000+05:30,14.164,469.6,486.48333333333335,2018-05-20,17,1,5
2_39_130_31_2018-05-20 17:43:14.068483,2-39-130-31,0002,2018-05-20T17:43:14.000+05:30,2018-05-20T21:48:09.000+05:30,2018-05-20T21:48:14.000+05:30,10.768,244.91666666666666,245.0,2018-05-20,17,1,5
2_39_125_21_2018-05-20 17:51:11.100546,2-39-125-21,0002,2018-05-20T17:51:11.000+05:30,2018-05-20T21:13:43.000+05:30,2018-05-20T21:13:47.000+05:30,11.349,202.53333333333333,202.6,2018-05-20,17,1,5
2_39_124_22_2018-05-20 18:01:31.503925,2-39-124-22,0002,2018-05-20T18:01:31.000+05:30,2018-05-20T20:27:27.000+05:30,2018-05-20T21:36:45.000+05:30,8.763,145.93333333333334,215.23333333333332,2018-05-20,18,1,5
2_39_138_29_2018-05-20 18:07:47.672060,2-39-138-29,0002,2018-05-20T18:07:48.000+05:30,2018-05-20T18:42:35.000+05:30,2018-05-20T18:42:41.000+05:30,1.605,34.78333333333333,34.88333333333333,2018-05-20,18,1,5
2_39_123_23_2018-05-20 18:10:52.354052,2-39-123-23,0002,2018-05-20T18:10:52.000+05:30,2018-05-20T22:57:01.000+05:30,2018-05-20T22:56:34.000+05:30,14.103,286.15,285.7,2018-05-20,18,1,5
2_39_88_24_2018-05-20 18:15:49.255198,2-39-88-24,0002,2018-05-20T18:15:49.000+05:30,2018-05-20T19:02:47.000+05:30,2018-05-20T19:02:58.000+05:30,3.294,46.96666666666667,47.15,2018-05-20,18,1,5
2_39_90_26_2018-05-20 18:33:35.539740,2-39-90-26,0002,2018-05-20T18:33:36.000+05:30,2018-05-21T05:48:33.000+05:30,2018-05-21T06:08:48.000+05:30,32.928,674.95,695.2,2018-05-20,18,1,5
2_39_79_377_2018-05-20 18:41:26.353091,2-39-79-377,0002,2018-05-20T18:41:26.000+05:30,2018-05-21T00:50:50.000+05:30,2018-05-21T00:50:55.000+05:30,21.694,369.4,369.48333333333335,2018-05-20,18,1,5
2_39_138_29_2018-05-20 18:45:25.313039,2-39-138-29,0002,2018-05-20T18:45:25.000+05:30,2018-05-20T19:40:47.000+05:30,2018-05-20T19:40:53.000+05:30,4.125,55.36666666666667,55.46666666666667,2018-05-20,18,1,5
2_39_78_367_2018-05-20 18:59:57.789419,2-39-78-367,0002,2018-05-20T18:59:58.000+05:30,2018-05-20T22:54:47.000+05:30,2018-05-20T22:54:48.000+05:30,11.35,234.81666666666666,234.83333333333334,2018-05-20,18,1,5
2_39_128_18_2018-05-20 19:01:38.510690,2-39-128-18,0002,2018-05-20T19:01:39.000+05:30,2018-05-20T19:13:32.000+05:30,2018-05-20T19:13:36.000+05:30,0.69,11.883333333333333,11.95,2018-05-20,19,1,5
2_39_79_379_2018-05-20 19:26:08.460213,2-39-79-379,0002,2018-05-20T19:26:08.000+05:30,2018-05-20T20:01:16.000+05:30,2018-05-20T20:01:20.000+05:30,1.506,35.13333333333333,35.2,2018-05-20,19,1,5
2_39_88_24_2018-05-20 20:28:06.110364,2-39-88-24,0002,2018-05-20T20:28:06.000+05:30,2018-05-21T02:21:22.000+05:30,2018-05-21T02:28:09.000+05:30,16.003,353.26666666666665,360.05,2018-05-20,20,1,5
2_39_78_365_2018-05-20 20:46:53.244705,2-39-78-365,0002,2018-05-20T20:46:53.000+05:30,2018-05-20T23:30:26.000+05:30,2018-05-20T23:30:27.000+05:30,8.19,163.55,163.56666666666666,2018-05-20,20,1,5
2_39_79_379_2018-05-20 20:50:51.543167,2-39-79-379,0002,2018-05-20T20:50:52.000+05:30,2018-05-20T23:56:25.000+05:30,2018-05-21T01:17:27.000+05:30,8.229,185.55,266.5833333333333,2018-05-20,20,1,5
2_39_126_20_2018-05-20 21:36:09.719480,2-39-126-20,0002,2018-05-20T21:36:10.000+05:30,2018-05-21T01:17:25.000+05:30,2018-05-21T01:38:00.000+05:30,10.521,221.25,241.83333333333334,2018-05-20,21,1,5
2_39_129_17_2018-05-20 22:09:26.412109,2-39-129-17,0002,2018-05-20T22:09:26.000+05:30,2018-05-21T00:38:11.000+05:30,2018-05-21T00:38:16.000+05:30,10.749,148.75,148.83333333333334,2018-05-20,22,1,5
2_39_138_29_2018-05-20 22:22:48.828135,2-39-138-29,0002,2018-05-20T22:22:49.000+05:30,2018-05-20T22:59:23.000+05:30,2018-05-20T22:59:32.000+05:30,1.508,36.56666666666667,36.71666666666667,2018-05-20,22,1,5
2_39_79_380_2018-05-20 23:14:44.343826,2-39-79-380,0002,2018-05-20T23:14:44.000+05:30,2018-05-21T00:37:26.000+05:30,2018-05-21T02:47:52.000+05:30,2.431,82.7,213.13333333333333,2018-05-20,23,1,5
2_39_128_18_2018-05-20 23:18:38.940887,2-39-128-18,0002,2018-05-20T23:18:39.000+05:30,2018-05-21T01:00:22.000+05:30,2018-05-21T01:00:27.000+05:30,7.252,101.71666666666667,101.8,2018-05-20,23,1,5
2_39_125_21_2018-05-20 23:22:46.523891,2-39-125-21,0002,2018-05-20T23:22:47.000+05:30,2018-05-21T00:34:47.000+05:30,2018-05-21T00:34:51.000+05:30,5.077,72.0,72.06666666666666,2018-05-20,23,1,5
2_39_124_22_2018-05-20 23:29:39.406878,2-39-124-22,0002,2018-05-20T23:29:39.000+05:30,2018-05-21T03:23:51.000+05:30,2018-05-21T03:36:44.000+05:30,13.892,234.2,247.08333333333334,2018-05-20,23,1,5
2_39_79_381_2018-05-21 00:43:26.828218,2-39-79-381,0002,2018-05-21T00:43:27.000+05:30,2018-05-21T01:43:36.000+05:30,2018-05-21T01:46:38.000+05:30,2.111,60.15,63.18333333333333,2018-05-21,0,2,5
2_39_91_437_2018-05-21 01:21:42.020781,2-39-91-437,0002,2018-05-21T01:21:42.000+05:30,2018-05-21T01:35:57.000+05:30,2018-05-21T01:36:13.000+05:30,0.98,14.25,14.516666666666667,2018-05-21,1,2,5
2_39_139_28_2018-05-21 01:49:46.884498,2-39-139-28,0002,2018-05-21T01:49:47.000+05:30,2018-05-21T03:05:34.000+05:30,2018-05-21T15:00:12.000+05:30,2.897,75.78333333333333,790.4166666666666,2018-05-21,1,2,5
2_39_78_365_2018-05-21 01:57:11.742223,2-39-78-365,0002,2018-05-21T01:57:12.000+05:30,2018-05-21T05:11:19.000+05:30,2018-05-21T05:11:25.000+05:30,1.863,194.11666666666667,194.21666666666667,2018-05-21,1,2,5
2_39_138_566_2018-05-21 02:04:53.313604,2-39-138-566,0002,2018-05-21T02:04:53.000+05:30,2018-05-21T13:25:40.000+05:30,2018-05-21T13:24:42.000+05:30,8.168,680.7833333333333,679.8166666666667,2018-05-21,2,2,5
2_39_131_30_2018-05-21 03:39:51.907240,2-39-131-30,0002,2018-05-21T03:39:52.000+05:30,2018-05-21T06:56:14.000+05:30,2018-05-21T07:27:15.000+05:30,13.909,196.36666666666667,227.38333333333333,2018-05-21,3,2,5
2_39_126_20_2018-05-21 04:15:09.707821,2-39-126-20,0002,2018-05-21T04:15:10.000+05:30,2018-05-21T04:37:41.000+05:30,2018-05-21T04:45:20.000+05:30,1.739,22.516666666666666,30.166666666666668,2018-05-21,4,2,5
2_39_79_379_2018-05-21 05:51:19.365342,2-39-79-379,0002,2018-05-21T05:51:19.000+05:30,2018-05-21T07:55:31.000+05:30,2018-05-21T16:06:47.000+05:30,6.598,124.2,615.4666666666667,2018-05-21,5,2,5
2_39_79_377_2018-05-21 11:47:13.265291,2-39-79-377,0002,2018-05-21T11:47:13.000+05:30,2018-05-21T16:13:05.000+05:30,2018-05-21T21:21:38.000+05:30,11.759,265.8666666666667,574.4166666666666,2018-05-21,11,2,5
2_39_129_17_2018-05-21 13:14:56.372843,2-39-129-17,0002,2018-05-21T13:14:56.000+05:30,2018-05-21T14:19:46.000+05:30,2018-05-21T14:19:50.000+05:30,3.031,64.83333333333333,64.9,2018-05-21,13,2,5
2_39_138_566_2018-05-21 13:24:45.575519,2-39-138-566,0002,2018-05-21T13:24:46.000+05:30,2018-05-21T14:29:07.000+05:30,2018-05-21T14:29:12.000+05:30,3.201,64.35,64.43333333333334,2018-05-21,13,2,5
2_39_79_380_2018-05-21 13:49:23.403765,2-39-79-380,0002,2018-05-21T13:49:23.000+05:30,2018-05-21T21:10:08.000+05:30,2018-05-21T23:07:11.000+05:30,16.307,440.75,557.8,2018-05-21,13,2,5
2_39_95_444_2018-05-21 13:52:26.203873,2-39-95-444,0002,2018-05-21T13:52:26.000+05:30,2018-05-21T23:45:06.000+05:30,2018-05-21T23:45:47.000+05:30,13.963,592.6666666666666,593.35,2018-05-21,13,2,5
2_39_79_381_2018-05-21 14:12:23.795727,2-39-79-381,0002,2018-05-21T14:12:24.000+05:30,2018-05-21T15:47:33.000+05:30,2018-05-21T23:41:02.000+05:30,4.131,95.15,568.6333333333333,2018-05-21,14,2,5
2_39_79_376_2018-05-21 14:13:53.681953,2-39-79-376,0002,2018-05-21T14:13:54.000+05:30,2018-05-21T21:54:40.000+05:30,2018-05-22T00:05:59.000+05:30,17.091,460.76666666666665,592.0833333333334,2018-05-21,14,2,5
2_39_79_378_2018-05-21 14:15:54.576470,2-39-79-378,0002,2018-05-21T14:15:55.000+05:30,2018-05-21T21:50:31.000+05:30,2018-05-21T21:50:39.000+05:30,16.164,454.6,454.73333333333335,2018-05-21,14,2,5
2_39_95_27_2018-05-21 14:30:58.196895,2-39-95-27,0002,2018-05-21T14:30:58.000+05:30,2018-05-21T18:24:23.000+05:30,2018-05-22T00:49:59.000+05:30,10.786,233.41666666666666,619.0166666666667,2018-05-21,14,2,5
2_39_138_29_2018-05-21 14:39:35.187421,2-39-138-29,0002,2018-05-21T14:39:35.000+05:30,2018-05-22T01:01:25.000+05:30,2018-05-22T01:03:44.000+05:30,28.998,621.8333333333334,624.15,2018-05-21,14,2,5
2_39_88_24_2018-05-21 15:06:44.079124,2-39-88-24,0002,2018-05-21T15:06:44.000+05:30,2018-05-22T00:23:13.000+05:30,2018-05-22T00:30:47.000+05:30,27.442,556.4833333333333,564.05,2018-05-21,15,2,5
2_39_78_366_2018-05-21 15:15:48.917284,2-39-78-366,0002,2018-05-21T15:15:49.000+05:30,2018-05-21T18:36:24.000+05:30,2018-05-22T00:05:24.000+05:30,6.506,200.58333333333334,529.5833333333334,2018-05-21,15,2,5
2_39_79_383_2018-05-21 15:16:24.471542,2-39-79-383,0002,2018-05-21T15:16:24.000+05:30,2018-05-22T01:53:01.000+05:30,2018-05-22T02:00:35.000+05:30,20.353,636.6166666666667,644.1833333333333,2018-05-21,15,2,5
2_39_139_28_2018-05-21 15:22:23.958092,2-39-139-28,0002,2018-05-21T15:22:24.000+05:30,2018-05-22T16:22:14.000+05:30,2018-05-22T16:49:06.000+05:30,12.502,1499.8333333333333,1526.7,2018-05-21,15,2,5
2_39_92_442_2018-05-21 15:28:48.263520,2-39-92-442,0002,2018-05-21T15:28:48.000+05:30,2018-05-21T21:42:39.000+05:30,2018-05-21T23:57:21.000+05:30,16.913,373.85,508.55,2018-05-21,15,2,5
2_39_90_440_2018-05-21 15:32:31.900290,2-39-90-440,0002,2018-05-21T15:32:32.000+05:30,2018-05-21T17:31:51.000+05:30,2018-05-21T23:56:09.000+05:30,4.748,119.31666666666666,503.6166666666667,2018-05-21,15,2,5
2_39_78_365_2018-05-21 15:37:27.518578,2-39-78-365,0002,2018-05-21T15:37:28.000+05:30,2018-05-21T18:11:10.000+05:30,2018-05-22T00:41:03.000+05:30,4.698,153.7,543.5833333333334,2018-05-21,15,2,5
2_39_78_361_2018-05-21 15:41:43.694677,2-39-78-361,0002,2018-05-21T15:41:44.000+05:30,2018-05-21T19:00:51.000+05:30,2018-05-21T23:35:37.000+05:30,6.03,199.11666666666667,473.8833333333333,2018-05-21,15,2,5
2_39_78_363_2018-05-21 15:45:35.235115,2-39-78-363,0002,2018-05-21T15:45:35.000+05:30,2018-05-21T20:39:41.000+05:30,2018-05-21T20:40:23.000+05:30,7.317,294.1,294.8,2018-05-21,15,2,5
2_39_88_438_2018-05-21 15:46:19.082738,2-39-88-438,0002,2018-05-21T15:46:19.000+05:30,2018-05-21T17:53:39.000+05:30,2018-05-21T17:53:48.000+05:30,5.15,127.33333333333333,127.48333333333333,2018-05-21,15,2,5
2_39_131_30_2018-05-21 15:49:30.205182,2-39-131-30,0002,2018-05-21T15:49:30.000+05:30,2018-05-21T17:52:49.000+05:30,2018-05-22T01:09:20.000+05:30,5.152,123.31666666666666,559.8333333333334,2018-05-21,15,2,5
2_39_78_364_2018-05-21 15:51:20.344770,2-39-78-364,0002,2018-05-21T15:51:20.000+05:30,2018-05-21T17:27:13.000+05:30,2018-05-21T22:12:13.000+05:30,2.94,95.88333333333334,380.8833333333333,2018-05-21,15,2,5
2_39_89_439_2018-05-21 15:57:41.521178,2-39-89-439,0002,2018-05-21T15:57:42.000+05:30,2018-05-21T22:43:58.000+05:30,2018-05-21T22:44:03.000+05:30,9.375,406.26666666666665,406.35,2018-05-21,15,2,5
2_39_91_437_2018-05-21 15:58:35.166393,2-39-91-437,0002,2018-05-21T15:58:35.000+05:30,2018-05-21T23:34:39.000+05:30,2018-05-21T23:34:43.000+05:30,18.646,456.06666666666666,456.1333333333333,2018-05-21,15,2,5
2_39_78_367_2018-05-21 16:01:08.113909,2-39-78-367,0002,2018-05-21T16:01:08.000+05:30,2018-05-21T20:17:25.000+05:30,2018-05-22T00:04:10.000+05:30,7.462,256.28333333333336,483.03333333333336,2018-05-21,16,2,5
2_39_129_563_2018-05-21 16:07:19.292486,2-39-129-563,0002,2018-05-21T16:07:19.000+05:30,2018-05-21T20:57:16.000+05:30,2018-05-22T01:22:53.000+05:30,10.492,289.95,555.5666666666667,2018-05-21,16,2,5
2_39_126_20_2018-05-21 16:09:20.641789,2-39-126-20,0002,2018-05-21T16:09:21.000+05:30,2018-05-21T19:00:39.000+05:30,2018-05-22T01:37:29.000+05:30,6.055,171.3,568.1333333333333,2018-05-21,16,2,5
2_39_89_25_2018-05-21 16:11:49.705584,2-39-89-25,0002,2018-05-21T16:11:50.000+05:30,2018-05-21T17:06:43.000+05:30,2018-05-21T21:41:06.000+05:30,1.67,54.88333333333333,329.26666666666665,2018-05-21,16,2,5
2_39_79_379_2018-05-21 16:26:01.722042,2-39-79-379,0002,2018-05-21T16:26:02.000+05:30,2018-05-21T20:50:31.000+05:30,2018-05-22T02:06:45.000+05:30,8.102,264.48333333333335,580.7166666666667,2018-05-21,16,2,5
2_39_79_382_2018-05-21 16:31:05.084901,2-39-79-382,0002,2018-05-21T16:31:05.000+05:30,2018-05-21T21:07:50.000+05:30,2018-05-22T00:58:43.000+05:30,8.557,276.75,507.6333333333333,2018-05-21,16,2,5
2_39_90_26_2018-05-21 16:37:52.785321,2-39-90-26,0002,2018-05-21T16:37:53.000+05:30,2018-05-21T21:16:16.000+05:30,2018-05-21T21:16:21.000+05:30,9.269,278.3833333333333,278.46666666666664,2018-05-21,16,2,5
2_39_78_362_2018-05-21 16:54:23.782508,2-39-78-362,0002,2018-05-21T16:54:24.000+05:30,2018-05-22T00:38:53.000+05:30,2018-05-22T00:37:57.000+05:30,16.274,464.48333333333335,463.55,2018-05-21,16,2,5
2_39_127_561_2018-05-21 17:06:26.433656,2-39-127-561,0002,2018-05-21T17:06:26.000+05:30,2018-05-21T18:59:24.000+05:30,2018-05-21T18:59:28.000+05:30,4.179,112.96666666666667,113.03333333333333,2018-05-21,17,2,5
2_39_124_22_2018-05-21 17:15:05.831254,2-39-124-22,0002,2018-05-21T17:15:06.000+05:30,2018-05-21T21:17:14.000+05:30,2018-05-22T01:11:36.000+05:30,7.649,242.13333333333333,476.5,2018-05-21,17,2,5
2_39_123_23_2018-05-21 17:21:02.296592,2-39-123-23,0002,2018-05-21T17:21:02.000+05:30,2018-05-21T21:11:49.000+05:30,2018-05-22T01:38:47.000+05:30,6.746,230.78333333333333,497.75,2018-05-21,17,2,5
2_39_92_436_2018-05-21 17:26:25.146984,2-39-92-436,0002,2018-05-21T17:26:25.000+05:30,2018-05-22T00:05:17.000+05:30,2018-05-22T00:39:22.000+05:30,17.701,398.8666666666667,432.95,2018-05-21,17,2,5
2_39_123_557_2018-05-21 17:27:25.862181,2-39-123-557,0002,2018-05-21T17:27:26.000+05:30,2018-05-21T19:03:54.000+05:30,2018-05-21T19:04:02.000+05:30,3.235,96.46666666666667,96.6,2018-05-21,17,2,5
2_39_91_441_2018-05-21 17:28:21.006096,2-39-91-441,0002,2018-05-21T17:28:21.000+05:30,2018-05-21T20:18:11.000+05:30,2018-05-21T20:18:20.000+05:30,4.775,169.83333333333334,169.98333333333332,2018-05-21,17,2,5
2_39_88_438_2018-05-21 18:07:11.511013,2-39-88-438,0002,2018-05-21T18:07:12.000+05:30,2018-05-22T00:23:52.000+05:30,2018-05-22T02:11:03.000+05:30,18.58,376.6666666666667,483.85,2018-05-21,18,2,5
2_39_123_557_2018-05-21 19:56:45.335310,2-39-123-557,0002,2018-05-21T19:56:45.000+05:30,2018-05-21T23:37:55.000+05:30,2018-05-22T01:11:51.000+05:30,6.628,221.16666666666666,315.1,2018-05-21,19,2,5
2_39_125_21_2018-05-21 20:00:46.633287,2-39-125-21,0002,2018-05-21T20:00:47.000+05:30,2018-05-21T22:06:23.000+05:30,2018-05-21T22:06:29.000+05:30,3.715,125.6,125.7,2018-05-21,20,2,5
2_39_127_561_2018-05-21 20:11:55.510572,2-39-127-561,0002,2018-05-21T20:11:55.000+05:30,2018-05-21T20:34:02.000+05:30,2018-05-21T20:33:43.000+05:30,0.651,22.116666666666667,21.8,2018-05-21,20,2,5
2_39_78_363_2018-05-21 20:53:34.594052,2-39-78-363,0002,2018-05-21T20:53:35.000+05:30,2018-05-21T22:19:59.000+05:30,2018-05-22T00:30:54.000+05:30,2.504,86.4,217.31666666666666,2018-05-21,20,2,5
2_39_91_441_2018-05-21 20:59:54.090662,2-39-91-441,0002,2018-05-21T20:59:54.000+05:30,2018-05-21T23:31:57.000+05:30,2018-05-22T01:18:09.000+05:30,6.068,152.05,258.25,2018-05-21,20,2,5
2_39_127_561_2018-05-21 21:07:44.594631,2-39-127-561,0002,2018-05-21T21:07:45.000+05:30,2018-05-21T22:32:00.000+05:30,2018-05-21T22:32:05.000+05:30,2.399,84.25,84.33333333333333,2018-05-21,21,2,5
2_39_90_26_2018-05-21 22:09:25.315708,2-39-90-26,0002,2018-05-21T22:09:25.000+05:30,2018-05-21T22:19:54.000+05:30,2018-05-21T22:18:57.000+05:30,0.623,10.483333333333333,9.533333333333333,2018-05-21,22,2,5
2_39_90_26_2018-05-21 22:19:08.031234,2-39-90-26,0002,2018-05-21T22:19:08.000+05:30,2018-05-21T22:38:58.000+05:30,2018-05-21T22:39:02.000+05:30,1.539,19.833333333333332,19.9,2018-05-21,22,2,5
2_39_89_25_2018-05-21 22:20:20.847634,2-39-89-25,0002,2018-05-21T22:20:21.000+05:30,2018-05-21T22:30:07.000+05:30,2018-05-21T22:30:12.000+05:30,0.687,9.766666666666667,9.85,2018-05-21,22,2,5
2_39_89_25_2018-05-21 22:35:03.647327,2-39-89-25,0002,2018-05-21T22:35:04.000+05:30,2018-05-22T01:12:45.000+05:30,2018-05-22T01:12:50.000+05:30,11.687,157.68333333333334,157.76666666666668,2018-05-21,22,2,5
2_39_125_21_2018-05-21 22:59:19.701584,2-39-125-21,0002,2018-05-21T22:59:20.000+05:30,2018-05-22T03:54:52.000+05:30,2018-05-22T04:01:39.000+05:30,13.907,295.53333333333336,302.31666666666666,2018-05-21,22,2,5
2_39_79_377_2018-05-21 23:42:58.626611,2-39-79-377,0002,2018-05-21T23:42:59.000+05:30,2018-05-22T05:04:47.000+05:30,2018-05-22T13:06:00.000+05:30,16.008,321.8,803.0166666666667,2018-05-21,23,2,5
2_39_130_31_2018-05-22 00:09:45.959317,2-39-130-31,0002,2018-05-22T00:09:46.000+05:30,2018-05-22T02:27:05.000+05:30,2018-05-22T02:28:13.000+05:30,8.502,137.31666666666666,138.45,2018-05-22,0,3,5
2_39_78_366_2018-05-22 00:49:27.015709,2-39-78-366,0002,2018-05-22T00:49:27.000+05:30,2018-05-22T02:55:39.000+05:30,2018-05-22T02:55:58.000+05:30,9.21,126.2,126.51666666666667,2018-05-22,0,3,5
2_39_128_18_2018-05-22 00:54:12.404500,2-39-128-18,0002,2018-05-22T00:54:12.000+05:30,2018-05-22T03:04:04.000+05:30,2018-05-22T03:38:56.000+05:30,5.787,129.86666666666667,164.73333333333332,2018-05-22,0,3,5
2_39_79_378_2018-05-22 00:56:41.890838,2-39-79-378,0002,2018-05-22T00:56:42.000+05:30,2018-05-22T02:16:15.000+05:30,2018-05-22T02:16:20.000+05:30,3.921,79.55,79.63333333333334,2018-05-22,0,3,5
2_39_127_19_2018-05-22 01:04:48.187574,2-39-127-19,0002,2018-05-22T01:04:48.000+05:30,2018-05-22T02:57:00.000+05:30,2018-05-22T02:57:03.000+05:30,9.419,112.2,112.25,2018-05-22,1,3,5
2_39_79_380_2018-05-22 01:19:17.128451,2-39-79-380,0002,2018-05-22T01:19:17.000+05:30,2018-05-22T02:19:06.000+05:30,2018-05-22T03:16:38.000+05:30,1.755,59.81666666666667,117.35,2018-05-22,1,3,5
2_39_89_25_2018-05-22 01:46:27.612507,2-39-89-25,0002,2018-05-22T01:46:28.000+05:30,2018-05-22T04:18:49.000+05:30,2018-05-22T13:47:39.000+05:30,13.928,152.35,721.1833333333333,2018-05-22,1,3,5
2_39_131_30_2018-05-22 01:50:34.986193,2-39-131-30,0002,2018-05-22T01:50:35.000+05:30,2018-05-22T03:10:14.000+05:30,2018-05-22T03:50:34.000+05:30,6.63,79.65,119.98333333333333,2018-05-22,1,3,5
2_39_78_365_2018-05-22 02:43:25.113317,2-39-78-365,0002,2018-05-22T02:43:25.000+05:30,2018-05-22T03:24:17.000+05:30,2018-05-22T03:30:31.000+05:30,3.625,40.86666666666667,47.1,2018-05-22,2,3,5
2_39_138_29_2018-05-22 02:59:23.573550,2-39-138-29,0002,2018-05-22T02:59:24.000+05:30,2018-05-22T04:19:03.000+05:30,2018-05-22T04:19:07.000+05:30,6.65,79.65,79.71666666666667,2018-05-22,2,3,5
2_39_79_379_2018-05-22 03:01:04.147548,2-39-79-379,0002,2018-05-22T03:01:04.000+05:30,2018-05-22T05:15:22.000+05:30,2018-05-22T16:28:30.000+05:30,6.612,134.3,807.4333333333333,2018-05-22,3,3,5
2_39_130_31_2018-05-22 03:31:23.720818,2-39-130-31,0002,2018-05-22T03:31:24.000+05:30,2018-05-22T04:09:05.000+05:30,2018-05-22T04:09:14.000+05:30,3.167,37.68333333333333,37.833333333333336,2018-05-22,3,3,5
2_39_138_566_2018-05-22 03:42:43.494750,2-39-138-566,0002,2018-05-22T03:42:43.000+05:30,2018-05-22T10:41:24.000+05:30,2018-05-22T14:11:43.000+05:30,2.293,418.68333333333334,629.0,2018-05-22,3,3,5
2_39_131_30_2018-05-22 04:13:10.065765,2-39-131-30,0002,2018-05-22T04:13:10.000+05:30,2018-05-22T05:33:37.000+05:30,2018-05-22T05:33:41.000+05:30,4.245,80.45,80.51666666666667,2018-05-22,4,3,5
2_39_129_17_2018-05-22 04:57:09.867860,2-39-129-17,0002,2018-05-22T04:57:10.000+05:30,2018-05-22T14:40:15.000+05:30,2018-05-22T14:39:16.000+05:30,13.999,583.0833333333334,582.1,2018-05-22,4,3,5
2_39_131_30_2018-05-22 05:46:29.756799,2-39-131-30,0002,2018-05-22T05:46:30.000+05:30,2018-05-22T18:26:00.000+05:30,2018-05-23T14:51:46.000+05:30,15.649,759.5,1985.2666666666667,2018-05-22,5,3,5
2_39_78_366_2018-05-22 11:52:27.490734,2-39-78-366,0002,2018-05-22T11:52:27.000+05:30,2018-05-22T15:45:25.000+05:30,2018-05-22T21:14:57.000+05:30,11.586,232.96666666666667,562.5,2018-05-22,11,3,5
2_39_79_377_2018-05-22 13:15:56.862303,2-39-79-377,0002,2018-05-22T13:15:57.000+05:30,2018-05-22T14:37:05.000+05:30,2018-05-22T22:30:38.000+05:30,7.526,81.13333333333334,554.6833333333333,2018-05-22,13,3,5
2_39_79_380_2018-05-22 13:49:06.313281,2-39-79-380,0002,2018-05-22T13:49:06.000+05:30,2018-05-22T23:22:55.000+05:30,2018-05-22T23:21:57.000+05:30,20.31,573.8166666666667,572.85,2018-05-22,13,3,5
2_39_78_362_2018-05-22 13:50:01.873599,2-39-78-362,0002,2018-05-22T13:50:02.000+05:30,2018-05-22T23:09:34.000+05:30,2018-05-22T23:08:36.000+05:30,7.456,559.5333333333333,558.5666666666667,2018-05-22,13,3,5
2_39_79_381_2018-05-22 13:54:37.878271,2-39-79-381,0002,2018-05-22T13:54:38.000+05:30,2018-05-22T17:28:28.000+05:30,2018-05-22T22:57:35.000+05:30,10.444,213.83333333333334,542.95,2018-05-22,13,3,5
2_39_78_364_2018-05-22 14:04:36.468378,2-39-78-364,0002,2018-05-22T14:04:36.000+05:30,2018-05-22T20:07:05.000+05:30,2018-05-22T23:30:39.000+05:30,14.337,362.48333333333335,566.05,2018-05-22,14,3,5
2_39_138_29_2018-05-22 14:36:22.078733,2-39-138-29,0002,2018-05-22T14:36:22.000+05:30,2018-05-23T00:16:42.000+05:30,2018-05-23T01:02:33.000+05:30,17.431,580.3333333333334,626.1833333333333,2018-05-22,14,3,5
2_39_79_382_2018-05-22 14:37:26.556645,2-39-79-382,0002,2018-05-22T14:37:27.000+05:30,2018-05-22T15:55:43.000+05:30,2018-05-22T23:55:35.000+05:30,2.377,78.26666666666667,558.1333333333333,2018-05-22,14,3,5
2_39_79_376_2018-05-22 14:39:25.660796,2-39-79-376,0002,2018-05-22T14:39:26.000+05:30,2018-05-22T23:05:32.000+05:30,2018-05-22T23:11:31.000+05:30,18.135,506.1,512.0833333333334,2018-05-22,14,3,5
2_39_95_27_2018-05-22 14:44:29.688251,2-39-95-27,0002,2018-05-22T14:44:30.000+05:30,2018-05-22T17:40:14.000+05:30,2018-05-23T00:46:11.000+05:30,8.183,175.73333333333332,601.6833333333333,2018-05-22,14,3,5
2_39_91_441_2018-05-22 14:49:17.048589,2-39-91-441,0002,2018-05-22T14:49:17.000+05:30,2018-05-22T15:49:14.000+05:30,2018-05-22T20:14:04.000+05:30,5.843,59.95,324.78333333333336,2018-05-22,14,3,5
2_39_78_365_2018-05-22 14:53:49.084538,2-39-78-365,0002,2018-05-22T14:53:49.000+05:30,2018-05-22T22:53:37.000+05:30,2018-05-22T23:27:03.000+05:30,14.381,479.8,513.2333333333333,2018-05-22,14,3,5
2_39_79_378_2018-05-22 14:59:49.998461,2-39-79-378,0002,2018-05-22T14:59:50.000+05:30,2018-05-22T16:14:50.000+05:30,2018-05-22T23:21:25.000+05:30,2.926,75.0,501.5833333333333,2018-05-22,14,3,5
2_39_92_442_2018-05-22 15:00:37.315408,2-39-92-442,0002,2018-05-22T15:00:37.000+05:30,2018-05-22T16:02:41.000+05:30,2018-05-22T18:04:19.000+05:30,2.891,62.06666666666667,183.7,2018-05-22,15,3,5
2_39_79_383_2018-05-22 15:05:13.822275,2-39-79-383,0002,2018-05-22T15:05:14.000+05:30,2018-05-22T18:55:25.000+05:30,2018-05-22T23:33:19.000+05:30,8.199,230.18333333333334,508.0833333333333,2018-05-22,15,3,5
2_39_78_361_2018-05-22 15:07:59.617530,2-39-78-361,0002,2018-05-22T15:08:00.000+05:30,2018-05-22T20:17:06.000+05:30,2018-05-22T21:54:26.000+05:30,8.394,309.1,406.43333333333334,2018-05-22,15,3,5
2_39_78_360_2018-05-22 15:16:37.542639,2-39-78-360,0002,2018-05-22T15:16:38.000+05:30,2018-05-23T09:55:38.000+05:30,2018-05-23T19:45:58.000+05:30,17.22265382317348,1119.0,1709.3333333333333,2018-05-22,15,3,5
2_39_88_24_2018-05-22 15:21:38.138145,2-39-88-24,0002,2018-05-22T15:21:38.000+05:30,2018-05-22T19:05:19.000+05:30,2018-05-22T19:05:24.000+05:30,8.257,223.68333333333334,223.76666666666668,2018-05-22,15,3,5
2_39_91_437_2018-05-22 15:22:22.828584,2-39-91-437,0002,2018-05-22T15:22:23.000+05:30,2018-05-22T17:59:28.000+05:30,2018-05-23T00:30:24.000+05:30,5.956,157.08333333333334,548.0166666666667,2018-05-22,15,3,5
2_39_123_557_2018-05-22 15:23:09.274820,2-39-123-557,0002,2018-05-22T15:23:09.000+05:30,2018-05-23T00:13:14.000+05:30,2018-05-23T00:13:19.000+05:30,22.074,530.0833333333334,530.1666666666666,2018-05-22,15,3,5
2_39_78_367_2018-05-22 15:31:34.778307,2-39-78-367,0002,2018-05-22T15:31:35.000+05:30,2018-05-23T00:24:51.000+05:30,2018-05-23T01:47:31.000+05:30,15.523,533.2666666666667,615.9333333333333,2018-05-22,15,3,5
2_39_90_440_2018-05-22 15:36:47.848684,2-39-90-440,0002,2018-05-22T15:36:48.000+05:30,2018-05-22T18:22:49.000+05:30,2018-05-22T19:10:31.000+05:30,6.064,166.01666666666668,213.71666666666667,2018-05-22,15,3,5
2_39_78_363_2018-05-22 15:45:52.271329,2-39-78-363,0002,2018-05-22T15:45:52.000+05:30,2018-05-22T18:46:56.000+05:30,2018-05-23T01:50:32.000+05:30,5.156,181.06666666666666,604.6666666666666,2018-05-22,15,3,5
2_39_129_563_2018-05-22 15:53:23.392173,2-39-129-563,0002,2018-05-22T15:53:23.000+05:30,2018-05-22T21:32:13.000+05:30,2018-05-23T01:14:49.000+05:30,10.694,338.8333333333333,561.4333333333333,2018-05-22,15,3,5
2_39_129_17_2018-05-22 15:59:51.539278,2-39-129-17,0002,2018-05-22T15:59:52.000+05:30,2018-05-22T18:25:16.000+05:30,2018-05-22T19:14:32.000+05:30,5.331,145.4,194.66666666666666,2018-05-22,15,3,5
2_39_124_558_2018-05-22 16:00:24.713105,2-39-124-558,0002,2018-05-22T16:00:25.000+05:30,2018-05-22T22:27:11.000+05:30,2018-05-22T22:27:16.000+05:30,11.224,386.76666666666665,386.85,2018-05-22,16,3,5
2_39_89_439_2018-05-22 16:03:20.825147,2-39-89-439,0002,2018-05-22T16:03:21.000+05:30,2018-05-23T00:49:42.000+05:30,2018-05-23T01:01:51.000+05:30,17.592,526.35,538.5,2018-05-22,16,3,5
2_39_95_444_2018-05-22 16:04:34.895385,2-39-95-444,0002,2018-05-22T16:04:35.000+05:30,2018-05-22T19:22:47.000+05:30,2018-05-23T01:30:48.000+05:30,6.513,198.2,566.2166666666667,2018-05-22,16,3,5
2_39_92_436_2018-05-22 16:05:10.188704,2-39-92-436,0002,2018-05-22T16:05:10.000+05:30,2018-05-22T23:19:14.000+05:30,2018-05-23T00:35:06.000+05:30,13.647,434.06666666666666,509.93333333333334,2018-05-22,16,3,5
2_39_89_25_2018-05-22 16:09:43.100895,2-39-89-25,0002,2018-05-22T16:09:43.000+05:30,2018-05-22T17:15:03.000+05:30,2018-05-22T23:19:31.000+05:30,2.025,65.33333333333333,429.8,2018-05-22,16,3,5
2_39_88_438_2018-05-22 16:10:44.302240,2-39-88-438,0002,2018-05-22T16:10:44.000+05:30,2018-05-22T17:34:59.000+05:30,2018-05-22T23:39:15.000+05:30,2.442,84.25,448.51666666666665,2018-05-22,16,3,5
2_39_128_18_2018-05-22 16:19:44.987799,2-39-128-18,0002,2018-05-22T16:19:45.000+05:30,2018-05-23T00:28:55.000+05:30,2018-05-23T00:29:39.000+05:30,13.99,489.1666666666667,489.9,2018-05-22,16,3,5
2_39_139_567_2018-05-22 16:29:50.309541,2-39-139-567,0002,2018-05-22T16:29:50.000+05:30,2018-05-22T18:49:35.000+05:30,2018-05-23T00:35:20.000+05:30,3.843,139.75,485.5,2018-05-22,16,3,5
2_39_125_21_2018-05-22 16:36:01.532320,2-39-125-21,0002,2018-05-22T16:36:02.000+05:30,2018-05-23T01:12:03.000+05:30,2018-05-23T01:13:30.000+05:30,14.005,516.0166666666667,517.4666666666667,2018-05-22,16,3,5
2_39_90_26_2018-05-22 16:40:09.660447,2-39-90-26,0002,2018-05-22T16:40:10.000+05:30,2018-05-22T20:51:03.000+05:30,2018-05-22T20:51:09.000+05:30,7.336,250.88333333333333,250.98333333333332,2018-05-22,16,3,5
2_39_79_379_2018-05-22 16:42:49.621072,2-39-79-379,0002,2018-05-22T16:42:50.000+05:30,2018-05-22T23:29:02.000+05:30,2018-05-23T01:58:04.000+05:30,12.212,406.2,555.2333333333333,2018-05-22,16,3,5
2_39_126_20_2018-05-22 16:52:44.280886,2-39-126-20,0002,2018-05-22T16:52:44.000+05:30,2018-05-22T20:23:57.000+05:30,2018-05-23T00:29:05.000+05:30,6.471,211.21666666666667,456.35,2018-05-22,16,3,5
2_39_139_28_2018-05-22 16:55:39.790963,2-39-139-28,0002,2018-05-22T16:55:40.000+05:30,2018-05-22T23:25:19.000+05:30,2018-05-22T23:25:24.000+05:30,10.119,389.65,389.73333333333335,2018-05-22,16,3,5
2_39_123_23_2018-05-22 16:58:52.879408,2-39-123-23,0002,2018-05-22T16:58:53.000+05:30,2018-05-22T18:25:50.000+05:30,2018-05-23T06:41:42.000+05:30,2.368,86.95,822.8166666666667,2018-05-22,16,3,5
2_39_131_565_2018-05-22 17:00:47.302396,2-39-131-565,0002,2018-05-22T17:00:47.000+05:30,2018-05-22T19:11:13.000+05:30,2018-05-22T19:11:22.000+05:30,3.422,130.43333333333334,130.58333333333334,2018-05-22,17,3,5
2_39_124_22_2018-05-22 17:07:12.508912,2-39-124-22,0002,2018-05-22T17:07:12.000+05:30,2018-05-22T22:39:16.000+05:30,2018-05-23T01:02:08.000+05:30,8.731,332.06666666666666,474.93333333333334,2018-05-22,17,3,5
2_39_138_566_2018-05-22 17:09:42.523168,2-39-138-566,0002,2018-05-22T17:09:43.000+05:30,2018-05-23T00:08:48.000+05:30,2018-05-23T02:11:02.000+05:30,12.668,419.0833333333333,541.3166666666667,2018-05-22,17,3,5
2_39_128_562_2018-05-22 17:12:17.044017,2-39-128-562,0002,2018-05-22T17:12:17.000+05:30,2018-05-23T00:49:04.000+05:30,2018-05-23T02:08:17.000+05:30,13.302,456.78333333333336,536.0,2018-05-22,17,3,5
2_39_130_564_2018-05-22 17:17:44.892895,2-39-130-564,0002,2018-05-22T17:17:45.000+05:30,2018-05-22T20:51:51.000+05:30,2018-05-23T01:15:38.000+05:30,5.913,214.1,477.8833333333333,2018-05-22,17,3,5
2_39_92_442_2018-05-22 18:07:20.641899,2-39-92-442,0002,2018-05-22T18:07:21.000+05:30,2018-05-22T20:26:19.000+05:30,2018-05-23T02:55:28.000+05:30,3.675,138.96666666666667,528.1166666666667,2018-05-22,18,3,5
2_39_125_559_2018-05-22 18:48:15.718966,2-39-125-559,0002,2018-05-22T18:48:16.000+05:30,2018-05-22T19:51:30.000+05:30,2018-05-22T21:27:44.000+05:30,1.562,63.233333333333334,159.46666666666667,2018-05-22,18,3,5
2_39_129_17_2018-05-22 19:25:49.742591,2-39-129-17,0002,2018-05-22T19:25:50.000+05:30,2018-05-22T23:11:22.000+05:30,2018-05-22T23:11:26.000+05:30,7.112,225.53333333333333,225.6,2018-05-22,19,3,5
2_39_90_440_2018-05-22 19:26:12.926797,2-39-90-440,0002,2018-05-22T19:26:13.000+05:30,2018-05-22T23:06:29.000+05:30,2018-05-23T02:01:28.000+05:30,6.764,220.26666666666668,395.25,2018-05-22,19,3,5
2_39_131_565_2018-05-22 19:28:10.062071,2-39-131-565,0002,2018-05-22T19:28:10.000+05:30,2018-05-23T02:26:32.000+05:30,2018-05-23T02:30:33.000+05:30,13.911,418.3666666666667,422.3833333333333,2018-05-22,19,3,5
2_39_88_24_2018-05-22 19:34:29.807866,2-39-88-24,0002,2018-05-22T19:34:30.000+05:30,2018-05-22T23:15:38.000+05:30,2018-05-22T23:23:43.000+05:30,9.745,221.13333333333333,229.21666666666667,2018-05-22,19,3,5
2_39_127_19_2018-05-22 20:07:48.686677,2-39-127-19,0002,2018-05-22T20:07:49.000+05:30,2018-05-22T22:22:15.000+05:30,2018-05-22T22:22:19.000+05:30,4.001,134.43333333333334,134.5,2018-05-22,20,3,5
2_39_91_441_2018-05-22 20:38:49.493365,2-39-91-441,0002,2018-05-22T20:38:49.000+05:30,2018-05-22T22:06:58.000+05:30,2018-05-22T22:07:06.000+05:30,2.62,88.15,88.28333333333333,2018-05-22,20,3,5
2_39_90_26_2018-05-22 21:16:59.734951,2-39-90-26,0002,2018-05-22T21:17:00.000+05:30,2018-05-22T22:33:34.000+05:30,2018-05-22T22:33:39.000+05:30,3.156,76.56666666666666,76.65,2018-05-22,21,3,5
2_39_78_366_2018-05-22 21:47:31.837264,2-39-78-366,0002,2018-05-22T21:47:32.000+05:30,2018-05-23T00:19:00.000+05:30,2018-05-23T02:16:50.000+05:30,10.375,151.46666666666667,269.3,2018-05-22,21,3,5
2_39_125_559_2018-05-22 21:54:23.711433,2-39-125-559,0002,2018-05-22T21:54:24.000+05:30,2018-05-23T00:17:26.000+05:30,2018-05-23T00:17:31.000+05:30,6.512,143.03333333333333,143.11666666666667,2018-05-22,21,3,5
2_39_90_26_2018-05-22 23:00:22.603089,2-39-90-26,0002,2018-05-22T23:00:23.000+05:30,2018-05-23T00:34:05.000+05:30,2018-05-23T01:19:21.000+05:30,10.179,93.7,138.96666666666667,2018-05-22,23,3,5
2_39_129_17_2018-05-22 23:12:52.692684,2-39-129-17,0002,2018-05-22T23:12:53.000+05:30,2018-05-23T02:27:52.000+05:30,2018-05-23T03:15:42.000+05:30,11.135,194.98333333333332,242.81666666666666,2018-05-22,23,3,5
2_39_88_24_2018-05-22 23:37:58.026697,2-39-88-24,0002,2018-05-22T23:37:58.000+05:30,2018-05-23T02:37:12.000+05:30,2018-05-23T02:37:24.000+05:30,6.661,179.23333333333332,179.43333333333334,2018-05-22,23,3,5
2_39_79_377_2018-05-22 23:59:25.713928,2-39-79-377,0002,2018-05-22T23:59:26.000+05:30,2018-05-23T04:28:58.000+05:30,2018-05-23T13:15:38.000+05:30,14.955,269.53333333333336,796.2,2018-05-22,23,3,5
2_39_79_380_2018-05-23 00:21:35.181002,2-39-79-380,0002,2018-05-23T00:21:35.000+05:30,2018-05-23T01:25:41.000+05:30,2018-05-23T02:28:37.000+05:30,1.946,64.1,127.03333333333333,2018-05-23,0,4,5
2_39_127_19_2018-05-23 00:43:35.980967,2-39-127-19,0002,2018-05-23T00:43:36.000+05:30,2018-05-23T04:06:57.000+05:30,2018-05-23T04:08:11.000+05:30,13.931,203.35,204.58333333333334,2018-05-23,0,4,5
2_39_139_28_2018-05-23 00:45:31.606774,2-39-139-28,0002,2018-05-23T00:45:32.000+05:30,2018-05-23T02:25:56.000+05:30,2018-05-23T03:13:10.000+05:30,4.964,100.4,147.63333333333333,2018-05-23,0,4,5
2_39_124_22_2018-05-23 01:13:45.084019,2-39-124-22,0002,2018-05-23T01:13:45.000+05:30,2018-05-23T01:39:25.000+05:30,2018-05-23T02:07:29.000+05:30,2.451,25.666666666666668,53.733333333333334,2018-05-23,1,4,5
2_39_138_29_2018-05-23 01:35:27.246554,2-39-138-29,0002,2018-05-23T01:35:27.000+05:30,2018-05-23T04:07:33.000+05:30,2018-05-23T04:33:51.000+05:30,8.251,152.1,178.4,2018-05-23,1,4,5
2_39_123_557_2018-05-23 01:38:57.335611,2-39-123-557,0002,2018-05-23T01:38:57.000+05:30,2018-05-23T02:41:05.000+05:30,2018-05-23T11:21:12.000+05:30,2.011,62.13333333333333,582.25,2018-05-23,1,4,5
2_39_130_31_2018-05-23 01:51:10.754386,2-39-130-31,0002,2018-05-23T01:51:11.000+05:30,2018-05-23T02:49:02.000+05:30,2018-05-23T03:42:30.000+05:30,5.488,57.85,111.31666666666666,2018-05-23,1,4,5
2_39_79_378_2018-05-23 01:54:50.294791,2-39-79-378,0002,2018-05-23T01:54:50.000+05:30,2018-05-23T05:40:50.000+05:30,2018-05-23T05:40:54.000+05:30,12.907,226.0,226.06666666666666,2018-05-23,1,4,5
2_39_89_25_2018-05-23 02:14:44.642651,2-39-89-25,0002,2018-05-23T02:14:45.000+05:30,2018-05-23T04:19:08.000+05:30,2018-05-23T13:53:26.000+05:30,13.064,124.38333333333334,698.6833333333333,2018-05-23,2,4,5
2_39_95_27_2018-05-23 02:32:06.894465,2-39-95-27,0002,2018-05-23T02:32:07.000+05:30,2018-05-23T05:19:16.000+05:30,2018-05-23T05:19:20.000+05:30,16.622,167.15,167.21666666666667,2018-05-23,2,4,5
2_39_78_365_2018-05-23 02:32:24.356119,2-39-78-365,0002,2018-05-23T02:32:24.000+05:30,2018-05-23T04:20:52.000+05:30,2018-05-23T04:32:25.000+05:30,10.303,108.46666666666667,120.01666666666667,2018-05-23,2,4,5
2_39_78_367_2018-05-23 02:43:51.848140,2-39-78-367,0002,2018-05-23T02:43:52.000+05:30,2018-05-23T06:21:31.000+05:30,2018-05-23T06:21:33.000+05:30,5.706,217.65,217.68333333333334,2018-05-23,2,4,5
2_39_125_21_2018-05-23 03:04:38.230296,2-39-125-21,0002,2018-05-23T03:04:38.000+05:30,2018-05-23T03:56:15.000+05:30,2018-05-23T03:56:20.000+05:30,5.047,51.61666666666667,51.7,2018-05-23,3,4,5
2_39_128_18_2018-05-23 03:13:26.907793,2-39-128-18,0002,2018-05-23T03:13:27.000+05:30,2018-05-23T04:35:05.000+05:30,2018-05-23T04:35:09.000+05:30,8.921,81.63333333333334,81.7,2018-05-23,3,4,5
2_39_79_380_2018-05-23 03:36:27.107171,2-39-79-380,0002,2018-05-23T03:36:27.000+05:30,2018-05-23T05:13:55.000+05:30,2018-05-23T06:24:04.000+05:30,8.151,97.46666666666667,167.61666666666667,2018-05-23,3,4,5
2_39_126_20_2018-05-23 04:10:09.294096,2-39-126-20,0002,2018-05-23T04:10:09.000+05:30,2018-05-23T12:46:39.000+05:30,2018-05-23T13:27:07.000+05:30,14.048,516.5,556.9666666666667,2018-05-23,4,4,5
2_39_79_376_2018-05-23 04:22:06.672550,2-39-79-376,0002,2018-05-23T04:22:07.000+05:30,2018-05-23T06:37:20.000+05:30,2018-05-23T17:38:39.000+05:30,6.878,135.21666666666667,796.5333333333333,2018-05-23,4,4,5
2_39_78_365_2018-05-23 05:47:02.761840,2-39-78-365,0002,2018-05-23T05:47:03.000+05:30,2018-05-23T06:53:11.000+05:30,2018-05-23T06:53:16.000+05:30,6.554,66.13333333333334,66.21666666666667,2018-05-23,5,4,5
2_39_139_28_2018-05-23 06:10:38.024679,2-39-139-28,0002,2018-05-23T06:10:38.000+05:30,2018-05-23T07:01:16.000+05:30,2018-05-23T07:01:20.000+05:30,5.41,50.63333333333333,50.7,2018-05-23,6,4,5
2_39_95_27_2018-05-23 06:54:10.704454,2-39-95-27,0002,2018-05-23T06:54:11.000+05:30,2018-05-23T09:19:03.000+05:30,2018-05-23T15:38:38.000+05:30,8.208,144.86666666666667,524.45,2018-05-23,6,4,5
2_39_123_557_2018-05-23 11:51:28.293082,2-39-123-557,0002,2018-05-23T11:51:28.000+05:30,2018-05-23T15:40:19.000+05:30,2018-05-23T19:33:51.000+05:30,11.579,228.85,462.3833333333333,2018-05-23,11,4,5
2_39_79_379_2018-05-23 12:55:34.008144,2-39-79-379,0002,2018-05-23T12:55:34.000+05:30,2018-05-23T14:45:26.000+05:30,2018-05-23T20:06:33.000+05:30,11.044,109.86666666666666,430.98333333333335,2018-05-23,12,4,5
2_39_139_28_2018-05-23 13:07:57.225992,2-39-139-28,0002,2018-05-23T13:07:57.000+05:30,2018-05-23T14:11:55.000+05:30,2018-05-23T14:11:59.000+05:30,3.593,63.96666666666667,64.03333333333333,2018-05-23,13,4,5
2_39_91_441_2018-05-23 14:03:50.478549,2-39-91-441,0002,2018-05-23T14:03:50.000+05:30,2018-05-23T17:16:28.000+05:30,2018-05-23T20:27:56.000+05:30,12.95,192.63333333333333,384.1,2018-05-23,14,4,5
2_39_79_380_2018-05-23 14:32:42.513788,2-39-79-380,0002,2018-05-23T14:32:43.000+05:30,2018-05-23T15:55:31.000+05:30,2018-05-23T23:46:34.000+05:30,4.591,82.8,553.85,2018-05-23,14,4,5
2_39_78_363_2018-05-23 14:36:51.046125,2-39-78-363,0002,2018-05-23T14:36:51.000+05:30,2018-05-23T23:35:03.000+05:30,2018-05-24T00:18:48.000+05:30,8.352,538.2,581.95,2018-05-23,14,4,5
2_39_139_28_2018-05-23 14:37:55.708658,2-39-139-28,0002,2018-05-23T14:37:56.000+05:30,2018-05-24T00:17:43.000+05:30,2018-05-24T01:22:53.000+05:30,7.395,579.7833333333333,644.95,2018-05-23,14,4,5
2_39_79_383_2018-05-23 14:57:56.429779,2-39-79-383,0002,2018-05-23T14:57:56.000+05:30,2018-05-23T17:11:31.000+05:30,2018-05-23T23:47:42.000+05:30,6.068,133.58333333333334,529.7666666666667,2018-05-23,14,4,5
2_39_138_29_2018-05-23 14:58:50.227915,2-39-138-29,0002,2018-05-23T14:58:50.000+05:30,2018-05-23T16:58:18.000+05:30,2018-05-24T00:38:11.000+05:30,5.977,119.46666666666667,579.35,2018-05-23,14,4,5
2_39_92_442_2018-05-23 15:01:28.637510,2-39-92-442,0002,2018-05-23T15:01:29.000+05:30,2018-05-23T18:19:21.000+05:30,2018-05-24T01:00:55.000+05:30,9.307,197.86666666666667,599.4333333333333,2018-05-23,15,4,5
2_39_131_30_2018-05-23 15:13:18.688249,2-39-131-30,0002,2018-05-23T15:13:19.000+05:30,2018-05-23T22:49:26.000+05:30,2018-05-23T22:49:31.000+05:30,10.615,456.1166666666667,456.2,2018-05-23,15,4,5
2_39_124_22_2018-05-23 15:16:52.313839,2-39-124-22,0002,2018-05-23T15:16:52.000+05:30,2018-05-23T23:05:28.000+05:30,2018-05-24T01:00:29.000+05:30,18.597,468.6,583.6166666666667,2018-05-23,15,4,5
2_39_130_31_2018-05-23 15:18:14.821581,2-39-130-31,0002,2018-05-23T15:18:15.000+05:30,2018-05-23T17:48:30.000+05:30,2018-05-23T22:57:16.000+05:30,6.493,150.25,459.01666666666665,2018-05-23,15,4,5
2_39_79_378_2018-05-23 15:18:44.074754,2-39-79-378,0002,2018-05-23T15:18:44.000+05:30,2018-05-23T16:36:06.000+05:30,2018-05-23T19:17:25.000+05:30,2.454,77.36666666666666,238.68333333333334,2018-05-23,15,4,5
2_39_78_365_2018-05-23 15:19:45.108430,2-39-78-365,0002,2018-05-23T15:19:45.000+05:30,2018-05-24T02:11:06.000+05:30,2018-05-24T02:11:43.000+05:30,15.023,651.35,651.9666666666667,2018-05-23,15,4,5
2_39_79_377_2018-05-23 15:26:47.574000,2-39-79-377,0002,2018-05-23T15:26:48.000+05:30,2018-05-23T18:20:34.000+05:30,2018-05-23T23:40:37.000+05:30,7.353,173.76666666666668,493.81666666666666,2018-05-23,15,4,5
2_39_78_364_2018-05-23 15:26:49.015851,2-39-78-364,0002,2018-05-23T15:26:49.000+05:30,2018-05-23T20:01:24.000+05:30,2018-05-23T20:01:35.000+05:30,9.107,274.5833333333333,274.76666666666665,2018-05-23,15,4,5
2_39_91_437_2018-05-23 15:28:52.933837,2-39-91-437,0002,2018-05-23T15:28:53.000+05:30,2018-05-23T18:14:15.000+05:30,2018-05-23T23:44:02.000+05:30,6.024,165.36666666666667,495.15,2018-05-23,15,4,5
2_39_129_17_2018-05-23 15:29:15.945547,2-39-129-17,0002,2018-05-23T15:29:16.000+05:30,2018-05-23T17:20:46.000+05:30,2018-05-23T19:16:11.000+05:30,4.918,111.5,226.91666666666666,2018-05-23,15,4,5
2_39_79_381_2018-05-23 15:33:07.567551,2-39-79-381,0002,2018-05-23T15:33:08.000+05:30,2018-05-23T16:45:45.000+05:30,2018-05-24T00:40:41.000+05:30,3.199,72.61666666666666,547.55,2018-05-23,15,4,5
2_39_78_366_2018-05-23 15:34:11.096859,2-39-78-366,0002,2018-05-23T15:34:11.000+05:30,2018-05-23T18:24:59.000+05:30,2018-05-24T01:03:10.000+05:30,5.177,170.8,568.9833333333333,2018-05-23,15,4,5
2_39_92_436_2018-05-23 15:35:49.006283,2-39-92-436,0002,2018-05-23T15:35:49.000+05:30,2018-05-23T18:43:23.000+05:30,2018-05-23T18:47:39.000+05:30,6.493,187.56666666666666,191.83333333333334,2018-05-23,15,4,5
2_39_78_361_2018-05-23 15:38:21.767016,2-39-78-361,0002,2018-05-23T15:38:22.000+05:30,2018-05-23T21:29:56.000+05:30,2018-05-23T21:29:22.000+05:30,2.797,351.56666666666666,351.0,2018-05-23,15,4,5
2_39_89_25_2018-05-23 15:40:05.579680,2-39-89-25,0002,2018-05-23T15:40:06.000+05:30,2018-05-23T22:33:51.000+05:30,2018-05-23T22:33:56.000+05:30,15.558,413.75,413.8333333333333,2018-05-23,15,4,5
2_39_90_26_2018-05-23 15:40:08.068968,2-39-90-26,0002,2018-05-23T15:40:08.000+05:30,2018-05-23T16:51:47.000+05:30,2018-05-24T02:38:18.000+05:30,2.264,71.65,658.1666666666666,2018-05-23,15,4,5
2_39_88_24_2018-05-23 15:45:56.441288,2-39-88-24,0002,2018-05-23T15:45:56.000+05:30,2018-05-23T17:55:34.000+05:30,2018-05-24T01:31:08.000+05:30,4.419,129.63333333333333,585.2,2018-05-23,15,4,5
2_39_79_382_2018-05-23 15:57:10.290181,2-39-79-382,0002,2018-05-23T15:57:10.000+05:30,2018-05-23T17:54:59.000+05:30,2018-05-24T03:46:53.000+05:30,4.666,117.81666666666666,709.7166666666667,2018-05-23,15,4,5
2_39_125_21_2018-05-23 16:02:00.511156,2-39-125-21,0002,2018-05-23T16:02:01.000+05:30,2018-05-23T23:08:35.000+05:30,2018-05-23T23:32:02.000+05:30,13.879,426.56666666666666,450.01666666666665,2018-05-23,16,4,5
2_39_78_367_2018-05-23 16:03:12.387456,2-39-78-367,0002,2018-05-23T16:03:12.000+05:30,2018-05-23T18:46:19.000+05:30,2018-05-23T18:46:26.000+05:30,4.774,163.11666666666667,163.23333333333332,2018-05-23,16,4,5
2_39_123_23_2018-05-23 16:11:12.194131,2-39-123-23,0002,2018-05-23T16:11:12.000+05:30,2018-05-23T20:35:21.000+05:30,2018-05-24T01:27:14.000+05:30,8.943,264.15,556.0333333333333,2018-05-23,16,4,5
2_39_95_27_2018-05-23 16:23:28.804400,2-39-95-27,0002,2018-05-23T16:23:29.000+05:30,2018-05-24T00:23:19.000+05:30,2018-05-24T02:40:24.000+05:30,19.336,479.8333333333333,616.9166666666666,2018-05-23,16,4,5
2_39_89_439_2018-05-23 16:26:33.146850,2-39-89-439,0002,2018-05-23T16:26:33.000+05:30,2018-05-24T01:15:31.000+05:30,2018-05-24T01:25:11.000+05:30,19.1,528.9666666666667,538.6333333333333,2018-05-23,16,4,5
2_39_95_444_2018-05-23 16:30:39.619588,2-39-95-444,0002,2018-05-23T16:30:40.000+05:30,2018-05-24T00:29:58.000+05:30,2018-05-24T00:30:34.000+05:30,19.601,479.3,479.9,2018-05-23,16,4,5
2_39_130_564_2018-05-23 16:30:48.128721,2-39-130-564,0002,2018-05-23T16:30:48.000+05:30,2018-05-23T21:55:46.000+05:30,2018-05-24T01:54:28.000+05:30,10.324,324.96666666666664,563.6666666666666,2018-05-23,16,4,5
2_39_90_440_2018-05-23 16:33:13.226641,2-39-90-440,0002,2018-05-23T16:33:13.000+05:30,2018-05-23T22:02:17.000+05:30,2018-05-23T22:02:24.000+05:30,10.542,329.06666666666666,329.18333333333334,2018-05-23,16,4,5
2_39_78_362_2018-05-23 16:45:49.626758,2-39-78-362,0002,2018-05-23T16:45:50.000+05:30,2018-05-24T00:40:10.000+05:30,2018-05-24T00:39:11.000+05:30,8.27,474.3333333333333,473.35,2018-05-23,16,4,5
2_39_88_438_2018-05-23 16:53:37.264786,2-39-88-438,0002,2018-05-23T16:53:37.000+05:30,2018-05-23T23:07:27.000+05:30,2018-05-24T02:12:17.000+05:30,12.377,373.8333333333333,558.6666666666666,2018-05-23,16,4,5
2_39_83_386_2018-05-23 16:53:52.075997,2-39-83-386,0002,2018-05-23T16:53:52.000+05:30,2018-05-23T20:36:07.000+05:30,2018-05-24T00:31:23.000+05:30,4.515,222.25,457.51666666666665,2018-05-23,16,4,5
2_39_128_562_2018-05-23 17:00:35.856586,2-39-128-562,0002,2018-05-23T17:00:36.000+05:30,2018-05-23T18:31:49.000+05:30,2018-05-23T18:31:58.000+05:30,2.84,91.21666666666667,91.36666666666666,2018-05-23,17,4,5
2_39_131_565_2018-05-23 17:11:23.458341,2-39-131-565,0002,2018-05-23T17:11:23.000+05:30,2018-05-24T04:37:18.000+05:30,2018-05-24T04:42:46.000+05:30,13.959,685.9166666666666,691.3833333333333,2018-05-23,17,4,5
2_39_138_566_2018-05-23 17:18:30.926412,2-39-138-566,0002,2018-05-23T17:18:31.000+05:30,2018-05-23T20:33:30.000+05:30,2018-05-23T20:32:32.000+05:30,5.722,194.98333333333332,194.01666666666668,2018-05-23,17,4,5
2_39_79_376_2018-05-23 17:42:31.721764,2-39-79-376,0002,2018-05-23T17:42:32.000+05:30,2018-05-24T01:27:31.000+05:30,2018-05-24T01:27:36.000+05:30,24.395,464.98333333333335,465.06666666666666,2018-05-23,17,4,5
2_39_128_562_2018-05-23 18:34:27.265947,2-39-128-562,0002,2018-05-23T18:34:27.000+05:30,2018-05-23T23:42:25.000+05:30,2018-05-24T00:37:59.000+05:30,8.879,307.96666666666664,363.53333333333336,2018-05-23,18,4,5
2_39_92_436_2018-05-23 18:54:40.949942,2-39-92-436,0002,2018-05-23T18:54:41.000+05:30,2018-05-23T20:03:14.000+05:30,2018-05-24T07:39:54.000+05:30,2.077,68.55,765.2166666666667,2018-05-23,18,4,5
2_39_78_367_2018-05-23 19:05:18.082444,2-39-78-367,0002,2018-05-23T19:05:18.000+05:30,2018-05-23T21:28:59.000+05:30,2018-05-23T21:29:21.000+05:30,4.067,143.68333333333334,144.05,2018-05-23,19,4,5
2_39_129_17_2018-05-23 19:17:53.060649,2-39-129-17,0002,2018-05-23T19:17:53.000+05:30,2018-05-23T23:56:01.000+05:30,2018-05-24T04:40:06.000+05:30,8.551,278.1333333333333,562.2166666666667,2018-05-23,19,4,5
2_39_79_378_2018-05-23 19:32:26.976721,2-39-79-378,0002,2018-05-23T19:32:27.000+05:30,2018-05-23T22:44:29.000+05:30,2018-05-24T02:35:25.000+05:30,6.827,192.03333333333333,422.96666666666664,2018-05-23,19,4,5
2_39_123_557_2018-05-23 19:42:03.419045,2-39-123-557,0002,2018-05-23T19:42:03.000+05:30,2018-05-23T20:53:46.000+05:30,2018-05-23T23:28:31.000+05:30,1.813,71.71666666666667,226.46666666666667,2018-05-23,19,4,5
2_39_139_567_2018-05-23 19:57:09.721119,2-39-139-567,0002,2018-05-23T19:57:10.000+05:30,2018-05-24T00:12:54.000+05:30,2018-05-24T00:13:07.000+05:30,8.861,255.73333333333332,255.95,2018-05-23,19,4,5
2_39_78_364_2018-05-23 20:04:38.565786,2-39-78-364,0002,2018-05-23T20:04:39.000+05:30,2018-05-23T23:00:03.000+05:30,2018-05-23T23:08:50.000+05:30,4.965,175.4,184.18333333333334,2018-05-23,20,4,5
2_39_79_379_2018-05-23 20:31:34.019107,2-39-79-379,0002,2018-05-23T20:31:34.000+05:30,2018-05-23T21:30:53.000+05:30,2018-05-24T00:16:43.000+05:30,1.682,59.31666666666667,225.15,2018-05-23,20,4,5
2_39_138_566_2018-05-23 20:32:35.638435,2-39-138-566,0002,2018-05-23T20:32:36.000+05:30,2018-05-24T00:48:56.000+05:30,2018-05-24T01:22:50.000+05:30,12.263,256.3333333333333,290.23333333333335,2018-05-23,20,4,5
2_39_78_367_2018-05-23 22:14:17.917588,2-39-78-367,0002,2018-05-23T22:14:18.000+05:30,2018-05-24T00:20:33.000+05:30,2018-05-24T01:06:24.000+05:30,8.717,126.25,172.1,2018-05-23,22,4,5
2_39_89_25_2018-05-23 22:49:17.915175,2-39-89-25,0002,2018-05-23T22:49:18.000+05:30,2018-05-23T23:21:44.000+05:30,2018-05-24T01:29:45.000+05:30,1.196,32.43333333333333,160.45,2018-05-23,22,4,5
2_39_131_30_2018-05-23 23:13:20.858786,2-39-131-30,0002,2018-05-23T23:13:21.000+05:30,2018-05-24T00:20:21.000+05:30,2018-05-24T00:20:24.000+05:30,3.652,67.0,67.05,2018-05-23,23,4,5
2_39_79_377_2018-05-23 23:42:19.597698,2-39-79-377,0002,2018-05-23T23:42:20.000+05:30,2018-05-24T04:13:42.000+05:30,2018-05-24T04:13:46.000+05:30,15.284,271.3666666666667,271.43333333333334,2018-05-23,23,4,5
2_39_127_19_2018-05-24 00:00:27.538940,2-39-127-19,0002,2018-05-24T00:00:28.000+05:30,2018-05-24T04:04:11.000+05:30,2018-05-24T04:52:24.000+05:30,13.896,243.71666666666667,291.93333333333334,2018-05-24,0,5,5
2_39_91_437_2018-05-24 00:09:38.958447,2-39-91-437,0002,2018-05-24T00:09:39.000+05:30,2018-05-24T01:41:35.000+05:30,2018-05-24T04:28:45.000+05:30,5.139,91.93333333333334,259.1,2018-05-24,0,5,5
2_39_79_379_2018-05-24 00:20:58.748722,2-39-79-379,0002,2018-05-24T00:20:59.000+05:30,2018-05-24T01:46:33.000+05:30,2018-05-24T01:46:45.000+05:30,3.541,85.56666666666666,85.76666666666667,2018-05-24,0,5,5
2_39_131_30_2018-05-24 00:23:06.049057,2-39-131-30,0002,2018-05-24T00:23:06.000+05:30,2018-05-24T00:36:37.000+05:30,2018-05-24T00:36:42.000+05:30,1.0,13.516666666666667,13.6,2018-05-24,0,5,5
2_39_126_20_2018-05-24 00:58:39.706859,2-39-126-20,0002,2018-05-24T00:58:40.000+05:30,2018-05-24T03:18:09.000+05:30,2018-05-24T03:24:52.000+05:30,13.903,139.48333333333332,146.2,2018-05-24,0,5,5
2_39_125_21_2018-05-24 01:25:20.030893,2-39-125-21,0002,2018-05-24T01:25:20.000+05:30,2018-05-24T03:34:07.000+05:30,2018-05-24T13:51:03.000+05:30,13.564,128.78333333333333,745.7166666666667,2018-05-24,1,5,5
2_39_130_31_2018-05-24 01:26:06.026302,2-39-130-31,0002,2018-05-24T01:26:06.000+05:30,2018-05-24T02:10:57.000+05:30,2018-05-24T03:24:19.000+05:30,1.172,44.85,118.21666666666667,2018-05-24,1,5,5
2_39_139_28_2018-05-24 01:45:13.007478,2-39-139-28,0002,2018-05-24T01:45:13.000+05:30,2018-05-24T02:33:05.000+05:30,2018-05-24T03:54:13.000+05:30,4.703,47.86666666666667,129.0,2018-05-24,1,5,5
2_39_138_29_2018-05-24 01:49:26.969256,2-39-138-29,0002,2018-05-24T01:49:27.000+05:30,2018-05-24T02:45:06.000+05:30,2018-05-24T03:50:45.000+05:30,5.395,55.65,121.3,2018-05-24,1,5,5
2_39_83_386_2018-05-24 02:30:31.607719,2-39-83-386,0002,2018-05-24T02:30:32.000+05:30,2018-05-24T03:33:22.000+05:30,2018-05-24T03:34:02.000+05:30,6.564,62.833333333333336,63.5,2018-05-24,2,5,5
2_39_88_24_2018-05-24 02:34:10.827771,2-39-88-24,0002,2018-05-24T02:34:11.000+05:30,2018-05-24T04:08:25.000+05:30,2018-05-24T04:08:30.000+05:30,10.746,94.23333333333333,94.31666666666666,2018-05-24,2,5,5
2_39_78_366_2018-05-24 02:41:09.058827,2-39-78-366,0002,2018-05-24T02:41:09.000+05:30,2018-05-24T05:05:38.000+05:30,2018-05-24T05:05:47.000+05:30,15.55,144.48333333333332,144.63333333333333,2018-05-24,2,5,5
2_39_78_363_2018-05-24 02:42:58.290110,2-39-78-363,0002,2018-05-24T02:42:58.000+05:30,2018-05-24T04:32:06.000+05:30,2018-05-24T04:35:08.000+05:30,10.572,109.13333333333334,112.16666666666667,2018-05-24,2,5,5
2_39_128_18_2018-05-24 02:58:32.711121,2-39-128-18,0002,2018-05-24T02:58:33.000+05:30,2018-05-24T03:51:13.000+05:30,2018-05-24T03:51:17.000+05:30,5.187,52.666666666666664,52.733333333333334,2018-05-24,2,5,5
2_39_79_379_2018-05-24 03:43:08.121859,2-39-79-379,0002,2018-05-24T03:43:08.000+05:30,2018-05-24T05:47:00.000+05:30,2018-05-25T16:49:05.000+05:30,6.543,123.86666666666666,2225.95,2018-05-24,3,5,5
2_39_130_31_2018-05-24 03:48:41.277298,2-39-130-31,0002,2018-05-24T03:48:41.000+05:30,2018-05-24T04:29:20.000+05:30,2018-05-24T04:29:25.000+05:30,4.205,40.65,40.733333333333334,2018-05-24,3,5,5
2_39_78_365_2018-05-24 04:33:14.805042,2-39-78-365,0002,2018-05-24T04:33:15.000+05:30,2018-05-24T04:38:53.000+05:30,2018-05-24T04:38:59.000+05:30,0.515,5.633333333333334,5.733333333333333,2018-05-24,4,5,5
2_39_79_378_2018-05-24 11:43:18.056768,2-39-79-378,0002,2018-05-24T11:43:18.000+05:30,2018-05-24T13:41:35.000+05:30,2018-05-24T22:44:33.000+05:30,11.882,118.28333333333333,661.25,2018-05-24,11,5,5
2_39_79_377_2018-05-24 11:45:29.957923,2-39-79-377,0002,2018-05-24T11:45:30.000+05:30,2018-05-24T15:24:16.000+05:30,2018-05-24T21:19:15.000+05:30,11.63,218.76666666666668,573.75,2018-05-24,11,5,5
2_39_79_380_2018-05-24 13:47:26.775889,2-39-79-380,0002,2018-05-24T13:47:27.000+05:30,2018-05-24T15:26:52.000+05:30,2018-05-24T23:07:29.000+05:30,7.929,99.41666666666667,560.0333333333333,2018-05-24,13,5,5
2_39_91_441_2018-05-24 13:56:29.634118,2-39-91-441,0002,2018-05-24T13:56:30.000+05:30,2018-05-24T17:03:16.000+05:30,2018-05-24T23:33:49.000+05:30,13.389,186.76666666666668,577.3166666666667,2018-05-24,13,5,5
2_39_79_381_2018-05-24 14:13:02.462276,2-39-79-381,0002,2018-05-24T14:13:02.000+05:30,2018-05-24T15:29:52.000+05:30,2018-05-24T23:43:55.000+05:30,4.005,76.83333333333333,570.8833333333333,2018-05-24,14,5,5
2_39_78_366_2018-05-24 14:14:02.520956,2-39-78-366,0002,2018-05-24T14:14:03.000+05:30,2018-05-24T16:44:59.000+05:30,2018-05-24T18:43:15.000+05:30,9.094,150.93333333333334,269.2,2018-05-24,14,5,5
2_39_95_27_2018-05-24 14:37:01.084274,2-39-95-27,0002,2018-05-24T14:37:01.000+05:30,2018-05-24T17:44:43.000+05:30,2018-05-25T01:06:13.000+05:30,8.248,187.7,629.2,2018-05-24,14,5,5
2_39_139_28_2018-05-24 14:43:38.011616,2-39-139-28,0002,2018-05-24T14:43:38.000+05:30,2018-05-25T00:08:47.000+05:30,2018-05-25T00:55:57.000+05:30,7.395,565.15,612.3166666666667,2018-05-24,14,5,5
2_39_92_442_2018-05-24 14:59:02.406422,2-39-92-442,0002,2018-05-24T14:59:02.000+05:30,2018-05-24T17:39:56.000+05:30,2018-05-24T19:36:10.000+05:30,8.504,160.9,277.1333333333333,2018-05-24,14,5,5
2_39_79_382_2018-05-24 15:01:23.618260,2-39-79-382,0002,2018-05-24T15:01:24.000+05:30,2018-05-24T17:33:10.000+05:30,2018-05-24T23:32:50.000+05:30,7.017,151.76666666666668,511.43333333333334,2018-05-24,15,5,5
2_39_79_383_2018-05-24 15:05:25.135396,2-39-79-383,0002,2018-05-24T15:05:25.000+05:30,2018-05-24T18:42:09.000+05:30,2018-05-24T23:37:35.000+05:30,8.358,216.73333333333332,512.1666666666666,2018-05-24,15,5,5
2_39_78_365_2018-05-24 15:10:50.068899,2-39-78-365,0002,2018-05-24T15:10:50.000+05:30,2018-05-24T17:55:08.000+05:30,2018-05-24T22:04:28.000+05:30,4.787,164.3,413.6333333333333,2018-05-24,15,5,5
2_39_125_21_2018-05-24 15:18:24.202412,2-39-125-21,0002,2018-05-24T15:18:24.000+05:30,2018-05-24T17:54:38.000+05:30,2018-05-24T17:54:43.000+05:30,6.177,156.23333333333332,156.31666666666666,2018-05-24,15,5,5
2_39_92_436_2018-05-24 15:21:21.421853,2-39-92-436,0002,2018-05-24T15:21:21.000+05:30,2018-05-24T18:37:32.000+05:30,2018-05-24T18:37:36.000+05:30,7.784,196.18333333333334,196.25,2018-05-24,15,5,5
2_39_89_25_2018-05-24 15:22:29.088320,2-39-89-25,0002,2018-05-24T15:22:29.000+05:30,2018-05-24T18:00:38.000+05:30,2018-05-25T00:03:15.000+05:30,5.957,158.15,520.7666666666667,2018-05-24,15,5,5
2_39_131_30_2018-05-24 15:23:09.440431,2-39-131-30,0002,2018-05-24T15:23:09.000+05:30,2018-05-24T21:21:49.000+05:30,2018-05-24T23:12:30.000+05:30,13.869,358.6666666666667,469.35,2018-05-24,15,5,5
2_39_88_24_2018-05-24 15:33:42.970151,2-39-88-24,0002,2018-05-24T15:33:43.000+05:30,2018-05-24T16:22:38.000+05:30,2018-05-25T02:30:26.000+05:30,1.571,48.916666666666664,656.7166666666667,2018-05-24,15,5,5
2_39_78_363_2018-05-24 15:37:45.795934,2-39-78-363,0002,2018-05-24T15:37:46.000+05:30,2018-05-24T17:24:21.000+05:30,2018-05-24T17:24:25.000+05:30,3.586,106.58333333333333,106.65,2018-05-24,15,5,5
2_39_138_29_2018-05-24 15:37:51.246974,2-39-138-29,0002,2018-05-24T15:37:51.000+05:30,2018-05-24T19:55:30.000+05:30,2018-05-25T03:53:19.000+05:30,5.96,257.65,735.4666666666667,2018-05-24,15,5,5
2_39_91_437_2018-05-24 15:39:58.944904,2-39-91-437,0002,2018-05-24T15:39:59.000+05:30,2018-05-24T20:36:39.000+05:30,2018-05-24T20:36:43.000+05:30,10.298,296.6666666666667,296.73333333333335,2018-05-24,15,5,5
2_39_78_367_2018-05-24 15:40:14.466314,2-39-78-367,0002,2018-05-24T15:40:14.000+05:30,2018-05-24T17:03:25.000+05:30,2018-05-25T00:15:02.000+05:30,2.636,83.18333333333334,514.8,2018-05-24,15,5,5
2_39_130_31_2018-05-24 15:43:51.908745,2-39-130-31,0002,2018-05-24T15:43:52.000+05:30,2018-05-24T23:35:02.000+05:30,2018-05-24T23:41:57.000+05:30,13.952,471.1666666666667,478.0833333333333,2018-05-24,15,5,5
2_39_127_19_2018-05-24 15:45:07.341178,2-39-127-19,0002,2018-05-24T15:45:07.000+05:30,2018-05-24T18:19:00.000+05:30,2018-05-24T19:25:21.000+05:30,5.595,153.88333333333333,220.23333333333332,2018-05-24,15,5,5
2_39_78_361_2018-05-24 15:55:18.710576,2-39-78-361,0002,2018-05-24T15:55:19.000+05:30,2018-05-24T18:08:41.000+05:30,2018-05-25T00:45:28.000+05:30,3.884,133.36666666666667,530.15,2018-05-24,15,5,5
2_39_78_360_2018-05-24 15:59:35.018557,2-39-78-360,0002,2018-05-24T15:59:35.000+05:30,2018-05-24T17:33:00.000+05:30,2018-05-25T01:29:52.000+05:30,2.64,93.41666666666667,570.2833333333333,2018-05-24,15,5,5
2_39_129_17_2018-05-24 16:01:28.111898,2-39-129-17,0002,2018-05-24T16:01:28.000+05:30,2018-05-25T01:19:50.000+05:30,2018-05-25T01:19:58.000+05:30,13.892,558.3666666666667,558.5,2018-05-24,16,5,5
2_39_90_26_2018-05-24 16:02:35.771199,2-39-90-26,0002,2018-05-24T16:02:36.000+05:30,2018-05-24T19:10:06.000+05:30,2018-05-24T19:10:11.000+05:30,6.713,187.5,187.58333333333334,2018-05-24,16,5,5
2_39_126_20_2018-05-24 16:03:43.830597,2-39-126-20,0002,2018-05-24T16:03:44.000+05:30,2018-05-25T00:05:25.000+05:30,2018-05-25T00:14:10.000+05:30,13.885,481.68333333333334,490.43333333333334,2018-05-24,16,5,5
2_39_123_23_2018-05-24 16:04:42.052097,2-39-123-23,0002,2018-05-24T16:04:42.000+05:30,2018-05-24T18:03:58.000+05:30,2018-05-25T00:28:27.000+05:30,3.643,119.26666666666667,503.75,2018-05-24,16,5,5
2_39_83_386_2018-05-24 16:07:18.127338,2-39-83-386,0002,2018-05-24T16:07:18.000+05:30,2018-05-24T22:32:30.000+05:30,2018-05-24T23:09:57.000+05:30,7.875,385.2,422.65,2018-05-24,16,5,5
2_39_78_362_2018-05-24 16:11:27.092924,2-39-78-362,0002,2018-05-24T16:11:27.000+05:30,2018-05-25T03:17:44.000+05:30,2018-05-25T03:16:46.000+05:30,19.654,666.2833333333333,665.3166666666667,2018-05-24,16,5,5
2_39_90_440_2018-05-24 16:13:50.817717,2-39-90-440,0002,2018-05-24T16:13:51.000+05:30,2018-05-24T20:13:58.000+05:30,2018-05-24T20:14:02.000+05:30,7.625,240.11666666666667,240.18333333333334,2018-05-24,16,5,5
2_39_124_22_2018-05-24 16:18:48.186119,2-39-124-22,0002,2018-05-24T16:18:48.000+05:30,2018-05-24T17:10:45.000+05:30,2018-05-24T17:10:53.000+05:30,1.862,51.95,52.083333333333336,2018-05-24,16,5,5
2_39_78_364_2018-05-24 16:19:17.450328,2-39-78-364,0002,2018-05-24T16:19:17.000+05:30,2018-05-24T21:59:32.000+05:30,2018-05-25T01:18:32.000+05:30,8.697,340.25,539.25,2018-05-24,16,5,5
2_39_88_438_2018-05-24 16:20:42.725376,2-39-88-438,0002,2018-05-24T16:20:43.000+05:30,2018-05-24T19:59:01.000+05:30,2018-05-24T19:59:06.000+05:30,7.286,218.3,218.38333333333333,2018-05-24,16,5,5
2_39_95_444_2018-05-24 16:25:48.223887,2-39-95-444,0002,2018-05-24T16:25:48.000+05:30,2018-05-24T17:49:52.000+05:30,2018-05-24T17:49:57.000+05:30,2.557,84.06666666666666,84.15,2018-05-24,16,5,5
2_39_89_439_2018-05-24 16:35:18.407840,2-39-89-439,0002,2018-05-24T16:35:18.000+05:30,2018-05-24T19:10:38.000+05:30,2018-05-24T19:10:42.000+05:30,4.382,155.33333333333334,155.4,2018-05-24,16,5,5
2_39_123_557_2018-05-24 16:40:39.033649,2-39-123-557,0002,2018-05-24T16:40:39.000+05:30,2018-05-24T20:58:26.000+05:30,2018-05-25T01:37:20.000+05:30,7.789,257.78333333333336,536.6833333333333,2018-05-24,16,5,5
2_39_130_564_2018-05-24 16:49:36.114277,2-39-130-564,0002,2018-05-24T16:49:36.000+05:30,2018-05-24T17:50:13.000+05:30,2018-05-24T17:50:18.000+05:30,1.76,60.61666666666667,60.7,2018-05-24,16,5,5
2_39_127_561_2018-05-24 16:55:07.989147,2-39-127-561,0002,2018-05-24T16:55:08.000+05:30,2018-05-24T17:24:05.000+05:30,2018-05-24T17:23:07.000+05:30,0.758,28.95,27.983333333333334,2018-05-24,16,5,5
2_39_124_22_2018-05-24 17:16:32.000634,2-39-124-22,0002,2018-05-24T17:16:32.000+05:30,2018-05-24T22:10:06.000+05:30,2018-05-24T22:09:08.000+05:30,10.439,293.56666666666666,292.6,2018-05-24,17,5,5
2_39_127_561_2018-05-24 17:23:10.624534,2-39-127-561,0002,2018-05-24T17:23:11.000+05:30,2018-05-24T23:42:16.000+05:30,2018-05-25T01:28:09.000+05:30,13.874,379.0833333333333,484.96666666666664,2018-05-24,17,5,5
2_39_78_363_2018-05-24 17:26:43.645886,2-39-78-363,0002,2018-05-24T17:26:44.000+05:30,2018-05-24T21:17:32.000+05:30,2018-05-24T21:17:36.000+05:30,6.585,230.8,230.86666666666667,2018-05-24,17,5,5
2_39_131_565_2018-05-24 17:50:22.708780,2-39-131-565,0002,2018-05-24T17:50:23.000+05:30,2018-05-24T19:55:57.000+05:30,2018-05-24T19:56:01.000+05:30,3.51,125.56666666666666,125.63333333333334,2018-05-24,17,5,5
2_39_95_444_2018-05-24 17:53:37.056323,2-39-95-444,0002,2018-05-24T17:53:37.000+05:30,2018-05-24T22:36:09.000+05:30,2018-05-25T00:40:42.000+05:30,14.428,282.53333333333336,407.0833333333333,2018-05-24,17,5,5
2_39_128_18_2018-05-24 17:59:47.284026,2-39-128-18,0002,2018-05-24T17:59:47.000+05:30,2018-05-24T19:15:22.000+05:30,2018-05-25T08:24:31.000+05:30,2.043,75.58333333333333,864.7333333333333,2018-05-24,17,5,5
2_39_125_21_2018-05-24 18:03:58.605858,2-39-125-21,0002,2018-05-24T18:03:59.000+05:30,2018-05-25T00:50:19.000+05:30,2018-05-25T01:10:38.000+05:30,13.881,406.3333333333333,426.65,2018-05-24,18,5,5
2_39_92_436_2018-05-24 18:52:38.635804,2-39-92-436,0002,2018-05-24T18:52:39.000+05:30,2018-05-24T19:41:26.000+05:30,2018-05-24T19:41:31.000+05:30,2.389,48.78333333333333,48.86666666666667,2018-05-24,18,5,5
2_39_92_436_2018-05-24 19:43:01.284487,2-39-92-436,0002,2018-05-24T19:43:01.000+05:30,2018-05-24T22:50:51.000+05:30,2018-05-24T23:30:24.000+05:30,6.149,187.83333333333334,227.38333333333333,2018-05-24,19,5,5
2_39_92_442_2018-05-24 19:46:30.634839,2-39-92-442,0002,2018-05-24T19:46:31.000+05:30,2018-05-24T22:27:09.000+05:30,2018-05-24T23:36:15.000+05:30,6.802,160.63333333333333,229.73333333333332,2018-05-24,19,5,5
2_39_90_26_2018-05-24 20:02:11.513356,2-39-90-26,0002,2018-05-24T20:02:12.000+05:30,2018-05-24T20:52:29.000+05:30,2018-05-24T20:52:34.000+05:30,3.802,50.28333333333333,50.36666666666667,2018-05-24,20,5,5
2_39_89_439_2018-05-24 20:14:05.065227,2-39-89-439,0002,2018-05-24T20:14:05.000+05:30,2018-05-24T22:32:55.000+05:30,2018-05-24T22:33:00.000+05:30,6.25,138.83333333333334,138.91666666666666,2018-05-24,20,5,5
2_39_78_366_2018-05-24 20:17:16.308387,2-39-78-366,0002,2018-05-24T20:17:16.000+05:30,2018-05-24T23:49:47.000+05:30,2018-05-24T23:49:49.000+05:30,1.093,212.51666666666668,212.55,2018-05-24,20,5,5
2_39_130_564_2018-05-24 20:29:06.183641,2-39-130-564,0002,2018-05-24T20:29:06.000+05:30,2018-05-25T00:07:41.000+05:30,2018-05-25T00:57:56.000+05:30,13.87,218.58333333333334,268.8333333333333,2018-05-24,20,5,5
2_39_90_440_2018-05-24 20:30:39.013278,2-39-90-440,0002,2018-05-24T20:30:39.000+05:30,2018-05-24T20:52:31.000+05:30,2018-05-25T02:57:26.000+05:30,0.778,21.866666666666667,386.78333333333336,2018-05-24,20,5,5
2_39_91_437_2018-05-24 20:41:11.041737,2-39-91-437,0002,2018-05-24T20:41:11.000+05:30,2018-05-24T22:57:39.000+05:30,2018-05-25T00:39:28.000+05:30,7.052,136.46666666666667,238.28333333333333,2018-05-24,20,5,5
2_39_88_438_2018-05-24 20:57:36.842423,2-39-88-438,0002,2018-05-24T20:57:37.000+05:30,2018-05-24T22:15:42.000+05:30,2018-05-25T03:25:31.000+05:30,3.706,78.08333333333333,387.9,2018-05-24,20,5,5
2_39_90_26_2018-05-24 21:00:31.037280,2-39-90-26,0002,2018-05-24T21:00:31.000+05:30,2018-05-24T22:31:30.000+05:30,2018-05-24T22:31:33.000+05:30,8.096,90.98333333333333,91.03333333333333,2018-05-24,21,5,5
2_39_127_19_2018-05-24 21:49:18.751778,2-39-127-19,0002,2018-05-24T21:49:19.000+05:30,2018-05-24T23:04:46.000+05:30,2018-05-24T23:04:51.000+05:30,4.781,75.45,75.53333333333333,2018-05-24,21,5,5
2_39_79_377_2018-05-24 21:55:10.882409,2-39-79-377,0002,2018-05-24T21:55:11.000+05:30,2018-05-24T22:23:48.000+05:30,2018-05-24T22:24:01.000+05:30,2.687,28.616666666666667,28.833333333333332,2018-05-24,21,5,5
2_39_124_22_2018-05-24 22:09:11.850859,2-39-124-22,0002,2018-05-24T22:09:12.000+05:30,2018-05-24T23:46:59.000+05:30,2018-05-25T01:57:46.000+05:30,8.833,97.78333333333333,228.56666666666666,2018-05-24,22,5,5
2_39_79_377_2018-05-25 00:09:35.041541,2-39-79-377,0002,2018-05-25T00:09:35.000+05:30,2018-05-25T02:34:02.000+05:30,2018-05-25T02:39:38.000+05:30,14.34,144.45,150.05,2018-05-25,0,6,5
2_39_127_19_2018-05-25 00:21:13.754631,2-39-127-19,0002,2018-05-25T00:21:14.000+05:30,2018-05-25T01:37:20.000+05:30,2018-05-25T02:06:43.000+05:30,7.209,76.1,105.48333333333333,2018-05-25,0,6,5
2_39_89_25_2018-05-25 00:24:19.575121,2-39-89-25,0002,2018-05-25T00:24:20.000+05:30,2018-05-25T02:39:29.000+05:30,2018-05-25T04:29:54.000+05:30,14.023,135.15,245.56666666666666,2018-05-25,0,6,5
2_39_79_380_2018-05-25 00:51:54.525478,2-39-79-380,0002,2018-05-25T00:51:55.000+05:30,2018-05-25T01:53:34.000+05:30,2018-05-25T01:53:39.000+05:30,2.18,61.65,61.733333333333334,2018-05-25,0,6,5
2_39_130_31_2018-05-25 00:55:38.214890,2-39-130-31,0002,2018-05-25T00:55:38.000+05:30,2018-05-25T03:36:09.000+05:30,2018-05-25T03:43:54.000+05:30,13.881,160.51666666666668,168.26666666666668,2018-05-25,0,6,5
2_39_79_382_2018-05-25 01:05:49.563179,2-39-79-382,0002,2018-05-25T01:05:50.000+05:30,2018-05-25T02:40:59.000+05:30,2018-05-25T03:48:31.000+05:30,4.926,95.15,162.68333333333334,2018-05-25,1,6,5
2_39_79_376_2018-05-25 01:46:18.086000,2-39-79-376,0002,2018-05-25T01:46:18.000+05:30,2018-05-25T02:52:26.000+05:30,2018-05-25T02:52:30.000+05:30,6.948,66.13333333333334,66.2,2018-05-25,1,6,5
2_39_131_30_2018-05-25 01:47:53.623357,2-39-131-30,0002,2018-05-25T01:47:54.000+05:30,2018-05-25T14:19:03.000+05:30,2018-05-25T14:19:35.000+05:30,13.937,751.15,751.6833333333333,2018-05-25,1,6,5
2_39_139_28_2018-05-25 01:49:08.859009,2-39-139-28,0002,2018-05-25T01:49:09.000+05:30,2018-05-25T02:47:39.000+05:30,2018-05-25T03:43:49.000+05:30,5.306,58.5,114.66666666666667,2018-05-25,1,6,5
2_39_92_436_2018-05-25 02:52:17.626964,2-39-92-436,0002,2018-05-25T02:52:18.000+05:30,2018-05-25T03:15:48.000+05:30,2018-05-25T03:15:52.000+05:30,2.638,23.5,23.566666666666666,2018-05-25,2,6,5
2_39_127_19_2018-05-25 03:13:57.956808,2-39-127-19,0002,2018-05-25T03:13:58.000+05:30,2018-05-25T04:34:05.000+05:30,2018-05-25T04:34:10.000+05:30,8.872,80.11666666666666,80.2,2018-05-25,3,6,5
2_39_91_437_2018-05-25 04:02:24.727255,2-39-91-437,0002,2018-05-25T04:02:25.000+05:30,2018-05-25T04:23:53.000+05:30,2018-05-25T04:24:01.000+05:30,1.143,21.466666666666665,21.6,2018-05-25,4,6,5
2_39_78_366_2018-05-25 05:15:01.140554,2-39-78-366,0002,2018-05-25T05:15:01.000+05:30,2018-05-25T06:27:04.000+05:30,2018-05-25T06:27:09.000+05:30,7.2,72.05,72.13333333333334,2018-05-25,5,6,5
2_39_125_21_2018-05-25 05:20:39.832962,2-39-125-21,0002,2018-05-25T05:20:40.000+05:30,2018-05-25T06:02:00.000+05:30,2018-05-25T06:02:07.000+05:30,4.608,41.333333333333336,41.45,2018-05-25,5,6,5
2_39_79_380_2018-05-25 05:25:11.803870,2-39-79-380,0002,2018-05-25T05:25:12.000+05:30,2018-05-25T06:09:00.000+05:30,2018-05-25T08:33:34.000+05:30,3.687,43.8,188.36666666666667,2018-05-25,5,6,5
2_39_138_566_2018-05-25 08:07:13.124142,2-39-138-566,0002,2018-05-25T08:07:13.000+05:30,2018-05-25T12:15:52.000+05:30,2018-05-25T13:55:35.000+05:30,13.881,248.65,348.3666666666667,2018-05-25,8,6,5
2_39_129_17_2018-05-25 09:38:16.619511,2-39-129-17,0002,2018-05-25T09:38:17.000+05:30,2018-05-25T14:57:48.000+05:30,2018-05-26T00:38:34.000+05:30,33.922,319.51666666666665,900.2833333333333,2018-05-25,9,6,5
2_39_79_377_2018-05-25 11:46:51.238981,2-39-79-377,0002,2018-05-25T11:46:51.000+05:30,2018-05-25T15:31:51.000+05:30,2018-05-25T20:24:55.000+05:30,11.644,225.0,518.0666666666667,2018-05-25,11,6,5
2_39_126_560_2018-05-25 12:39:40.172299,2-39-126-560,0002,2018-05-25T12:39:40.000+05:30,2018-05-25T22:44:10.000+05:30,2018-05-25T22:44:02.000+05:30,13.886,604.5,604.3666666666667,2018-05-25,12,6,5
2_39_127_19_2018-05-25 13:25:02.629139,2-39-127-19,0002,2018-05-25T13:25:03.000+05:30,2018-05-25T14:48:15.000+05:30,2018-05-25T14:52:24.000+05:30,5.593,83.2,87.35,2018-05-25,13,6,5
2_39_89_25_2018-05-25 13:40:20.631845,2-39-89-25,0002,2018-05-25T13:40:21.000+05:30,2018-05-25T14:53:02.000+05:30,2018-05-25T14:53:11.000+05:30,3.773,72.68333333333334,72.83333333333333,2018-05-25,13,6,5
2_39_91_441_2018-05-25 13:51:38.505338,2-39-91-441,0002,2018-05-25T13:51:38.000+05:30,2018-05-25T17:11:10.000+05:30,2018-05-25T21:07:29.000+05:30,14.738,199.53333333333333,435.85,2018-05-25,13,6,5
2_39_125_21_2018-05-25 14:13:46.639434,2-39-125-21,0002,2018-05-25T14:13:47.000+05:30,2018-05-25T22:39:22.000+05:30,2018-05-25T23:25:01.000+05:30,13.949,505.5833333333333,551.2333333333333,2018-05-25,14,6,5
2_39_79_380_2018-05-25 14:15:05.071157,2-39-79-380,0002,2018-05-25T14:15:05.000+05:30,2018-05-25T22:16:06.000+05:30,2018-05-25T22:18:05.000+05:30,3.127,481.01666666666665,483.0,2018-05-25,14,6,5
2_39_92_442_2018-05-25 14:15:44.938325,2-39-92-442,0002,2018-05-25T14:15:45.000+05:30,2018-05-25T16:46:01.000+05:30,2018-05-25T16:45:02.000+05:30,10.268,150.26666666666668,149.28333333333333,2018-05-25,14,6,5
2_39_79_382_2018-05-25 14:16:07.702046,2-39-79-382,0002,2018-05-25T14:16:08.000+05:30,2018-05-25T17:14:02.000+05:30,2018-05-25T21:36:58.000+05:30,12.187,177.9,440.8333333333333,2018-05-25,14,6,5
2_39_139_28_2018-05-25 14:39:56.681918,2-39-139-28,0002,2018-05-25T14:39:57.000+05:30,2018-05-25T19:04:06.000+05:30,2018-05-25T23:21:30.000+05:30,14.967,264.15,521.55,2018-05-25,14,6,5
2_39_95_27_2018-05-25 14:44:18.441259,2-39-95-27,0002,2018-05-25T14:44:18.000+05:30,2018-05-25T18:34:14.000+05:30,2018-05-25T21:54:03.000+05:30,10.401,229.93333333333334,429.75,2018-05-25,14,6,5
2_39_78_367_2018-05-25 14:50:04.327750,2-39-78-367,0002,2018-05-25T14:50:04.000+05:30,2018-05-25T15:55:16.000+05:30,2018-05-25T23:47:33.000+05:30,2.969,65.2,537.4833333333333,2018-05-25,14,6,5
2_39_89_439_2018-05-25 15:02:11.511052,2-39-89-439,0002,2018-05-25T15:02:12.000+05:30,2018-05-25T18:54:06.000+05:30,2018-05-25T18:54:12.000+05:30,10.927,231.9,232.0,2018-05-25,15,6,5
2_39_131_30_2018-05-25 15:14:01.962269,2-39-131-30,0002,2018-05-25T15:14:02.000+05:30,2018-05-25T20:12:00.000+05:30,2018-05-26T00:04:23.000+05:30,13.721,297.96666666666664,530.35,2018-05-25,15,6,5
2_39_78_365_2018-05-25 15:21:37.282735,2-39-78-365,0002,2018-05-25T15:21:37.000+05:30,2018-05-25T17:27:22.000+05:30,2018-05-25T17:27:23.000+05:30,5.386,125.75,125.76666666666667,2018-05-25,15,6,5
2_39_78_360_2018-05-25 15:32:09.042425,2-39-78-360,0002,2018-05-25T15:32:09.000+05:30,2018-05-25T19:13:15.000+05:30,2018-05-25T19:42:28.000+05:30,7.089,221.1,250.31666666666666,2018-05-25,15,6,5
2_39_79_378_2018-05-25 15:32:26.429013,2-39-79-378,0002,2018-05-25T15:32:26.000+05:30,2018-05-25T16:56:04.000+05:30,2018-05-26T00:15:38.000+05:30,5.469,83.63333333333334,523.2,2018-05-25,15,6,5
2_39_90_26_2018-05-25 15:39:09.002361,2-39-90-26,0002,2018-05-25T15:39:09.000+05:30,2018-05-25T16:42:35.000+05:30,2018-05-26T02:21:14.000+05:30,2.078,63.43333333333333,642.0833333333334,2018-05-25,15,6,5
2_39_124_558_2018-05-25 15:39:14.215985,2-39-124-558,0002,2018-05-25T15:39:14.000+05:30,2018-05-25T20:56:20.000+05:30,2018-05-25T21:01:36.000+05:30,13.879,317.1,322.3666666666667,2018-05-25,15,6,5
2_39_78_366_2018-05-25 15:39:19.137454,2-39-78-366,0002,2018-05-25T15:39:19.000+05:30,2018-05-25T19:39:01.000+05:30,2018-05-25T19:39:06.000+05:30,7.748,239.7,239.78333333333333,2018-05-25,15,6,5
2_39_138_29_2018-05-25 15:41:00.753733,2-39-138-29,0002,2018-05-25T15:41:01.000+05:30,2018-05-25T17:29:18.000+05:30,2018-05-26T02:40:37.000+05:30,4.534,108.28333333333333,659.6,2018-05-25,15,6,5
2_39_127_19_2018-05-25 15:43:06.109267,2-39-127-19,0002,2018-05-25T15:43:06.000+05:30,2018-05-25T18:06:36.000+05:30,2018-05-25T21:10:27.000+05:30,6.322,143.5,327.35,2018-05-25,15,6,5
2_39_91_437_2018-05-25 15:47:32.160942,2-39-91-437,0002,2018-05-25T15:47:32.000+05:30,2018-05-25T21:29:39.000+05:30,2018-05-25T21:29:43.000+05:30,14.972,342.1166666666667,342.18333333333334,2018-05-25,15,6,5
2_39_79_376_2018-05-25 15:52:53.491231,2-39-79-376,0002,2018-05-25T15:52:53.000+05:30,2018-05-25T17:10:50.000+05:30,2018-05-25T20:35:34.000+05:30,2.58,77.95,282.68333333333334,2018-05-25,15,6,5
2_39_130_564_2018-05-25 15:55:06.185366,2-39-130-564,0002,2018-05-25T15:55:06.000+05:30,2018-05-25T20:02:11.000+05:30,2018-05-26T02:03:06.000+05:30,10.363,247.08333333333334,608.0,2018-05-25,15,6,5
2_39_123_23_2018-05-25 15:56:33.640234,2-39-123-23,0002,2018-05-25T15:56:34.000+05:30,2018-05-25T16:06:52.000+05:30,2018-05-25T16:07:04.000+05:30,0.537,10.3,10.5,2018-05-25,15,6,5
2_39_89_25_2018-05-25 15:57:01.266058,2-39-89-25,0002,2018-05-25T15:57:01.000+05:30,2018-05-25T20:20:03.000+05:30,2018-05-25T20:20:08.000+05:30,10.586,263.03333333333336,263.1166666666667,2018-05-25,15,6,5
2_39_79_383_2018-05-25 15:57:06.325778,2-39-79-383,0002,2018-05-25T15:57:06.000+05:30,2018-05-25T18:52:00.000+05:30,2018-05-26T02:26:18.000+05:30,7.597,174.9,629.2,2018-05-25,15,6,5
2_39_78_363_2018-05-25 16:01:10.821932,2-39-78-363,0002,2018-05-25T16:01:11.000+05:30,2018-05-25T19:03:30.000+05:30,2018-05-25T23:40:49.000+05:30,5.448,182.31666666666666,459.6333333333333,2018-05-25,16,6,5
2_39_78_361_2018-05-25 16:10:05.279169,2-39-78-361,0002,2018-05-25T16:10:05.000+05:30,2018-05-26T00:45:42.000+05:30,2018-05-26T00:51:06.000+05:30,9.893,515.6166666666667,521.0166666666667,2018-05-25,16,6,5
2_39_79_381_2018-05-25 16:11:45.683005,2-39-79-381,0002,2018-05-25T16:11:46.000+05:30,2018-05-25T17:18:45.000+05:30,2018-05-25T21:44:49.000+05:30,2.871,66.98333333333333,333.05,2018-05-25,16,6,5
2_39_123_557_2018-05-25 16:22:58.665714,2-39-123-557,0002,2018-05-25T16:22:59.000+05:30,2018-05-25T18:23:50.000+05:30,2018-05-25T18:23:54.000+05:30,4.354,120.85,120.91666666666667,2018-05-25,16,6,5
2_39_83_386_2018-05-25 16:24:26.785776,2-39-83-386,0002,2018-05-25T16:24:27.000+05:30,2018-05-25T22:29:13.000+05:30,2018-05-25T23:29:07.000+05:30,7.469,364.76666666666665,424.6666666666667,2018-05-25,16,6,5
2_39_123_23_2018-05-25 16:25:23.478251,2-39-123-23,0002,2018-05-25T16:25:23.000+05:30,2018-05-26T00:33:54.000+05:30,2018-05-26T00:38:35.000+05:30,13.925,488.51666666666665,493.2,2018-05-25,16,6,5
2_39_78_364_2018-05-25 16:31:02.559877,2-39-78-364,0002,2018-05-25T16:31:03.000+05:30,2018-05-25T23:49:44.000+05:30,2018-05-25T23:49:50.000+05:30,10.722,438.68333333333334,438.78333333333336,2018-05-25,16,6,5
2_39_78_362_2018-05-25 16:35:20.331235,2-39-78-362,0002,2018-05-25T16:35:20.000+05:30,2018-05-26T03:40:12.000+05:30,2018-05-26T03:39:13.000+05:30,13.238,664.8666666666667,663.8833333333333,2018-05-25,16,6,5
2_39_95_444_2018-05-25 16:42:45.224822,2-39-95-444,0002,2018-05-25T16:42:45.000+05:30,2018-05-25T20:59:56.000+05:30,2018-05-26T00:35:11.000+05:30,8.738,257.18333333333334,472.43333333333334,2018-05-25,16,6,5
2_39_129_563_2018-05-25 16:43:27.022086,2-39-129-563,0002,2018-05-25T16:43:27.000+05:30,2018-05-26T00:59:15.000+05:30,2018-05-26T00:58:16.000+05:30,13.917,495.8,494.81666666666666,2018-05-25,16,6,5
2_39_88_438_2018-05-25 16:44:52.802776,2-39-88-438,0002,2018-05-25T16:44:53.000+05:30,2018-05-25T19:02:36.000+05:30,2018-05-25T23:43:11.000+05:30,4.416,137.71666666666667,418.3,2018-05-25,16,6,5
2_39_92_442_2018-05-25 16:45:49.397624,2-39-92-442,0002,2018-05-25T16:45:49.000+05:30,2018-05-25T21:31:23.000+05:30,2018-05-25T21:31:28.000+05:30,10.362,285.56666666666666,285.65,2018-05-25,16,6,5
2_39_124_22_2018-05-25 16:51:58.302737,2-39-124-22,0002,2018-05-25T16:51:58.000+05:30,2018-05-25T19:56:00.000+05:30,2018-05-26T00:28:03.000+05:30,6.348,184.03333333333333,456.0833333333333,2018-05-25,16,6,5
2_39_88_24_2018-05-25 17:15:54.736068,2-39-88-24,0002,2018-05-25T17:15:55.000+05:30,2018-05-25T23:08:32.000+05:30,2018-05-26T00:21:03.000+05:30,13.22,352.6166666666667,425.1333333333333,2018-05-25,17,6,5
2_39_90_440_2018-05-25 17:32:08.420206,2-39-90-440,0002,2018-05-25T17:32:08.000+05:30,2018-05-26T01:07:33.000+05:30,2018-05-26T01:22:16.000+05:30,20.022,455.4166666666667,470.1333333333333,2018-05-25,17,6,5
2_39_126_20_2018-05-25 18:01:30.963745,2-39-126-20,0002,2018-05-25T18:01:31.000+05:30,2018-05-25T19:07:51.000+05:30,2018-05-26T09:43:02.000+05:30,2.212,66.33333333333333,941.5166666666667,2018-05-25,18,6,5
2_39_78_365_2018-05-25 18:01:37.064624,2-39-78-365,0002,2018-05-25T18:01:37.000+05:30,2018-05-25T18:49:31.000+05:30,2018-05-25T18:49:38.000+05:30,1.303,47.9,48.016666666666666,2018-05-25,18,6,5
2_39_123_557_2018-05-25 18:41:10.010711,2-39-123-557,0002,2018-05-25T18:41:10.000+05:30,2018-05-25T22:43:38.000+05:30,2018-05-26T01:05:35.000+05:30,6.749,242.46666666666667,384.4166666666667,2018-05-25,18,6,5
2_39_78_365_2018-05-25 19:18:12.334353,2-39-78-365,0002,2018-05-25T19:18:12.000+05:30,2018-05-26T01:08:02.000+05:30,2018-05-26T01:08:06.000+05:30,16.528,349.8333333333333,349.9,2018-05-25,19,6,5
2_39_92_436_2018-05-25 20:01:52.097400,2-39-92-436,0002,2018-05-25T20:01:52.000+05:30,2018-05-25T20:44:57.000+05:30,2018-05-25T22:39:34.000+05:30,1.774,43.083333333333336,157.7,2018-05-25,20,6,5
2_39_78_360_2018-05-25 20:20:48.112131,2-39-78-360,0002,2018-05-25T20:20:48.000+05:30,2018-05-25T23:37:53.000+05:30,2018-05-25T23:37:59.000+05:30,6.982,197.08333333333334,197.18333333333334,2018-05-25,20,6,5
2_39_79_379_2018-05-25 20:23:23.509560,2-39-79-379,0002,2018-05-25T20:23:23.000+05:30,2018-05-25T21:51:47.000+05:30,2018-05-26T02:29:17.000+05:30,3.827,88.4,365.9,2018-05-25,20,6,5
2_39_89_439_2018-05-25 20:29:32.430599,2-39-89-439,0002,2018-05-25T20:29:32.000+05:30,2018-05-25T23:12:50.000+05:30,2018-05-26T00:38:12.000+05:30,10.806,163.3,248.66666666666666,2018-05-25,20,6,5
2_39_89_25_2018-05-25 20:30:14.525417,2-39-89-25,0002,2018-05-25T20:30:15.000+05:30,2018-05-25T23:22:07.000+05:30,2018-05-25T23:54:22.000+05:30,8.536,171.86666666666667,204.11666666666667,2018-05-25,20,6,5
2_39_78_366_2018-05-25 20:35:43.085455,2-39-78-366,0002,2018-05-25T20:35:43.000+05:30,2018-05-25T23:16:29.000+05:30,2018-05-25T23:16:34.000+05:30,4.449,160.76666666666668,160.85,2018-05-25,20,6,5
2_39_79_376_2018-05-25 20:43:23.135478,2-39-79-376,0002,2018-05-25T20:43:23.000+05:30,2018-05-25T23:07:32.000+05:30,2018-05-26T00:17:50.000+05:30,7.015,144.15,214.45,2018-05-25,20,6,5
2_39_79_377_2018-05-25 21:21:59.284084,2-39-79-377,0002,2018-05-25T21:21:59.000+05:30,2018-05-25T23:24:44.000+05:30,2018-05-26T00:52:09.000+05:30,6.047,122.75,210.16666666666666,2018-05-25,21,6,5
2_39_91_441_2018-05-25 21:42:57.078943,2-39-91-441,0002,2018-05-25T21:42:57.000+05:30,2018-05-25T22:35:02.000+05:30,2018-05-25T22:35:06.000+05:30,2.451,52.083333333333336,52.15,2018-05-25,21,6,5
2_39_91_437_2018-05-25 22:27:39.118442,2-39-91-437,0002,2018-05-25T22:27:39.000+05:30,2018-05-25T23:45:36.000+05:30,2018-05-25T23:46:12.000+05:30,7.302,77.95,78.55,2018-05-25,22,6,5
2_39_92_442_2018-05-25 22:34:18.776459,2-39-92-442,0002,2018-05-25T22:34:19.000+05:30,2018-05-25T23:34:00.000+05:30,2018-05-25T23:34:05.000+05:30,6.058,59.68333333333333,59.766666666666666,2018-05-25,22,6,5
2_39_91_441_2018-05-25 22:43:46.426374,2-39-91-441,0002,2018-05-25T22:43:46.000+05:30,2018-05-26T01:28:19.000+05:30,2018-05-26T01:28:26.000+05:30,17.815,164.55,164.66666666666666,2018-05-25,22,6,5
2_39_139_28_2018-05-25 23:39:05.819511,2-39-139-28,0002,2018-05-25T23:39:06.000+05:30,2018-05-26T16:34:32.000+05:30,2018-05-26T16:33:34.000+05:30,13.987,1015.4333333333333,1014.4666666666667,2018-05-25,23,6,5
2_39_92_436_2018-05-25 23:50:33.690213,2-39-92-436,0002,2018-05-25T23:50:34.000+05:30,2018-05-26T01:24:30.000+05:30,2018-05-26T01:24:33.000+05:30,10.337,93.93333333333334,93.98333333333333,2018-05-25,23,6,5
2_39_79_376_2018-05-26 00:24:43.286761,2-39-79-376,0002,2018-05-26T00:24:43.000+05:30,2018-05-26T03:22:30.000+05:30,2018-05-26T04:07:14.000+05:30,13.315,177.78333333333333,222.51666666666668,2018-05-26,0,7,5
2_39_89_25_2018-05-26 00:51:14.893225,2-39-89-25,0002,2018-05-26T00:51:15.000+05:30,2018-05-26T04:05:27.000+05:30,2018-05-26T04:05:31.000+05:30,11.31,194.2,194.26666666666668,2018-05-26,0,7,5
2_39_129_563_2018-05-26 00:58:20.322674,2-39-129-563,0002,2018-05-26T00:58:20.000+05:30,2018-05-26T01:25:55.000+05:30,2018-05-26T02:12:22.000+05:30,2.215,27.583333333333332,74.03333333333333,2018-05-26,0,7,5
2_39_130_31_2018-05-26 01:05:41.711992,2-39-130-31,0002,2018-05-26T01:05:42.000+05:30,2018-05-26T03:21:11.000+05:30,2018-05-26T04:18:32.000+05:30,6.121,135.48333333333332,192.83333333333334,2018-05-26,1,7,5
2_39_129_17_2018-05-26 01:26:56.278119,2-39-129-17,0002,2018-05-26T01:26:56.000+05:30,2018-05-26T05:02:02.000+05:30,2018-05-26T05:02:06.000+05:30,11.917,215.1,215.16666666666666,2018-05-26,1,7,5
2_39_78_363_2018-05-26 02:20:12.889661,2-39-78-363,0002,2018-05-26T02:20:13.000+05:30,2018-05-26T16:23:26.000+05:30,2018-05-26T16:22:28.000+05:30,39.834,843.2166666666667,842.25,2018-05-26,2,7,5
2_39_138_566_2018-05-26 02:38:45.939032,2-39-138-566,0002,2018-05-26T02:38:46.000+05:30,2018-05-26T06:24:49.000+05:30,2018-05-26T08:55:06.000+05:30,12.376,226.05,376.3333333333333,2018-05-26,2,7,5
2_39_79_378_2018-05-26 03:02:27.062592,2-39-79-378,0002,2018-05-26T03:02:27.000+05:30,2018-05-26T05:04:09.000+05:30,2018-05-26T05:04:13.000+05:30,6.477,121.7,121.76666666666667,2018-05-26,3,7,5
2_39_128_18_2018-05-26 03:13:19.997567,2-39-128-18,0002,2018-05-26T03:13:20.000+05:30,2018-05-26T04:38:11.000+05:30,2018-05-26T04:38:15.000+05:30,8.95,84.85,84.91666666666667,2018-05-26,3,7,5
2_39_79_379_2018-05-26 03:26:33.367858,2-39-79-379,0002,2018-05-26T03:26:33.000+05:30,2018-05-26T15:10:56.000+05:30,2018-05-26T15:31:16.000+05:30,39.921,704.3833333333333,724.7166666666667,2018-05-26,3,7,5
2_39_90_440_2018-05-26 03:48:32.156950,2-39-90-440,0002,2018-05-26T03:48:32.000+05:30,2018-05-26T05:27:38.000+05:30,2018-05-26T05:27:52.000+05:30,4.068,99.1,99.33333333333333,2018-05-26,3,7,5
2_39_79_377_2018-05-26 03:55:19.727376,2-39-79-377,0002,2018-05-26T03:55:20.000+05:30,2018-05-26T06:19:25.000+05:30,2018-05-29T16:31:00.000+05:30,6.505,144.08333333333334,5075.666666666667,2018-05-26,3,7,5
2_39_78_366_2018-05-26 04:52:28.450915,2-39-78-366,0002,2018-05-26T04:52:28.000+05:30,2018-05-26T09:37:38.000+05:30,2018-05-26T19:06:56.000+05:30,28.122,285.1666666666667,854.4666666666667,2018-05-26,4,7,5
2_39_131_30_2018-05-26 04:54:13.599490,2-39-131-30,0002,2018-05-26T04:54:14.000+05:30,2018-05-26T05:39:16.000+05:30,2018-05-26T18:15:31.000+05:30,1.88,45.03333333333333,801.2833333333333,2018-05-26,4,7,5
2_39_123_23_2018-05-26 05:03:31.304486,2-39-123-23,0002,2018-05-26T05:03:31.000+05:30,2018-05-26T17:23:58.000+05:30,2018-05-26T18:38:16.000+05:30,13.961,740.45,814.75,2018-05-26,5,7,5
2_39_79_376_2018-05-26 11:32:39.978322,2-39-79-376,0002,2018-05-26T11:32:40.000+05:30,2018-05-26T13:00:28.000+05:30,2018-05-26T13:00:33.000+05:30,4.839,87.8,87.88333333333334,2018-05-26,11,7,5
2_39_79_378_2018-05-26 15:00:50.059562,2-39-79-378,0002,2018-05-26T15:00:50.000+05:30,2018-05-26T20:09:44.000+05:30,2018-05-27T03:10:11.000+05:30,16.987,308.9,729.35,2018-05-26,15,7,5
2_39_138_566_2018-05-26 15:37:58.547140,2-39-138-566,0002,2018-05-26T15:37:59.000+05:30,2018-05-27T00:58:32.000+05:30,2018-05-27T00:59:08.000+05:30,13.897,560.55,561.15,2018-05-26,15,7,5
2_39_89_25_2018-05-26 15:41:54.498519,2-39-89-25,0002,2018-05-26T15:41:54.000+05:30,2018-05-26T16:58:33.000+05:30,2018-05-26T16:58:37.000+05:30,2.72,76.65,76.71666666666667,2018-05-26,15,7,5
2_39_92_436_2018-05-26 16:00:51.266701,2-39-92-436,0002,2018-05-26T16:00:51.000+05:30,2018-05-26T17:32:30.000+05:30,2018-05-26T17:32:35.000+05:30,9.926,91.65,91.73333333333333,2018-05-26,16,7,5
2_39_78_361_2018-05-26 16:02:54.362882,2-39-78-361,0002,2018-05-26T16:02:54.000+05:30,2018-05-26T17:40:30.000+05:30,2018-05-26T17:40:36.000+05:30,9.06,97.6,97.7,2018-05-26,16,7,5
2_39_129_17_2018-05-26 16:03:33.064967,2-39-129-17,0002,2018-05-26T16:03:33.000+05:30,2018-05-26T21:56:50.000+05:30,2018-05-27T00:49:30.000+05:30,13.911,353.28333333333336,525.95,2018-05-26,16,7,5
2_39_88_24_2018-05-26 16:10:33.580111,2-39-88-24,0002,2018-05-26T16:10:34.000+05:30,2018-05-26T17:15:03.000+05:30,2018-05-26T17:15:07.000+05:30,7.285,64.48333333333333,64.55,2018-05-26,16,7,5
2_39_78_363_2018-05-26 16:22:39.102668,2-39-78-363,0002,2018-05-26T16:22:39.000+05:30,2018-05-26T17:42:50.000+05:30,2018-05-26T23:09:40.000+05:30,6.343,80.18333333333334,407.01666666666665,2018-05-26,16,7,5
2_39_91_437_2018-05-26 16:37:27.151801,2-39-91-437,0002,2018-05-26T16:37:27.000+05:30,2018-05-26T22:00:43.000+05:30,2018-05-27T00:03:29.000+05:30,33.763,323.26666666666665,446.03333333333336,2018-05-26,16,7,5
2_39_139_28_2018-05-26 16:41:18.573101,2-39-139-28,0002,2018-05-26T16:41:19.000+05:30,2018-05-26T18:42:48.000+05:30,2018-05-26T19:00:13.000+05:30,12.263,121.48333333333333,138.9,2018-05-26,16,7,5
2_39_78_365_2018-05-26 16:51:31.100673,2-39-78-365,0002,2018-05-26T16:51:31.000+05:30,2018-05-26T19:59:21.000+05:30,2018-05-27T01:02:40.000+05:30,10.31,187.83333333333334,491.15,2018-05-26,16,7,5
2_39_125_21_2018-05-26 17:22:44.304359,2-39-125-21,0002,2018-05-26T17:22:44.000+05:30,2018-05-26T18:24:36.000+05:30,2018-05-26T18:24:40.000+05:30,6.703,61.86666666666667,61.93333333333333,2018-05-26,17,7,5
2_39_138_29_2018-05-26 18:14:14.714907,2-39-138-29,0002,2018-05-26T18:14:15.000+05:30,2018-05-26T22:12:55.000+05:30,2018-05-26T22:11:56.000+05:30,13.917,238.66666666666666,237.68333333333334,2018-05-26,18,7,5
2_39_83_386_2018-05-26 18:19:26.998304,2-39-83-386,0002,2018-05-26T18:19:27.000+05:30,2018-05-26T19:55:32.000+05:30,2018-05-27T05:25:14.000+05:30,5.188,96.08333333333333,665.7833333333333,2018-05-26,18,7,5
2_39_139_28_2018-05-26 19:54:43.904137,2-39-139-28,0002,2018-05-26T19:54:44.000+05:30,2018-05-26T22:02:00.000+05:30,2018-05-26T23:23:31.000+05:30,11.862,127.26666666666667,208.78333333333333,2018-05-26,19,7,5
2_39_131_30_2018-05-26 20:50:02.801865,2-39-131-30,0002,2018-05-26T20:50:03.000+05:30,2018-05-27T09:33:41.000+05:30,2018-05-29T15:10:45.000+05:30,13.954,763.6333333333333,3980.7,2018-05-26,20,7,5
2_39_89_25_2018-05-26 22:00:28.533655,2-39-89-25,0002,2018-05-26T22:00:29.000+05:30,2018-05-27T00:32:27.000+05:30,2018-05-27T06:24:06.000+05:30,15.439,151.96666666666667,503.6166666666667,2018-05-26,22,7,5
2_39_138_29_2018-05-26 22:12:04.023068,2-39-138-29,0002,2018-05-26T22:12:04.000+05:30,2018-05-26T23:23:31.000+05:30,2018-05-26T23:23:35.000+05:30,7.078,71.45,71.51666666666667,2018-05-26,22,7,5
2_39_126_20_2018-05-26 22:21:38.005476,2-39-126-20,0002,2018-05-26T22:21:38.000+05:30,2018-05-27T00:20:18.000+05:30,2018-05-27T00:58:44.000+05:30,5.952,118.66666666666667,157.1,2018-05-26,22,7,5
2_39_123_23_2018-05-26 23:09:15.242773,2-39-123-23,0002,2018-05-26T23:09:15.000+05:30,2018-05-27T01:19:31.000+05:30,2018-05-27T02:09:13.000+05:30,13.884,130.26666666666668,179.96666666666667,2018-05-26,23,7,5
2_39_124_22_2018-05-26 23:14:41.088664,2-39-124-22,0002,2018-05-26T23:14:41.000+05:30,2018-05-27T00:12:08.000+05:30,2018-05-27T00:12:13.000+05:30,6.158,57.45,57.53333333333333,2018-05-26,23,7,5
2_39_79_376_2018-05-26 23:24:21.137012,2-39-79-376,0002,2018-05-26T23:24:21.000+05:30,2018-05-26T23:45:41.000+05:30,2018-05-26T23:45:42.000+05:30,2.25,21.333333333333332,21.35,2018-05-26,23,7,5
2_39_95_27_2018-05-26 23:25:00.616843,2-39-95-27,0002,2018-05-26T23:25:01.000+05:30,2018-05-27T01:27:29.000+05:30,2018-05-27T02:33:58.000+05:30,9.166,122.46666666666667,188.95,2018-05-26,23,7,5
2_39_79_376_2018-05-26 23:46:41.221683,2-39-79-376,0002,2018-05-26T23:46:41.000+05:30,2018-05-27T01:19:32.000+05:30,2018-05-27T01:19:37.000+05:30,9.872,92.85,92.93333333333334,2018-05-26,23,7,5
2_39_79_380_2018-05-26 23:50:44.607574,2-39-79-380,0002,2018-05-26T23:50:45.000+05:30,2018-05-27T00:51:41.000+05:30,2018-05-27T00:51:46.000+05:30,6.487,60.93333333333333,61.016666666666666,2018-05-26,23,7,5
2_39_78_367_2018-05-27 00:30:06.304103,2-39-78-367,0002,2018-05-27T00:30:06.000+05:30,2018-05-27T03:10:28.000+05:30,2018-05-27T03:10:34.000+05:30,12.886,160.36666666666667,160.46666666666667,2018-05-27,0,1,5
2_39_125_21_2018-05-27 01:31:03.772594,2-39-125-21,0002,2018-05-27T01:31:04.000+05:30,2018-05-27T01:44:47.000+05:30,2018-05-27T01:44:55.000+05:30,1.108,13.716666666666667,13.85,2018-05-27,1,1,5
2_39_139_28_2018-05-27 02:13:06.101265,2-39-139-28,0002,2018-05-27T02:13:06.000+05:30,2018-05-27T05:34:32.000+05:30,2018-05-27T17:28:35.000+05:30,13.89,201.43333333333334,915.4833333333333,2018-05-27,2,1,5
2_39_79_379_2018-05-27 02:26:46.772674,2-39-79-379,0002,2018-05-27T02:26:47.000+05:30,2018-05-27T04:57:02.000+05:30,2018-05-27T06:06:12.000+05:30,8.284,150.25,219.41666666666666,2018-05-27,2,1,5
2_39_79_380_2018-05-27 03:51:23.191109,2-39-79-380,0002,2018-05-27T03:51:23.000+05:30,2018-05-27T04:26:43.000+05:30,2018-05-27T06:41:37.000+05:30,3.399,35.333333333333336,170.23333333333332,2018-05-27,3,1,5
2_39_138_566_2018-05-27 06:26:24.707070,2-39-138-566,0002,2018-05-27T06:26:25.000+05:30,2018-05-27T13:46:07.000+05:30,2018-05-27T13:48:53.000+05:30,13.872,439.7,442.46666666666664,2018-05-27,6,1,5
2_39_129_17_2018-05-27 17:31:06.259988,2-39-129-17,0002,2018-05-27T17:31:06.000+05:30,2018-05-27T20:11:29.000+05:30,2018-05-27T20:11:33.000+05:30,7.986,160.38333333333333,160.45,2018-05-27,17,1,5
2_39_139_28_2018-05-27 18:15:13.248222,2-39-139-28,0002,2018-05-27T18:15:13.000+05:30,2018-05-27T19:56:57.000+05:30,2018-05-27T19:57:01.000+05:30,5.351,101.73333333333333,101.8,2018-05-27,18,1,5
2_39_127_19_2018-05-27 18:49:11.725833,2-39-127-19,0002,2018-05-27T18:49:12.000+05:30,2018-05-27T19:59:16.000+05:30,2018-05-27T19:59:21.000+05:30,6.618,70.06666666666666,70.15,2018-05-27,18,1,5
2_39_125_21_2018-05-27 18:56:35.648403,2-39-125-21,0002,2018-05-27T18:56:36.000+05:30,2018-05-27T22:56:23.000+05:30,2018-05-27T23:11:30.000+05:30,13.901,239.78333333333333,254.9,2018-05-27,18,1,5
2_39_138_29_2018-05-27 18:57:04.312778,2-39-138-29,0002,2018-05-27T18:57:04.000+05:30,2018-05-27T19:48:41.000+05:30,2018-05-27T19:48:46.000+05:30,4.469,51.61666666666667,51.7,2018-05-27,18,1,5
2_39_123_23_2018-05-27 19:10:40.496174,2-39-123-23,0002,2018-05-27T19:10:40.000+05:30,2018-05-27T23:49:03.000+05:30,2018-05-27T23:52:09.000+05:30,13.901,278.3833333333333,281.48333333333335,2018-05-27,19,1,5
2_39_79_379_2018-05-27 19:37:31.457596,2-39-79-379,0002,2018-05-27T19:37:31.000+05:30,2018-05-27T22:05:37.000+05:30,2018-05-28T08:46:27.000+05:30,8.462,148.1,788.9333333333333,2018-05-27,19,1,5
2_39_95_27_2018-05-27 19:43:32.626478,2-39-95-27,0002,2018-05-27T19:43:33.000+05:30,2018-05-29T02:07:49.000+05:30,2018-05-29T02:08:18.000+05:30,41.995,1824.2666666666667,1824.75,2018-05-27,19,1,5
2_39_138_566_2018-05-27 20:02:43.882310,2-39-138-566,0002,2018-05-27T20:02:44.000+05:30,2018-05-27T23:53:23.000+05:30,2018-05-27T23:54:58.000+05:30,12.318,230.65,232.23333333333332,2018-05-27,20,1,5
2_39_139_28_2018-05-27 20:25:27.622190,2-39-139-28,0002,2018-05-27T20:25:28.000+05:30,2018-05-27T22:33:16.000+05:30,2018-05-27T22:33:20.000+05:30,7.088,127.8,127.86666666666666,2018-05-27,20,1,5
2_39_91_437_2018-05-27 21:07:00.062366,2-39-91-437,0002,2018-05-27T21:07:00.000+05:30,2018-05-28T00:28:14.000+05:30,2018-05-28T00:51:21.000+05:30,11.107,201.23333333333332,224.35,2018-05-27,21,1,5
2_39_128_18_2018-05-27 21:08:02.313223,2-39-128-18,0002,2018-05-27T21:08:02.000+05:30,2018-05-27T23:13:05.000+05:30,2018-05-27T23:13:13.000+05:30,6.674,125.05,125.18333333333334,2018-05-27,21,1,5
2_39_129_17_2018-05-27 22:08:35.791983,2-39-129-17,0002,2018-05-27T22:08:36.000+05:30,2018-05-27T23:41:51.000+05:30,2018-05-28T02:08:04.000+05:30,4.409,93.25,239.46666666666667,2018-05-27,22,1,5
2_39_139_28_2018-05-27 22:47:58.858366,2-39-139-28,0002,2018-05-27T22:47:59.000+05:30,2018-05-28T02:49:12.000+05:30,2018-05-28T03:05:54.000+05:30,13.927,241.21666666666667,257.9166666666667,2018-05-27,22,1,5
2_39_128_18_2018-05-28 00:01:09.977831,2-39-128-18,0002,2018-05-28T00:01:10.000+05:30,2018-05-28T02:18:34.000+05:30,2018-05-28T02:18:42.000+05:30,13.745,137.4,137.53333333333333,2018-05-28,0,2,5
2_39_138_29_2018-05-28 01:44:56.246684,2-39-138-29,0002,2018-05-28T01:44:56.000+05:30,2018-05-28T04:54:01.000+05:30,2018-05-28T04:57:58.000+05:30,13.9,189.08333333333334,193.03333333333333,2018-05-28,1,2,5
2_39_79_381_2018-05-28 01:54:48.196236,2-39-79-381,0002,2018-05-28T01:54:48.000+05:30,2018-05-28T03:52:45.000+05:30,2018-05-28T11:02:07.000+05:30,12.1,117.95,547.3166666666667,2018-05-28,1,2,5
2_39_127_19_2018-05-28 01:58:08.711546,2-39-127-19,0002,2018-05-28T01:58:09.000+05:30,2018-05-28T02:05:22.000+05:30,2018-05-28T02:04:23.000+05:30,0.545,7.216666666666667,6.233333333333333,2018-05-28,1,2,5
2_39_127_19_2018-05-28 02:04:27.133013,2-39-127-19,0002,2018-05-28T02:04:27.000+05:30,2018-05-28T04:27:45.000+05:30,2018-05-28T05:27:44.000+05:30,11.723,143.3,203.28333333333333,2018-05-28,2,2,5
2_39_138_566_2018-05-28 03:56:32.253864,2-39-138-566,0002,2018-05-28T03:56:32.000+05:30,2018-05-28T14:51:01.000+05:30,2018-05-28T14:51:41.000+05:30,10.684,654.4833333333333,655.15,2018-05-28,3,2,5
2_39_79_380_2018-05-28 05:43:41.345088,2-39-79-380,0002,2018-05-28T05:43:41.000+05:30,2018-05-28T06:58:13.000+05:30,2018-05-28T07:25:37.000+05:30,7.29,74.53333333333333,101.93333333333334,2018-05-28,5,2,5
2_39_79_379_2018-05-28 15:58:32.354232,2-39-79-379,0002,2018-05-28T15:58:32.000+05:30,2018-05-28T19:02:49.000+05:30,2018-05-28T19:02:54.000+05:30,10.797,184.28333333333333,184.36666666666667,2018-05-28,15,2,5
2_39_139_28_2018-05-28 16:48:42.900406,2-39-139-28,0002,2018-05-28T16:48:43.000+05:30,2018-05-28T19:00:31.000+05:30,2018-05-29T01:27:34.000+05:30,6.571,131.8,518.85,2018-05-28,16,2,5
2_39_127_19_2018-05-28 17:46:29.067898,2-39-127-19,0002,2018-05-28T17:46:29.000+05:30,2018-05-29T20:55:27.000+05:30,2018-05-29T20:55:16.000+05:30,14.033,1628.9666666666667,1628.7833333333333,2018-05-28,17,2,5
2_39_79_378_2018-05-28 18:34:11.826488,2-39-79-378,0002,2018-05-28T18:34:12.000+05:30,2018-05-28T19:55:14.000+05:30,2018-05-28T22:54:33.000+05:30,4.433,81.03333333333333,260.35,2018-05-28,18,2,5
2_39_89_25_2018-05-28 18:40:12.527569,2-39-89-25,0002,2018-05-28T18:40:13.000+05:30,2018-05-28T19:00:37.000+05:30,2018-05-28T19:00:46.000+05:30,2.198,20.4,20.55,2018-05-28,18,2,5
2_39_123_23_2018-05-28 18:55:44.550125,2-39-123-23,0002,2018-05-28T18:55:45.000+05:30,2018-05-28T19:44:32.000+05:30,2018-05-29T03:58:38.000+05:30,2.054,48.78333333333333,542.8833333333333,2018-05-28,18,2,5
2_39_125_21_2018-05-28 19:06:58.476480,2-39-125-21,0002,2018-05-28T19:06:58.000+05:30,2018-05-28T20:07:15.000+05:30,2018-05-28T20:07:24.000+05:30,6.074,60.28333333333333,60.43333333333333,2018-05-28,19,2,5
2_39_138_566_2018-05-28 19:17:48.695196,2-39-138-566,0002,2018-05-28T19:17:49.000+05:30,2018-05-29T14:13:03.000+05:30,2018-05-29T14:25:37.000+05:30,9.838,1135.2333333333333,1147.8,2018-05-28,19,2,5
2_39_91_437_2018-05-28 19:29:51.476467,2-39-91-437,0002,2018-05-28T19:29:51.000+05:30,2018-05-28T20:53:55.000+05:30,2018-05-29T01:19:48.000+05:30,9.004,84.06666666666666,349.95,2018-05-28,19,2,5
2_39_79_380_2018-05-28 19:57:10.448862,2-39-79-380,0002,2018-05-28T19:57:10.000+05:30,2018-05-28T21:31:21.000+05:30,2018-05-29T02:14:53.000+05:30,10.322,94.18333333333334,377.71666666666664,2018-05-28,19,2,5
2_39_129_17_2018-05-28 21:12:34.388315,2-39-129-17,0002,2018-05-28T21:12:34.000+05:30,2018-05-28T21:50:36.000+05:30,2018-05-28T22:37:26.000+05:30,1.79,38.03333333333333,84.86666666666666,2018-05-28,21,2,5
2_39_92_436_2018-05-28 22:08:09.477886,2-39-92-436,0002,2018-05-28T22:08:09.000+05:30,2018-05-29T00:18:47.000+05:30,2018-05-29T04:37:10.000+05:30,13.735,130.63333333333333,389.01666666666665,2018-05-28,22,2,5
2_39_124_22_2018-05-28 22:18:23.714511,2-39-124-22,0002,2018-05-28T22:18:24.000+05:30,2018-05-28T22:55:34.000+05:30,2018-05-28T22:55:42.000+05:30,3.802,37.166666666666664,37.3,2018-05-28,22,2,5
2_39_89_25_2018-05-28 22:25:21.148684,2-39-89-25,0002,2018-05-28T22:25:21.000+05:30,2018-05-28T23:10:40.000+05:30,2018-05-28T23:10:44.000+05:30,5.1,45.31666666666667,45.38333333333333,2018-05-28,22,2,5
2_39_129_17_2018-05-29 00:44:39.025970,2-39-129-17,0002,2018-05-29T00:44:39.000+05:30,2018-05-29T03:05:08.000+05:30,2018-05-29T03:16:24.000+05:30,8.068,140.48333333333332,151.75,2018-05-29,0,3,5
2_39_79_382_2018-05-29 02:06:08.390340,2-39-79-382,0002,2018-05-29T02:06:08.000+05:30,2018-05-29T04:33:11.000+05:30,2018-05-29T04:33:15.000+05:30,16.318,147.05,147.11666666666667,2018-05-29,2,3,5
2_39_79_380_2018-05-29 02:28:17.215130,2-39-79-380,0002,2018-05-29T02:28:17.000+05:30,2018-05-29T04:11:59.000+05:30,2018-05-29T05:00:32.000+05:30,10.418,103.7,152.25,2018-05-29,2,3,5
2_39_79_379_2018-05-29 04:26:12.820153,2-39-79-379,0002,2018-05-29T04:26:13.000+05:30,2018-05-29T09:09:32.000+05:30,2018-05-29T12:55:17.000+05:30,16.534,283.31666666666666,509.06666666666666,2018-05-29,4,3,5
2_39_91_437_2018-05-29 05:33:38.543517,2-39-91-437,0002,2018-05-29T05:33:39.000+05:30,2018-05-29T05:43:57.000+05:30,2018-05-29T05:44:05.000+05:30,0.948,10.3,10.433333333333334,2018-05-29,5,3,5
2_39_123_23_2018-05-29 05:49:38.242151,2-39-123-23,0002,2018-05-29T05:49:38.000+05:30,2018-05-29T06:33:06.000+05:30,2018-05-29T06:33:11.000+05:30,4.478,43.46666666666667,43.55,2018-05-29,5,3,5
2_39_129_17_2018-05-29 07:02:45.831423,2-39-129-17,0002,2018-05-29T07:02:46.000+05:30,2018-05-29T07:19:14.000+05:30,2018-05-29T07:19:42.000+05:30,1.703,16.466666666666665,16.933333333333334,2018-05-29,7,3,5
2_39_138_29_2018-05-29 08:57:10.325515,2-39-138-29,0002,2018-05-29T08:57:10.000+05:30,2018-05-29T10:27:21.000+05:30,2018-05-29T10:27:29.000+05:30,9.708,90.18333333333334,90.31666666666666,2018-05-29,8,3,5
2_39_78_366_2018-05-29 11:54:42.668039,2-39-78-366,0002,2018-05-29T11:54:43.000+05:30,2018-05-29T21:25:09.000+05:30,2018-05-29T21:28:14.000+05:30,11.497,570.4333333333333,573.5166666666667,2018-05-29,11,3,5
2_39_79_380_2018-05-29 13:53:26.304031,2-39-79-380,0002,2018-05-29T13:53:26.000+05:30,2018-05-29T16:45:58.000+05:30,2018-05-29T23:08:45.000+05:30,11.281,172.53333333333333,555.3166666666667,2018-05-29,13,3,5
2_39_95_27_2018-05-29 14:00:08.765403,2-39-95-27,0002,2018-05-29T14:00:09.000+05:30,2018-05-29T16:52:07.000+05:30,2018-05-30T00:56:39.000+05:30,9.269,171.96666666666667,656.5,2018-05-29,14,3,5
2_39_91_441_2018-05-29 14:08:52.840778,2-39-91-441,0002,2018-05-29T14:08:53.000+05:30,2018-05-29T16:51:49.000+05:30,2018-05-29T23:38:19.000+05:30,11.619,162.93333333333334,569.4333333333333,2018-05-29,14,3,5
2_39_91_437_2018-05-29 14:16:34.409480,2-39-91-437,0002,2018-05-29T14:16:34.000+05:30,2018-05-29T23:14:20.000+05:30,2018-05-29T23:35:34.000+05:30,24.996,537.7666666666667,559.0,2018-05-29,14,3,5
2_39_79_378_2018-05-29 14:30:27.299033,2-39-79-378,0002,2018-05-29T14:30:27.000+05:30,2018-05-30T00:09:26.000+05:30,2018-05-30T00:13:36.000+05:30,5.46,578.9833333333333,583.15,2018-05-29,14,3,5
2_39_79_383_2018-05-29 14:55:52.211656,2-39-79-383,0002,2018-05-29T14:55:52.000+05:30,2018-05-29T16:00:47.000+05:30,2018-05-29T23:57:59.000+05:30,2.813,64.91666666666667,542.1166666666667,2018-05-29,14,3,5
2_39_139_28_2018-05-29 14:56:11.814658,2-39-139-28,0002,2018-05-29T14:56:12.000+05:30,2018-05-29T16:17:02.000+05:30,2018-05-30T02:39:33.000+05:30,4.322,80.83333333333333,703.35,2018-05-29,14,3,5
2_39_79_381_2018-05-29 14:56:36.201614,2-39-79-381,0002,2018-05-29T14:56:36.000+05:30,2018-05-29T19:50:27.000+05:30,2018-05-29T23:36:19.000+05:30,12.488,293.85,519.7166666666667,2018-05-29,14,3,5
2_39_124_558_2018-05-29 14:59:17.513825,2-39-124-558,0002,2018-05-29T14:59:18.000+05:30,2018-05-29T21:54:42.000+05:30,2018-05-29T23:59:07.000+05:30,13.909,415.4,539.8166666666667,2018-05-29,14,3,5
2_39_78_360_2018-05-29 15:01:00.227421,2-39-78-360,0002,2018-05-29T15:01:00.000+05:30,2018-05-29T18:08:47.000+05:30,2018-05-30T00:00:46.000+05:30,6.378,187.78333333333333,539.7666666666667,2018-05-29,15,3,5
2_39_92_442_2018-05-29 15:09:58.805391,2-39-92-442,0002,2018-05-29T15:09:59.000+05:30,2018-05-29T23:50:01.000+05:30,2018-05-29T23:54:02.000+05:30,23.17,520.0333333333333,524.05,2018-05-29,15,3,5
2_39_138_29_2018-05-29 15:12:23.828714,2-39-138-29,0002,2018-05-29T15:12:24.000+05:30,2018-05-29T18:33:14.000+05:30,2018-05-30T00:17:32.000+05:30,6.172,200.83333333333334,545.1333333333333,2018-05-29,15,3,5
2_39_78_365_2018-05-29 15:16:44.953131,2-39-78-365,0002,2018-05-29T15:16:45.000+05:30,2018-05-29T23:40:23.000+05:30,2018-05-29T23:41:58.000+05:30,14.722,503.6333333333333,505.21666666666664,2018-05-29,15,3,5
2_39_79_379_2018-05-29 15:19:42.430232,2-39-79-379,0002,2018-05-29T15:19:42.000+05:30,2018-05-29T18:41:19.000+05:30,2018-05-29T18:41:20.000+05:30,9.007,201.61666666666667,201.63333333333333,2018-05-29,15,3,5
2_39_79_382_2018-05-29 15:21:06.055701,2-39-79-382,0002,2018-05-29T15:21:06.000+05:30,2018-05-30T01:15:09.000+05:30,2018-05-30T01:18:35.000+05:30,21.671,594.05,597.4833333333333,2018-05-29,15,3,5
2_39_78_363_2018-05-29 15:26:38.153474,2-39-78-363,0002,2018-05-29T15:26:38.000+05:30,2018-05-29T18:07:53.000+05:30,2018-05-30T02:06:09.000+05:30,4.932,161.25,639.5166666666667,2018-05-29,15,3,5
2_39_92_436_2018-05-29 15:30:32.392618,2-39-92-436,0002,2018-05-29T15:30:32.000+05:30,2018-05-29T16:41:51.000+05:30,2018-05-29T17:50:46.000+05:30,3.427,71.31666666666666,140.23333333333332,2018-05-29,15,3,5
2_39_78_361_2018-05-29 15:33:56.243626,2-39-78-361,0002,2018-05-29T15:33:56.000+05:30,2018-05-29T16:21:15.000+05:30,2018-05-29T16:21:22.000+05:30,1.659,47.31666666666667,47.43333333333333,2018-05-29,15,3,5
2_39_79_376_2018-05-29 15:38:12.174107,2-39-79-376,0002,2018-05-29T15:38:12.000+05:30,2018-05-29T20:32:46.000+05:30,2018-05-29T20:32:54.000+05:30,14.468,294.56666666666666,294.7,2018-05-29,15,3,5
2_39_78_367_2018-05-29 15:44:05.830594,2-39-78-367,0002,2018-05-29T15:44:06.000+05:30,2018-05-29T17:51:02.000+05:30,2018-05-29T23:53:55.000+05:30,3.658,126.93333333333334,489.81666666666666,2018-05-29,15,3,5
2_39_89_25_2018-05-29 15:46:32.928151,2-39-89-25,0002,2018-05-29T15:46:33.000+05:30,2018-05-29T23:56:03.000+05:30,2018-05-30T01:18:48.000+05:30,22.343,489.5,572.25,2018-05-29,15,3,5
2_39_131_30_2018-05-29 15:47:20.381572,2-39-131-30,0002,2018-05-29T15:47:20.000+05:30,2018-05-30T04:45:49.000+05:30,2018-05-30T05:48:33.000+05:30,13.986,778.4833333333333,841.2166666666667,2018-05-29,15,3,5
2_39_78_364_2018-05-29 15:50:53.670236,2-39-78-364,0002,2018-05-29T15:50:54.000+05:30,2018-05-29T17:28:17.000+05:30,2018-05-30T00:36:55.000+05:30,2.754,97.38333333333334,526.0166666666667,2018-05-29,15,3,5
2_39_95_444_2018-05-29 15:53:02.841385,2-39-95-444,0002,2018-05-29T15:53:03.000+05:30,2018-05-29T22:04:27.000+05:30,2018-05-29T22:21:17.000+05:30,13.84,371.4,388.23333333333335,2018-05-29,15,3,5
2_39_78_362_2018-05-29 15:53:33.208536,2-39-78-362,0002,2018-05-29T15:53:33.000+05:30,2018-05-30T00:29:53.000+05:30,2018-05-30T00:28:55.000+05:30,13.478,516.3333333333334,515.3666666666667,2018-05-29,15,3,5
2_39_123_23_2018-05-29 15:58:36.700452,2-39-123-23,0002,2018-05-29T15:58:37.000+05:30,2018-05-29T17:57:48.000+05:30,2018-05-29T17:57:53.000+05:30,4.489,119.18333333333334,119.26666666666667,2018-05-29,15,3,5
2_39_88_24_2018-05-29 15:58:39.586688,2-39-88-24,0002,2018-05-29T15:58:40.000+05:30,2018-05-29T23:38:02.000+05:30,2018-05-29T23:38:05.000+05:30,18.187,459.3666666666667,459.4166666666667,2018-05-29,15,3,5
2_39_88_438_2018-05-29 16:10:50.843692,2-39-88-438,0002,2018-05-29T16:10:51.000+05:30,2018-05-29T19:01:05.000+05:30,2018-05-29T19:01:09.000+05:30,5.498,170.23333333333332,170.3,2018-05-29,16,3,5
2_39_125_21_2018-05-29 16:17:55.238024,2-39-125-21,0002,2018-05-29T16:17:55.000+05:30,2018-05-29T17:35:13.000+05:30,2018-05-29T17:35:18.000+05:30,2.865,77.3,77.38333333333334,2018-05-29,16,3,5
2_39_128_18_2018-05-29 16:18:16.424997,2-39-128-18,0002,2018-05-29T16:18:16.000+05:30,2018-05-29T17:25:59.000+05:30,2018-05-30T00:10:42.000+05:30,1.28,67.71666666666667,472.43333333333334,2018-05-29,16,3,5
2_39_78_361_2018-05-29 16:35:31.381306,2-39-78-361,0002,2018-05-29T16:35:31.000+05:30,2018-05-29T22:30:53.000+05:30,2018-05-30T00:17:35.000+05:30,11.261,355.3666666666667,462.06666666666666,2018-05-29,16,3,5
2_39_83_386_2018-05-29 16:38:14.659108,2-39-83-386,0002,2018-05-29T16:38:15.000+05:30,2018-05-29T17:08:42.000+05:30,2018-05-29T17:08:47.000+05:30,0.625,30.45,30.533333333333335,2018-05-29,16,3,5
2_39_124_22_2018-05-29 16:41:20.489769,2-39-124-22,0002,2018-05-29T16:41:20.000+05:30,2018-05-29T23:42:39.000+05:30,2018-05-29T23:41:41.000+05:30,16.085,421.31666666666666,420.35,2018-05-29,16,3,5
2_39_79_377_2018-05-29 16:41:46.406337,2-39-79-377,0002,2018-05-29T16:41:46.000+05:30,2018-05-29T20:38:16.000+05:30,2018-05-29T20:38:24.000+05:30,8.128,236.5,236.63333333333333,2018-05-29,16,3,5
2_39_90_440_2018-05-29 16:53:24.020082,2-39-90-440,0002,2018-05-29T16:53:24.000+05:30,2018-05-29T20:46:09.000+05:30,2018-05-30T01:04:13.000+05:30,6.978,232.75,490.81666666666666,2018-05-29,16,3,5
2_39_90_26_2018-05-29 16:53:53.490965,2-39-90-26,0002,2018-05-29T16:53:53.000+05:30,2018-05-29T23:25:55.000+05:30,2018-05-30T03:18:02.000+05:30,12.877,392.03333333333336,624.15,2018-05-29,16,3,5
2_39_89_439_2018-05-29 16:57:08.328459,2-39-89-439,0002,2018-05-29T16:57:08.000+05:30,2018-05-29T22:49:42.000+05:30,2018-05-30T02:15:21.000+05:30,12.031,352.56666666666666,558.2166666666667,2018-05-29,16,3,5
2_39_131_565_2018-05-29 17:04:52.517150,2-39-131-565,0002,2018-05-29T17:04:53.000+05:30,2018-05-29T20:41:56.000+05:30,2018-05-30T00:35:38.000+05:30,5.996,217.05,450.75,2018-05-29,17,3,5
2_39_123_557_2018-05-29 17:09:39.824652,2-39-123-557,0002,2018-05-29T17:09:40.000+05:30,2018-05-29T21:49:38.000+05:30,2018-05-29T23:27:58.000+05:30,7.978,279.96666666666664,378.3,2018-05-29,17,3,5
2_39_127_561_2018-05-29 17:13:07.072569,2-39-127-561,0002,2018-05-29T17:13:07.000+05:30,2018-05-30T02:11:25.000+05:30,2018-05-30T02:14:46.000+05:30,13.94,538.3,541.65,2018-05-29,17,3,5
2_39_130_564_2018-05-29 17:33:01.719317,2-39-130-564,0002,2018-05-29T17:33:02.000+05:30,2018-05-29T21:17:19.000+05:30,2018-05-29T21:22:38.000+05:30,6.973,224.28333333333333,229.6,2018-05-29,17,3,5
2_39_126_20_2018-05-29 17:36:20.208626,2-39-126-20,0002,2018-05-29T17:36:20.000+05:30,2018-05-29T19:28:46.000+05:30,2018-05-29T23:51:26.000+05:30,3.104,112.43333333333334,375.1,2018-05-29,17,3,5
2_39_92_436_2018-05-29 18:06:39.335204,2-39-92-436,0002,2018-05-29T18:06:39.000+05:30,2018-05-29T23:17:24.000+05:30,2018-05-29T23:58:57.000+05:30,11.728,310.75,352.3,2018-05-29,18,3,5
2_39_123_23_2018-05-29 18:14:38.124236,2-39-123-23,0002,2018-05-29T18:14:38.000+05:30,2018-05-29T22:37:00.000+05:30,2018-05-29T22:41:41.000+05:30,8.275,262.3666666666667,267.05,2018-05-29,18,3,5
2_39_125_21_2018-05-29 18:30:00.116443,2-39-125-21,0002,2018-05-29T18:30:00.000+05:30,2018-05-29T23:40:39.000+05:30,2018-05-29T23:40:44.000+05:30,10.287,310.65,310.73333333333335,2018-05-29,18,3,5
2_39_138_566_2018-05-29 18:35:47.241005,2-39-138-566,0002,2018-05-29T18:35:47.000+05:30,2018-05-29T19:27:47.000+05:30,2018-05-29T19:27:52.000+05:30,1.515,52.0,52.083333333333336,2018-05-29,18,3,5
2_39_88_438_2018-05-29 19:06:40.656360,2-39-88-438,0002,2018-05-29T19:06:41.000+05:30,2018-05-29T19:30:06.000+05:30,2018-05-29T19:30:11.000+05:30,0.669,23.416666666666668,23.5,2018-05-29,19,3,5
2_39_138_566_2018-05-29 19:29:50.233527,2-39-138-566,0002,2018-05-29T19:29:50.000+05:30,2018-05-29T23:11:34.000+05:30,2018-05-30T00:38:40.000+05:30,7.611,221.73333333333332,308.8333333333333,2018-05-29,19,3,5
2_39_88_438_2018-05-29 20:53:43.439906,2-39-88-438,0002,2018-05-29T20:53:43.000+05:30,2018-05-30T00:10:09.000+05:30,2018-05-30T00:10:14.000+05:30,15.336,196.43333333333334,196.51666666666668,2018-05-29,20,3,5
2_39_127_19_2018-05-29 22:08:17.929169,2-39-127-19,0002,2018-05-29T22:08:18.000+05:30,2018-05-29T23:32:09.000+05:30,2018-05-29T23:32:18.000+05:30,4.17,83.85,84.0,2018-05-29,22,3,5
2_39_79_377_2018-05-29 22:51:52.105541,2-39-79-377,0002,2018-05-29T22:51:52.000+05:30,2018-05-30T00:10:56.000+05:30,2018-05-30T01:00:24.000+05:30,7.271,79.06666666666666,128.53333333333333,2018-05-29,22,3,5
2_39_124_22_2018-05-29 23:41:56.781095,2-39-124-22,0002,2018-05-29T23:41:57.000+05:30,2018-05-30T00:00:59.000+05:30,2018-05-30T00:01:03.000+05:30,2.006,19.033333333333335,19.1,2018-05-29,23,3,5
2_39_79_380_2018-05-30 00:04:18.581171,2-39-79-380,0002,2018-05-30T00:04:19.000+05:30,2018-05-30T04:49:29.000+05:30,2018-05-30T12:59:58.000+05:30,15.804,285.1666666666667,775.65,2018-05-30,0,4,5
2_39_129_17_2018-05-30 01:08:33.923140,2-39-129-17,0002,2018-05-30T01:08:34.000+05:30,2018-05-30T04:46:56.000+05:30,2018-05-31T15:12:48.000+05:30,11.5,218.36666666666667,2284.233333333333,2018-05-30,1,4,5
2_39_88_24_2018-05-30 01:16:00.493065,2-39-88-24,0002,2018-05-30T01:16:00.000+05:30,2018-05-30T02:23:35.000+05:30,2018-05-30T02:23:43.000+05:30,6.781,67.58333333333333,67.71666666666667,2018-05-30,1,4,5
2_39_127_19_2018-05-30 01:16:39.910376,2-39-127-19,0002,2018-05-30T01:16:40.000+05:30,2018-05-30T02:58:04.000+05:30,2018-05-30T02:58:08.000+05:30,10.474,101.4,101.46666666666667,2018-05-30,1,4,5
2_39_138_29_2018-05-30 01:43:14.546104,2-39-138-29,0002,2018-05-30T01:43:15.000+05:30,2018-05-30T03:45:32.000+05:30,2018-05-30T04:05:38.000+05:30,6.066,122.28333333333333,142.38333333333333,2018-05-30,1,4,5
2_39_78_365_2018-05-30 02:08:42.563643,2-39-78-365,0002,2018-05-30T02:08:43.000+05:30,2018-05-30T05:45:44.000+05:30,2018-05-30T06:26:04.000+05:30,20.046,217.01666666666668,257.35,2018-05-30,2,4,5
2_39_138_566_2018-05-30 02:30:30.807506,2-39-138-566,0002,2018-05-30T02:30:31.000+05:30,2018-05-30T10:28:03.000+05:30,2018-05-30T14:04:24.000+05:30,12.848,477.53333333333336,693.8833333333333,2018-05-30,2,4,5
2_39_139_28_2018-05-30 02:48:48.224894,2-39-139-28,0002,2018-05-30T02:48:48.000+05:30,2018-05-30T05:02:51.000+05:30,2018-05-30T13:40:32.000+05:30,12.509,134.05,651.7333333333333,2018-05-30,2,4,5
2_39_130_31_2018-05-30 02:53:54.337503,2-39-130-31,0002,2018-05-30T02:53:54.000+05:30,2018-05-30T04:28:28.000+05:30,2018-05-30T04:28:33.000+05:30,8.537,94.56666666666666,94.65,2018-05-30,2,4,5
2_39_78_366_2018-05-30 02:54:16.018610,2-39-78-366,0002,2018-05-30T02:54:16.000+05:30,2018-05-30T06:53:10.000+05:30,2018-05-30T06:53:26.000+05:30,25.564,238.9,239.16666666666666,2018-05-30,2,4,5
2_39_128_18_2018-05-30 03:24:31.144329,2-39-128-18,0002,2018-05-30T03:24:31.000+05:30,2018-05-30T04:26:27.000+05:30,2018-05-30T04:26:31.000+05:30,6.087,61.93333333333333,62.0,2018-05-30,3,4,5
2_39_79_378_2018-05-30 03:37:24.382583,2-39-79-378,0002,2018-05-30T03:37:24.000+05:30,2018-05-30T05:41:20.000+05:30,2018-05-30T17:07:52.000+05:30,6.5,123.93333333333334,810.4666666666667,2018-05-30,3,4,5
2_39_79_382_2018-05-30 04:31:59.792792,2-39-79-382,0002,2018-05-30T04:32:00.000+05:30,2018-05-30T06:12:21.000+05:30,2018-05-30T07:06:05.000+05:30,10.532,100.35,154.08333333333334,2018-05-30,4,4,5
2_39_78_363_2018-05-30 05:55:57.373282,2-39-78-363,0002,2018-05-30T05:55:57.000+05:30,2018-05-30T06:40:16.000+05:30,2018-05-30T06:40:27.000+05:30,4.581,44.31666666666667,44.5,2018-05-30,5,4,5
2_39_79_377_2018-05-30 11:52:22.359646,2-39-79-377,0002,2018-05-30T11:52:22.000+05:30,2018-05-30T15:53:08.000+05:30,2018-05-30T21:11:09.000+05:30,11.614,240.76666666666668,558.7833333333333,2018-05-30,11,4,5
2_39_123_557_2018-05-30 12:55:36.696494,2-39-123-557,0002,2018-05-30T12:55:37.000+05:30,2018-05-30T15:34:25.000+05:30,2018-05-30T21:50:06.000+05:30,13.874,158.8,534.4833333333333,2018-05-30,12,4,5
2_39_95_27_2018-05-30 13:33:59.349010,2-39-95-27,0002,2018-05-30T13:33:59.000+05:30,2018-05-30T16:34:12.000+05:30,2018-05-31T01:49:15.000+05:30,9.86,180.21666666666667,735.2666666666667,2018-05-30,13,4,5
2_39_79_380_2018-05-30 14:04:23.780586,2-39-79-380,0002,2018-05-30T14:04:24.000+05:30,2018-05-30T15:20:58.000+05:30,2018-05-30T23:14:08.000+05:30,4.994,76.56666666666666,549.7333333333333,2018-05-30,14,4,5
2_39_91_441_2018-05-30 14:14:40.251158,2-39-91-441,0002,2018-05-30T14:14:40.000+05:30,2018-05-30T17:36:53.000+05:30,2018-05-30T23:37:08.000+05:30,13.638,202.21666666666667,562.4666666666667,2018-05-30,14,4,5
2_39_79_379_2018-05-30 14:15:35.800451,2-39-79-379,0002,2018-05-30T14:15:36.000+05:30,2018-05-30T23:43:18.000+05:30,2018-05-30T23:51:35.000+05:30,5.045,567.7,575.9833333333333,2018-05-30,14,4,5
2_39_79_383_2018-05-30 14:18:13.993984,2-39-79-383,0002,2018-05-30T14:18:14.000+05:30,2018-05-30T15:21:28.000+05:30,2018-05-30T23:19:02.000+05:30,2.63,63.233333333333334,540.8,2018-05-30,14,4,5
2_39_91_437_2018-05-30 14:19:39.670156,2-39-91-437,0002,2018-05-30T14:19:40.000+05:30,2018-05-30T19:08:42.000+05:30,2018-05-30T23:44:46.000+05:30,15.769,289.03333333333336,565.1,2018-05-30,14,4,5
2_39_79_381_2018-05-30 14:49:17.604186,2-39-79-381,0002,2018-05-30T14:49:18.000+05:30,2018-05-30T19:20:36.000+05:30,2018-05-30T19:20:40.000+05:30,12.134,271.3,271.3666666666667,2018-05-30,14,4,5
2_39_125_559_2018-05-30 15:03:50.174190,2-39-125-559,0002,2018-05-30T15:03:50.000+05:30,2018-05-30T17:40:24.000+05:30,2018-05-30T18:37:57.000+05:30,10.51,156.56666666666666,214.11666666666667,2018-05-30,15,4,5
2_39_79_382_2018-05-30 15:04:32.823704,2-39-79-382,0002,2018-05-30T15:04:33.000+05:30,2018-05-30T20:07:15.000+05:30,2018-05-30T20:07:19.000+05:30,14.167,302.7,302.76666666666665,2018-05-30,15,4,5
2_39_78_361_2018-05-30 15:11:32.067790,2-39-78-361,0002,2018-05-30T15:11:32.000+05:30,2018-05-30T23:25:53.000+05:30,2018-05-30T23:28:11.000+05:30,8.709,494.35,496.65,2018-05-30,15,4,5
2_39_79_376_2018-05-30 15:22:37.600072,2-39-79-376,0002,2018-05-30T15:22:38.000+05:30,2018-05-30T17:21:18.000+05:30,2018-05-31T02:21:23.000+05:30,6.51,118.66666666666667,658.75,2018-05-30,15,4,5
2_39_89_25_2018-05-30 15:24:24.338186,2-39-89-25,0002,2018-05-30T15:24:24.000+05:30,2018-05-30T17:50:44.000+05:30,2018-05-30T18:36:19.000+05:30,6.288,146.33333333333334,191.91666666666666,2018-05-30,15,4,5
2_39_78_363_2018-05-30 15:34:53.439944,2-39-78-363,0002,2018-05-30T15:34:53.000+05:30,2018-05-30T19:37:14.000+05:30,2018-05-30T19:37:27.000+05:30,8.022,242.35,242.56666666666666,2018-05-30,15,4,5
2_39_88_24_2018-05-30 15:36:15.768197,2-39-88-24,0002,2018-05-30T15:36:16.000+05:30,2018-05-30T16:40:17.000+05:30,2018-05-31T02:43:33.000+05:30,2.09,64.01666666666667,667.2833333333333,2018-05-30,15,4,5
2_39_123_23_2018-05-30 15:42:27.606474,2-39-123-23,0002,2018-05-30T15:42:28.000+05:30,2018-05-30T20:43:19.000+05:30,2018-05-31T00:37:52.000+05:30,13.94,300.85,535.4,2018-05-30,15,4,5
2_39_138_29_2018-05-30 15:42:48.575674,2-39-138-29,0002,2018-05-30T15:42:49.000+05:30,2018-05-30T23:04:49.000+05:30,2018-05-30T23:56:35.000+05:30,11.064,442.0,493.76666666666665,2018-05-30,15,4,5
2_39_78_360_2018-05-30 15:46:11.216878,2-39-78-360,0002,2018-05-30T15:46:11.000+05:30,2018-05-30T19:18:12.000+05:30,2018-05-31T00:37:20.000+05:30,6.441,212.01666666666668,531.15,2018-05-30,15,4,5
2_39_78_364_2018-05-30 15:48:26.529592,2-39-78-364,0002,2018-05-30T15:48:27.000+05:30,2018-05-30T23:37:24.000+05:30,2018-05-30T23:37:46.000+05:30,15.085,468.95,469.31666666666666,2018-05-30,15,4,5
2_39_95_444_2018-05-30 15:53:15.141420,2-39-95-444,0002,2018-05-30T15:53:15.000+05:30,2018-05-30T22:56:40.000+05:30,2018-05-30T22:56:49.000+05:30,16.727,423.4166666666667,423.56666666666666,2018-05-30,15,4,5
2_39_92_442_2018-05-30 15:55:45.659704,2-39-92-442,0002,2018-05-30T15:55:46.000+05:30,2018-05-30T22:14:35.000+05:30,2018-05-31T00:52:09.000+05:30,14.798,378.81666666666666,536.3833333333333,2018-05-30,15,4,5
2_39_78_365_2018-05-30 16:00:53.783534,2-39-78-365,0002,2018-05-30T16:00:54.000+05:30,2018-05-30T18:59:42.000+05:30,2018-05-31T01:39:30.000+05:30,5.025,178.8,578.6,2018-05-30,16,4,5
2_39_78_366_2018-05-30 16:06:01.480726,2-39-78-366,0002,2018-05-30T16:06:01.000+05:30,2018-05-31T01:02:23.000+05:30,2018-05-31T01:08:43.000+05:30,11.291,536.3666666666667,542.7,2018-05-30,16,4,5
2_39_124_22_2018-05-30 16:07:11.062177,2-39-124-22,0002,2018-05-30T16:07:11.000+05:30,2018-05-30T18:57:27.000+05:30,2018-05-31T01:30:31.000+05:30,6.716,170.26666666666668,563.3333333333334,2018-05-30,16,4,5
2_39_78_367_2018-05-30 16:07:41.445009,2-39-78-367,0002,2018-05-30T16:07:41.000+05:30,2018-05-30T18:02:35.000+05:30,2018-05-31T00:29:59.000+05:30,3.309,114.9,502.3,2018-05-30,16,4,5
2_39_92_436_2018-05-30 16:07:54.737976,2-39-92-436,0002,2018-05-30T16:07:55.000+05:30,2018-05-30T21:25:08.000+05:30,2018-05-31T00:20:30.000+05:30,12.726,317.21666666666664,492.5833333333333,2018-05-30,16,4,5
2_39_128_18_2018-05-30 16:17:33.715536,2-39-128-18,0002,2018-05-30T16:17:34.000+05:30,2018-05-30T17:07:40.000+05:30,2018-05-31T02:18:39.000+05:30,1.79,50.1,601.0833333333334,2018-05-30,16,4,5
2_39_126_20_2018-05-30 16:18:08.417351,2-39-126-20,0002,2018-05-30T16:18:08.000+05:30,2018-05-31T00:11:33.000+05:30,2018-05-31T00:23:47.000+05:30,13.961,473.4166666666667,485.65,2018-05-30,16,4,5
2_39_78_362_2018-05-30 16:20:37.912895,2-39-78-362,0002,2018-05-30T16:20:38.000+05:30,2018-05-31T00:39:02.000+05:30,2018-05-31T00:38:05.000+05:30,15.51,498.4,497.45,2018-05-30,16,4,5
2_39_83_386_2018-05-30 16:34:57.793105,2-39-83-386,0002,2018-05-30T16:34:58.000+05:30,2018-05-30T22:16:41.000+05:30,2018-05-31T00:34:01.000+05:30,6.992,341.71666666666664,479.05,2018-05-30,16,4,5
2_39_90_440_2018-05-30 16:38:06.006496,2-39-90-440,0002,2018-05-30T16:38:06.000+05:30,2018-05-30T22:14:18.000+05:30,2018-05-30T23:53:57.000+05:30,9.827,336.2,435.85,2018-05-30,16,4,5
2_39_90_26_2018-05-30 16:38:47.238125,2-39-90-26,0002,2018-05-30T16:38:47.000+05:30,2018-05-30T21:47:28.000+05:30,2018-05-30T22:54:20.000+05:30,12.686,308.68333333333334,375.55,2018-05-30,16,4,5
2_39_89_439_2018-05-30 16:41:11.858505,2-39-89-439,0002,2018-05-30T16:41:12.000+05:30,2018-05-30T19:51:08.000+05:30,2018-05-31T00:05:51.000+05:30,5.804,189.93333333333334,444.65,2018-05-30,16,4,5
2_39_88_438_2018-05-30 16:43:52.938646,2-39-88-438,0002,2018-05-30T16:43:53.000+05:30,2018-05-30T19:47:34.000+05:30,2018-05-30T19:49:02.000+05:30,6.014,183.68333333333334,185.15,2018-05-30,16,4,5
2_39_129_563_2018-05-30 17:04:09.368502,2-39-129-563,0002,2018-05-30T17:04:09.000+05:30,2018-05-30T23:28:26.000+05:30,2018-05-31T02:10:44.000+05:30,12.199,384.28333333333336,546.5833333333334,2018-05-30,17,4,5
2_39_127_561_2018-05-30 17:05:45.350421,2-39-127-561,0002,2018-05-30T17:05:45.000+05:30,2018-05-30T18:54:11.000+05:30,2018-05-30T18:54:15.000+05:30,3.583,108.43333333333334,108.5,2018-05-30,17,4,5
2_39_131_565_2018-05-30 17:14:35.998698,2-39-131-565,0002,2018-05-30T17:14:36.000+05:30,2018-05-30T19:36:59.000+05:30,2018-05-31T02:52:34.000+05:30,3.615,142.38333333333333,577.9666666666667,2018-05-30,17,4,5
2_39_79_378_2018-05-30 17:28:11.719897,2-39-79-378,0002,2018-05-30T17:28:12.000+05:30,2018-05-30T19:49:04.000+05:30,2018-05-30T19:49:07.000+05:30,5.46,140.86666666666667,140.91666666666666,2018-05-30,17,4,5
2_39_139_567_2018-05-30 17:45:01.663038,2-39-139-567,0002,2018-05-30T17:45:02.000+05:30,2018-05-31T00:05:37.000+05:30,2018-05-31T00:05:42.000+05:30,11.767,380.5833333333333,380.6666666666667,2018-05-30,17,4,5
2_39_131_30_2018-05-30 18:50:19.578331,2-39-131-30,0002,2018-05-30T18:50:20.000+05:30,2018-05-31T00:22:59.000+05:30,2018-05-31T00:23:03.000+05:30,12.518,332.65,332.71666666666664,2018-05-30,18,4,5
2_39_79_381_2018-05-30 19:30:28.936697,2-39-79-381,0002,2018-05-30T19:30:29.000+05:30,2018-05-30T23:36:02.000+05:30,2018-05-31T00:36:47.000+05:30,11.874,245.55,306.3,2018-05-30,19,4,5
2_39_78_363_2018-05-30 19:40:03.201942,2-39-78-363,0002,2018-05-30T19:40:03.000+05:30,2018-05-30T23:23:51.000+05:30,2018-05-31T02:03:55.000+05:30,7.223,223.8,383.8666666666667,2018-05-30,19,4,5
2_39_89_25_2018-05-30 19:46:43.708897,2-39-89-25,0002,2018-05-30T19:46:44.000+05:30,2018-05-30T23:46:23.000+05:30,2018-05-31T00:01:26.000+05:30,11.656,239.65,254.7,2018-05-30,19,4,5
2_39_127_19_2018-05-30 20:11:47.835211,2-39-127-19,0002,2018-05-30T20:11:48.000+05:30,2018-05-30T22:56:39.000+05:30,2018-05-30T22:56:51.000+05:30,5.203,164.85,165.05,2018-05-30,20,4,5
2_39_79_378_2018-05-30 20:36:16.031145,2-39-79-378,0002,2018-05-30T20:36:16.000+05:30,2018-05-30T22:07:09.000+05:30,2018-05-31T00:25:45.000+05:30,2.74,90.88333333333334,229.48333333333332,2018-05-30,20,4,5
2_39_88_438_2018-05-30 20:46:25.684962,2-39-88-438,0002,2018-05-30T20:46:26.000+05:30,2018-05-30T21:38:03.000+05:30,2018-05-31T00:58:03.000+05:30,1.739,51.61666666666667,251.61666666666667,2018-05-30,20,4,5
2_39_79_382_2018-05-30 20:59:00.191722,2-39-79-382,0002,2018-05-30T20:59:00.000+05:30,2018-05-30T23:31:14.000+05:30,2018-05-30T23:31:19.000+05:30,8.901,152.23333333333332,152.31666666666666,2018-05-30,20,4,5
2_39_130_564_2018-05-30 21:10:02.500209,2-39-130-564,0002,2018-05-30T21:10:02.000+05:30,2018-05-31T01:10:53.000+05:30,2018-05-31T01:12:59.000+05:30,13.85,240.85,242.95,2018-05-30,21,4,5
2_39_79_377_2018-05-30 21:15:01.934687,2-39-79-377,0002,2018-05-30T21:15:02.000+05:30,2018-05-31T00:22:40.000+05:30,2018-05-31T00:22:44.000+05:30,13.112,187.63333333333333,187.7,2018-05-30,21,4,5
2_39_127_561_2018-05-30 21:28:51.921205,2-39-127-561,0002,2018-05-30T21:28:52.000+05:30,2018-05-30T23:33:27.000+05:30,2018-05-30T23:33:35.000+05:30,4.231,124.58333333333333,124.71666666666667,2018-05-30,21,4,5
2_39_138_566_2018-05-30 21:29:14.655727,2-39-138-566,0002,2018-05-30T21:29:15.000+05:30,2018-05-30T23:59:15.000+05:30,2018-05-30T23:59:19.000+05:30,6.899,150.0,150.06666666666666,2018-05-30,21,4,5
2_39_123_557_2018-05-30 22:39:45.431492,2-39-123-557,0002,2018-05-30T22:39:45.000+05:30,2018-05-31T01:02:32.000+05:30,2018-05-31T01:02:36.000+05:30,6.994,142.78333333333333,142.85,2018-05-30,22,4,5
2_39_79_380_2018-05-30 23:36:31.258060,2-39-79-380,0002,2018-05-30T23:36:31.000+05:30,2018-05-30T23:58:15.000+05:30,2018-05-31T02:07:47.000+05:30,0.641,21.733333333333334,151.26666666666668,2018-05-30,23,4,5
2_39_79_379_2018-05-31 00:37:25.764374,2-39-79-379,0002,2018-05-31T00:37:26.000+05:30,2018-05-31T05:21:40.000+05:30,2018-05-31T13:05:30.000+05:30,15.994,284.23333333333335,748.0666666666667,2018-05-31,0,5,5
2_39_130_31_2018-05-31 01:12:07.090030,2-39-130-31,0002,2018-05-31T01:12:07.000+05:30,2018-05-31T01:30:02.000+05:30,2018-05-31T01:30:07.000+05:30,1.816,17.916666666666668,18.0,2018-05-31,1,5,5
2_39_90_26_2018-05-31 01:27:29.910678,2-39-90-26,0002,2018-05-31T01:27:30.000+05:30,2018-05-31T02:17:01.000+05:30,2018-05-31T02:17:05.000+05:30,5.114,49.516666666666666,49.583333333333336,2018-05-31,1,5,5
2_39_138_29_2018-05-31 01:30:50.399612,2-39-138-29,0002,2018-05-31T01:30:50.000+05:30,2018-05-31T02:42:41.000+05:30,2018-05-31T03:26:54.000+05:30,3.364,71.85,116.06666666666666,2018-05-31,1,5,5
2_39_91_437_2018-05-31 01:43:26.315619,2-39-91-437,0002,2018-05-31T01:43:26.000+05:30,2018-05-31T05:29:34.000+05:30,2018-05-31T05:29:38.000+05:30,24.085,226.13333333333333,226.2,2018-05-31,1,5,5
2_39_139_28_2018-05-31 01:45:17.449896,2-39-139-28,0002,2018-05-31T01:45:17.000+05:30,2018-05-31T04:56:16.000+05:30,2018-05-31T04:56:21.000+05:30,10.826,190.98333333333332,191.06666666666666,2018-05-31,1,5,5
2_39_78_360_2018-05-31 01:48:09.757115,2-39-78-360,0002,2018-05-31T01:48:10.000+05:30,2018-05-31T04:51:22.000+05:30,2018-05-31T04:51:25.000+05:30,18.4,183.2,183.25,2018-05-31,1,5,5
2_39_131_30_2018-05-31 01:55:43.520163,2-39-131-30,0002,2018-05-31T01:55:44.000+05:30,2018-05-31T04:03:24.000+05:30,2018-05-31T04:03:32.000+05:30,11.675,127.66666666666667,127.8,2018-05-31,1,5,5
2_39_79_378_2018-05-31 02:23:08.352868,2-39-79-378,0002,2018-05-31T02:23:08.000+05:30,2018-05-31T07:22:36.000+05:30,2018-05-31T14:05:13.000+05:30,16.247,299.46666666666664,702.0833333333334,2018-05-31,2,5,5
2_39_95_27_2018-05-31 02:33:11.513435,2-39-95-27,0002,2018-05-31T02:33:12.000+05:30,2018-05-31T05:39:07.000+05:30,2018-05-31T05:39:12.000+05:30,18.158,185.91666666666666,186.0,2018-05-31,2,5,5
2_39_130_31_2018-05-31 03:13:41.176539,2-39-130-31,0002,2018-05-31T03:13:41.000+05:30,2018-05-31T04:57:23.000+05:30,2018-05-31T04:57:28.000+05:30,9.848,103.7,103.78333333333333,2018-05-31,3,5,5
2_39_125_21_2018-05-31 03:22:35.638799,2-39-125-21,0002,2018-05-31T03:22:36.000+05:30,2018-05-31T05:12:40.000+05:30,2018-05-31T05:12:44.000+05:30,11.629,110.06666666666666,110.13333333333334,2018-05-31,3,5,5
2_39_128_18_2018-05-31 03:28:44.020242,2-39-128-18,0002,2018-05-31T03:28:44.000+05:30,2018-05-31T04:26:12.000+05:30,2018-05-31T04:26:16.000+05:30,5.784,57.46666666666667,57.53333333333333,2018-05-31,3,5,5
2_39_123_23_2018-05-31 03:29:45.115641,2-39-123-23,0002,2018-05-31T03:29:45.000+05:30,2018-05-31T05:00:19.000+05:30,2018-05-31T05:00:24.000+05:30,5.131,90.56666666666666,90.65,2018-05-31,3,5,5
2_39_79_377_2018-05-31 03:54:36.644295,2-39-79-377,0002,2018-05-31T03:54:37.000+05:30,2018-05-31T06:01:34.000+05:30,2018-05-31T17:21:08.000+05:30,6.514,126.95,806.5166666666667,2018-05-31,3,5,5
2_39_127_19_2018-05-31 04:31:56.739018,2-39-127-19,0002,2018-05-31T04:31:57.000+05:30,2018-05-31T07:01:13.000+05:30,2018-05-31T13:48:27.000+05:30,13.531,149.26666666666668,556.5,2018-05-31,4,5,5
2_39_89_25_2018-05-31 04:41:05.144289,2-39-89-25,0002,2018-05-31T04:41:05.000+05:30,2018-05-31T07:15:41.000+05:30,2018-05-31T07:15:45.000+05:30,16.791,154.6,154.66666666666666,2018-05-31,4,5,5
2_39_79_376_2018-05-31 04:51:23.406619,2-39-79-376,0002,2018-05-31T04:51:23.000+05:30,2018-05-31T09:01:29.000+05:30,2018-05-31T15:55:59.000+05:30,14.392,250.1,664.6,2018-05-31,4,5,5
2_39_95_27_2018-05-31 05:54:22.592367,2-39-95-27,0002,2018-05-31T05:54:23.000+05:30,2018-05-31T08:14:11.000+05:30,2018-05-31T09:25:24.000+05:30,8.708,139.8,211.01666666666668,2018-05-31,5,5,5
2_39_89_25_2018-05-31 07:29:05.374221,2-39-89-25,0002,2018-05-31T07:29:05.000+05:30,2018-05-31T08:04:17.000+05:30,2018-05-31T08:04:22.000+05:30,3.879,35.2,35.28333333333333,2018-05-31,7,5,5
2_39_79_383_2018-05-31 11:47:53.324870,2-39-79-383,0002,2018-05-31T11:47:53.000+05:30,2018-05-31T15:33:14.000+05:30,2018-05-31T21:24:05.000+05:30,11.66,225.35,576.2,2018-05-31,11,5,5
2_39_89_25_2018-05-31 13:04:22.589258,2-39-89-25,0002,2018-05-31T13:04:23.000+05:30,2018-05-31T14:18:31.000+05:30,2018-05-31T14:18:36.000+05:30,4.143,74.13333333333334,74.21666666666667,2018-05-31,13,5,5
2_39_95_27_2018-05-31 13:47:03.422955,2-39-95-27,0002,2018-05-31T13:47:03.000+05:30,2018-06-01T00:45:09.000+05:30,2018-06-01T00:45:21.000+05:30,11.161,658.1,658.3,2018-05-31,13,5,5
2_39_91_441_2018-05-31 13:57:05.809177,2-39-91-441,0002,2018-05-31T13:57:06.000+05:30,2018-05-31T16:54:04.000+05:30,2018-05-31T23:34:27.000+05:30,13.402,176.96666666666667,577.35,2018-05-31,13,5,5
2_39_78_365_2018-05-31 14:16:52.694401,2-39-78-365,0002,2018-05-31T14:16:53.000+05:30,2018-05-31T16:11:40.000+05:30,2018-05-31T23:25:57.000+05:30,6.313,114.78333333333333,549.0666666666667,2018-05-31,14,5,5
2_39_78_367_2018-05-31 14:33:44.629789,2-39-78-367,0002,2018-05-31T14:33:45.000+05:30,2018-05-31T15:25:50.000+05:30,2018-05-31T17:04:02.000+05:30,2.376,52.083333333333336,150.28333333333333,2018-05-31,14,5,5
2_39_139_28_2018-05-31 14:37:11.796642,2-39-139-28,0002,2018-05-31T14:37:12.000+05:30,2018-06-01T00:19:45.000+05:30,2018-06-01T01:02:23.000+05:30,22.406,582.55,625.1833333333333,2018-05-31,14,5,5
2_39_78_366_2018-05-31 15:01:13.969587,2-39-78-366,0002,2018-05-31T15:01:14.000+05:30,2018-05-31T21:14:45.000+05:30,2018-05-31T21:15:02.000+05:30,13.674,373.51666666666665,373.8,2018-05-31,15,5,5
2_39_79_378_2018-05-31 15:02:16.924081,2-39-79-378,0002,2018-05-31T15:02:17.000+05:30,2018-06-01T00:03:47.000+05:30,2018-06-01T00:28:06.000+05:30,3.807,541.5,565.8166666666667,2018-05-31,15,5,5
2_39_79_379_2018-05-31 15:06:32.596873,2-39-79-379,0002,2018-05-31T15:06:33.000+05:30,2018-05-31T15:56:43.000+05:30,2018-05-31T19:57:46.000+05:30,3.063,50.166666666666664,291.21666666666664,2018-05-31,15,5,5
2_39_79_381_2018-05-31 15:14:17.590065,2-39-79-381,0002,2018-05-31T15:14:18.000+05:30,2018-05-31T21:07:18.000+05:30,2018-05-31T21:07:23.000+05:30,16.32,353.0,353.0833333333333,2018-05-31,15,5,5
2_39_123_23_2018-05-31 15:20:35.493640,2-39-123-23,0002,2018-05-31T15:20:35.000+05:30,2018-05-31T18:50:26.000+05:30,2018-05-31T19:17:53.000+05:30,10.798,209.85,237.3,2018-05-31,15,5,5
2_39_89_25_2018-05-31 15:22:41.673137,2-39-89-25,0002,2018-05-31T15:22:42.000+05:30,2018-05-31T16:25:25.000+05:30,2018-06-01T02:58:06.000+05:30,2.042,62.71666666666667,695.4,2018-05-31,15,5,5
2_39_79_380_2018-05-31 15:30:53.199931,2-39-79-380,0002,2018-05-31T15:30:53.000+05:30,2018-05-31T16:46:05.000+05:30,2018-06-01T00:01:44.000+05:30,2.388,75.2,510.85,2018-05-31,15,5,5
2_39_78_360_2018-05-31 15:32:31.833317,2-39-78-360,0002,2018-05-31T15:32:32.000+05:30,2018-05-31T18:06:04.000+05:30,2018-05-31T23:19:11.000+05:30,4.764,153.53333333333333,466.65,2018-05-31,15,5,5
2_39_90_26_2018-05-31 15:34:53.381354,2-39-90-26,0002,2018-05-31T15:34:53.000+05:30,2018-05-31T16:05:37.000+05:30,2018-05-31T16:05:41.000+05:30,3.104,30.733333333333334,30.8,2018-05-31,15,5,5
2_39_78_363_2018-05-31 15:36:58.028027,2-39-78-363,0002,2018-05-31T15:36:58.000+05:30,2018-05-31T19:12:11.000+05:30,2018-06-01T00:32:32.000+05:30,6.486,215.21666666666667,535.5666666666667,2018-05-31,15,5,5
2_39_79_382_2018-05-31 15:40:11.668734,2-39-79-382,0002,2018-05-31T15:40:12.000+05:30,2018-05-31T16:50:59.000+05:30,2018-06-01T00:35:24.000+05:30,3.782,70.78333333333333,535.2,2018-05-31,15,5,5
2_39_78_362_2018-05-31 15:44:52.562645,2-39-78-362,0002,2018-05-31T15:44:53.000+05:30,2018-05-31T20:26:17.000+05:30,2018-05-31T20:25:19.000+05:30,8.64,281.4,280.43333333333334,2018-05-31,15,5,5
2_39_138_29_2018-05-31 15:48:04.303268,2-39-138-29,0002,2018-05-31T15:48:04.000+05:30,2018-05-31T20:00:44.000+05:30,2018-05-31T23:23:41.000+05:30,6.218,252.66666666666666,455.6166666666667,2018-05-31,15,5,5
2_39_124_22_2018-05-31 15:52:16.763860,2-39-124-22,0002,2018-05-31T15:52:17.000+05:30,2018-05-31T17:21:39.000+05:30,2018-05-31T17:21:44.000+05:30,4.202,89.36666666666666,89.45,2018-05-31,15,5,5
2_39_125_21_2018-05-31 15:53:29.593590,2-39-125-21,0002,2018-05-31T15:53:30.000+05:30,2018-05-31T18:38:56.000+05:30,2018-05-31T18:39:00.000+05:30,6.459,165.43333333333334,165.5,2018-05-31,15,5,5
2_39_88_24_2018-05-31 15:56:17.809535,2-39-88-24,0002,2018-05-31T15:56:18.000+05:30,2018-05-31T17:44:00.000+05:30,2018-05-31T17:44:08.000+05:30,5.167,107.7,107.83333333333333,2018-05-31,15,5,5
2_39_78_361_2018-05-31 15:59:04.768521,2-39-78-361,0002,2018-05-31T15:59:05.000+05:30,2018-05-31T18:39:34.000+05:30,2018-05-31T18:39:49.000+05:30,5.069,160.48333333333332,160.73333333333332,2018-05-31,15,5,5
2_39_127_19_2018-05-31 16:00:19.617212,2-39-127-19,0002,2018-05-31T16:00:20.000+05:30,2018-05-31T22:24:13.000+05:30,2018-05-31T22:23:26.000+05:30,13.918,383.8833333333333,383.1,2018-05-31,16,5,5
2_39_130_564_2018-05-31 16:00:30.589674,2-39-130-564,0002,2018-05-31T16:00:31.000+05:30,2018-06-01T00:24:00.000+05:30,2018-06-01T00:27:30.000+05:30,13.91,503.48333333333335,506.98333333333335,2018-05-31,16,5,5
2_39_92_442_2018-05-31 16:05:55.799408,2-39-92-442,0002,2018-05-31T16:05:56.000+05:30,2018-05-31T19:07:55.000+05:30,2018-06-01T01:41:05.000+05:30,6.934,181.98333333333332,575.15,2018-05-31,16,5,5
2_39_90_26_2018-05-31 16:07:16.001917,2-39-90-26,0002,2018-05-31T16:07:16.000+05:30,2018-05-31T18:08:30.000+05:30,2018-05-31T20:20:23.000+05:30,4.47,121.23333333333333,253.11666666666667,2018-05-31,16,5,5
2_39_79_376_2018-05-31 16:20:28.777577,2-39-79-376,0002,2018-05-31T16:20:29.000+05:30,2018-05-31T17:59:31.000+05:30,2018-05-31T17:59:35.000+05:30,4.397,99.03333333333333,99.1,2018-05-31,16,5,5
2_39_91_437_2018-05-31 16:20:38.509366,2-39-91-437,0002,2018-05-31T16:20:38.000+05:30,2018-05-31T20:37:30.000+05:30,2018-06-01T03:37:12.000+05:30,8.766,256.8666666666667,676.5666666666667,2018-05-31,16,5,5
2_39_139_567_2018-05-31 16:22:47.115057,2-39-139-567,0002,2018-05-31T16:22:47.000+05:30,2018-05-31T17:45:47.000+05:30,2018-05-31T18:09:15.000+05:30,2.601,83.0,106.46666666666667,2018-05-31,16,5,5
2_39_126_20_2018-05-31 16:28:44.197688,2-39-126-20,0002,2018-05-31T16:28:44.000+05:30,2018-05-31T22:18:52.000+05:30,2018-06-01T01:34:56.000+05:30,11.958,350.1333333333333,546.2,2018-05-31,16,5,5
2_39_95_444_2018-05-31 16:32:27.712844,2-39-95-444,0002,2018-05-31T16:32:28.000+05:30,2018-05-31T17:07:47.000+05:30,2018-05-31T19:50:37.000+05:30,1.065,35.31666666666667,198.15,2018-05-31,16,5,5
2_39_78_364_2018-05-31 16:34:23.624246,2-39-78-364,0002,2018-05-31T16:34:24.000+05:30,2018-06-01T00:04:00.000+05:30,2018-06-01T00:39:19.000+05:30,22.145,449.6,484.9166666666667,2018-05-31,16,5,5
2_39_88_438_2018-05-31 16:43:48.721458,2-39-88-438,0002,2018-05-31T16:43:49.000+05:30,2018-05-31T19:19:16.000+05:30,2018-05-31T19:19:24.000+05:30,5.217,155.45,155.58333333333334,2018-05-31,16,5,5
2_39_90_440_2018-05-31 16:46:30.661851,2-39-90-440,0002,2018-05-31T16:46:31.000+05:30,2018-06-01T00:37:37.000+05:30,2018-06-01T02:17:36.000+05:30,20.978,471.1,571.0833333333334,2018-05-31,16,5,5
2_39_123_557_2018-05-31 16:48:49.809071,2-39-123-557,0002,2018-05-31T16:48:50.000+05:30,2018-05-31T19:21:04.000+05:30,2018-05-31T19:21:09.000+05:30,4.961,152.23333333333332,152.31666666666666,2018-05-31,16,5,5
2_39_89_439_2018-05-31 17:01:34.528717,2-39-89-439,0002,2018-05-31T17:01:35.000+05:30,2018-05-31T22:16:54.000+05:30,2018-06-01T02:12:26.000+05:30,11.759,315.31666666666666,550.85,2018-05-31,17,5,5
2_39_78_367_2018-05-31 17:08:22.270117,2-39-78-367,0002,2018-05-31T17:08:22.000+05:30,2018-05-31T18:36:46.000+05:30,2018-05-31T22:48:26.000+05:30,2.412,88.4,340.06666666666666,2018-05-31,17,5,5
2_39_128_562_2018-05-31 17:12:47.191609,2-39-128-562,0002,2018-05-31T17:12:47.000+05:30,2018-05-31T23:26:57.000+05:30,2018-06-01T01:09:17.000+05:30,13.901,374.1666666666667,476.5,2018-05-31,17,5,5
2_39_126_560_2018-05-31 17:18:10.312670,2-39-126-560,0002,2018-05-31T17:18:10.000+05:30,2018-05-31T21:22:57.000+05:30,2018-05-31T21:23:01.000+05:30,7.388,244.78333333333333,244.85,2018-05-31,17,5,5
2_39_124_22_2018-05-31 17:28:10.057389,2-39-124-22,0002,2018-05-31T17:28:10.000+05:30,2018-05-31T22:08:32.000+05:30,2018-05-31T23:09:46.000+05:30,8.694,280.3666666666667,341.6,2018-05-31,17,5,5
2_39_79_377_2018-05-31 17:29:00.518103,2-39-79-377,0002,2018-05-31T17:29:01.000+05:30,2018-05-31T22:15:21.000+05:30,2018-05-31T22:15:30.000+05:30,12.269,286.3333333333333,286.48333333333335,2018-05-31,17,5,5
2_39_129_563_2018-05-31 17:33:59.020376,2-39-129-563,0002,2018-05-31T17:33:59.000+05:30,2018-06-01T00:06:00.000+05:30,2018-06-01T00:15:52.000+05:30,13.953,392.01666666666665,401.8833333333333,2018-05-31,17,5,5
2_39_138_566_2018-05-31 17:37:20.169784,2-39-138-566,0002,2018-05-31T17:37:20.000+05:30,2018-05-31T22:00:22.000+05:30,2018-05-31T23:30:38.000+05:30,7.892,263.03333333333336,353.3,2018-05-31,17,5,5
2_39_125_21_2018-05-31 18:50:29.900590,2-39-125-21,0002,2018-05-31T18:50:30.000+05:30,2018-05-31T20:07:36.000+05:30,2018-06-01T08:15:04.000+05:30,2.251,77.1,804.5666666666667,2018-05-31,18,5,5
2_39_79_376_2018-05-31 19:10:03.485213,2-39-79-376,0002,2018-05-31T19:10:03.000+05:30,2018-05-31T21:40:15.000+05:30,2018-06-01T01:34:52.000+05:30,6.879,150.2,384.81666666666666,2018-05-31,19,5,5
2_39_88_438_2018-05-31 19:29:07.469902,2-39-88-438,0002,2018-05-31T19:29:07.000+05:30,2018-05-31T20:36:26.000+05:30,2018-05-31T23:36:08.000+05:30,1.85,67.31666666666666,247.01666666666668,2018-05-31,19,5,5
2_39_88_24_2018-05-31 19:44:51.230331,2-39-88-24,0002,2018-05-31T19:44:51.000+05:30,2018-05-31T22:09:28.000+05:30,2018-06-01T02:19:27.000+05:30,6.004,144.61666666666667,394.6,2018-05-31,19,5,5
2_39_79_379_2018-05-31 20:06:21.839424,2-39-79-379,0002,2018-05-31T20:06:22.000+05:30,2018-05-31T21:54:17.000+05:30,2018-06-01T01:14:51.000+05:30,3.825,107.91666666666667,308.48333333333335,2018-05-31,20,5,5
2_39_78_361_2018-05-31 20:08:51.552793,2-39-78-361,0002,2018-05-31T20:08:52.000+05:30,2018-05-31T21:47:54.000+05:30,2018-05-31T21:48:05.000+05:30,5.147,99.03333333333333,99.21666666666667,2018-05-31,20,5,5
2_39_130_31_2018-05-31 20:49:48.116606,2-39-130-31,0002,2018-05-31T20:49:48.000+05:30,2018-05-31T23:36:17.000+05:30,2018-05-31T23:44:03.000+05:30,9.475,166.48333333333332,174.25,2018-05-31,20,5,5
2_39_90_26_2018-05-31 21:14:30.420337,2-39-90-26,0002,2018-05-31T21:14:30.000+05:30,2018-05-31T21:52:17.000+05:30,2018-05-31T21:52:21.000+05:30,1.986,37.78333333333333,37.85,2018-05-31,21,5,5
2_39_127_561_2018-05-31 21:23:04.785930,2-39-127-561,0002,2018-05-31T21:23:05.000+05:30,2018-06-01T00:38:56.000+05:30,2018-06-01T00:39:00.000+05:30,2.19,195.85,195.91666666666666,2018-05-31,21,5,5
2_39_90_26_2018-05-31 21:59:33.692372,2-39-90-26,0002,2018-05-31T21:59:34.000+05:30,2018-05-31T23:48:39.000+05:30,2018-06-01T02:02:38.000+05:30,6.043,109.08333333333333,243.06666666666666,2018-05-31,21,5,5
2_39_128_18_2018-05-31 23:21:55.070540,2-39-128-18,0002,2018-05-31T23:21:55.000+05:30,2018-06-01T01:11:52.000+05:30,2018-06-01T01:11:56.000+05:30,5.835,109.95,110.01666666666667,2018-05-31,23,5,5
2_39_130_31_2018-05-31 23:56:51.260581,2-39-130-31,0002,2018-05-31T23:56:51.000+05:30,2018-06-01T02:51:25.000+05:30,2018-06-01T03:05:49.000+05:30,13.9,174.56666666666666,188.96666666666667,2018-05-31,23,5,5
2_39_78_360_2018-06-01 00:00:40.164381,2-39-78-360,0002,2018-06-01T00:00:40.000+05:30,2018-06-01T02:23:00.000+05:30,2018-06-01T02:23:08.000+05:30,14.004,142.33333333333334,142.46666666666667,2018-06-01,0,6,6
2_39_127_19_2018-06-01 00:24:01.120772,2-39-127-19,0002,2018-06-01T00:24:01.000+05:30,2018-06-01T02:04:14.000+05:30,2018-06-01T02:04:19.000+05:30,10.571,100.21666666666667,100.3,2018-06-01,0,6,6
2_39_79_383_2018-06-01 00:27:52.656000,2-39-79-383,0002,2018-06-01T00:27:53.000+05:30,2018-06-01T03:59:57.000+05:30,2018-06-01T04:55:53.000+05:30,11.507,212.06666666666666,268.0,2018-06-01,0,6,6
2_39_79_380_2018-06-01 00:31:52.583865,2-39-79-380,0002,2018-06-01T00:31:53.000+05:30,2018-06-01T04:55:46.000+05:30,2018-06-01T04:55:50.000+05:30,14.742,263.8833333333333,263.95,2018-06-01,0,6,6
2_39_138_29_2018-06-01 00:44:12.642071,2-39-138-29,0002,2018-06-01T00:44:13.000+05:30,2018-06-01T01:24:08.000+05:30,2018-06-01T01:25:47.000+05:30,3.706,39.916666666666664,41.56666666666667,2018-06-01,0,6,6
2_39_123_23_2018-06-01 00:45:14.140575,2-39-123-23,0002,2018-06-01T00:45:14.000+05:30,2018-06-01T03:19:02.000+05:30,2018-06-01T03:19:11.000+05:30,13.961,153.8,153.95,2018-06-01,0,6,6
2_39_124_22_2018-06-01 00:54:58.785237,2-39-124-22,0002,2018-06-01T00:54:59.000+05:30,2018-06-01T02:55:45.000+05:30,2018-06-01T03:24:48.000+05:30,6.143,120.76666666666667,149.81666666666666,2018-06-01,0,6,6
2_39_139_28_2018-06-01 01:07:50.398114,2-39-139-28,0002,2018-06-01T01:07:50.000+05:30,2018-06-01T03:15:46.000+05:30,2018-06-01T13:51:52.000+05:30,12.698,127.93333333333334,764.0333333333333,2018-06-01,1,6,6
2_39_128_18_2018-06-01 01:51:59.443171,2-39-128-18,0002,2018-06-01T01:51:59.000+05:30,2018-06-01T04:23:32.000+05:30,2018-06-01T05:02:08.000+05:30,6.521,151.55,190.15,2018-06-01,1,6,6
2_39_131_30_2018-06-01 02:15:57.505198,2-39-131-30,0002,2018-06-01T02:15:57.000+05:30,2018-06-01T04:29:44.000+05:30,2018-06-01T04:29:49.000+05:30,7.12,133.78333333333333,133.86666666666667,2018-06-01,2,6,6
2_39_78_365_2018-06-01 02:55:11.616065,2-39-78-365,0002,2018-06-01T02:55:12.000+05:30,2018-06-01T03:24:15.000+05:30,2018-06-01T03:24:21.000+05:30,2.791,29.05,29.15,2018-06-01,2,6,6
2_39_127_19_2018-06-01 02:56:51.186215,2-39-127-19,0002,2018-06-01T02:56:51.000+05:30,2018-06-01T03:22:16.000+05:30,2018-06-01T03:22:20.000+05:30,2.634,25.416666666666668,25.483333333333334,2018-06-01,2,6,6
2_39_95_444_2018-06-01 03:12:38.113196,2-39-95-444,0002,2018-06-01T03:12:38.000+05:30,2018-06-01T04:31:46.000+05:30,2018-06-01T04:31:51.000+05:30,7.809,79.13333333333334,79.21666666666667,2018-06-01,3,6,6
2_39_79_379_2018-06-01 03:27:03.642870,2-39-79-379,0002,2018-06-01T03:27:04.000+05:30,2018-06-01T05:33:03.000+05:30,2018-06-01T16:43:40.000+05:30,6.538,125.98333333333333,796.6,2018-06-01,3,6,6
2_39_78_365_2018-06-01 03:35:44.997736,2-39-78-365,0002,2018-06-01T03:35:45.000+05:30,2018-06-01T12:11:30.000+05:30,2018-06-01T12:14:04.000+05:30,7.981,515.75,518.3166666666667,2018-06-01,3,6,6
2_39_79_378_2018-06-01 03:59:35.717295,2-39-79-378,0002,2018-06-01T03:59:36.000+05:30,2018-06-01T08:20:46.000+05:30,2018-06-01T18:04:20.000+05:30,14.722,261.1666666666667,844.7333333333333,2018-06-01,3,6,6
2_39_79_381_2018-06-01 04:34:26.450049,2-39-79-381,0002,2018-06-01T04:34:26.000+05:30,2018-06-01T05:18:26.000+05:30,2018-06-01T07:35:19.000+05:30,3.349,44.0,180.88333333333333,2018-06-01,4,6,6
2_39_128_18_2018-06-01 05:04:53.382954,2-39-128-18,0002,2018-06-01T05:04:53.000+05:30,2018-06-01T05:24:11.000+05:30,2018-06-01T05:24:16.000+05:30,1.87,19.3,19.383333333333333,2018-06-01,5,6,6
2_39_131_30_2018-06-01 05:37:54.973677,2-39-131-30,0002,2018-06-01T05:37:55.000+05:30,2018-06-01T10:55:08.000+05:30,2018-06-01T15:06:46.000+05:30,13.936,317.21666666666664,568.85,2018-06-01,5,6,6
2_39_138_566_2018-06-01 06:23:40.562368,2-39-138-566,0002,2018-06-01T06:23:41.000+05:30,2018-06-01T14:06:34.000+05:30,2018-06-01T14:11:19.000+05:30,11.074,462.8833333333333,467.6333333333333,2018-06-01,6,6,6
2_39_79_380_2018-06-01 08:27:34.921040,2-39-79-380,0002,2018-06-01T08:27:35.000+05:30,2018-06-01T09:33:11.000+05:30,2018-06-01T09:33:16.000+05:30,3.713,65.6,65.68333333333334,2018-06-01,8,6,6
2_39_79_383_2018-06-01 11:47:49.243194,2-39-79-383,0002,2018-06-01T11:47:49.000+05:30,2018-06-01T15:27:27.000+05:30,2018-06-01T21:30:47.000+05:30,11.507,219.63333333333333,582.9666666666667,2018-06-01,11,6,6
2_39_129_17_2018-06-01 13:11:17.988136,2-39-129-17,0002,2018-06-01T13:11:18.000+05:30,2018-06-01T15:04:31.000+05:30,2018-06-01T15:04:35.000+05:30,12.56,113.21666666666667,113.28333333333333,2018-06-01,13,6,6
2_39_95_27_2018-06-01 13:44:29.985209,2-39-95-27,0002,2018-06-01T13:44:30.000+05:30,2018-06-01T16:51:09.000+05:30,2018-06-02T00:18:22.000+05:30,10.336,186.65,633.8666666666667,2018-06-01,13,6,6
2_39_125_21_2018-06-01 14:18:51.296066,2-39-125-21,0002,2018-06-01T14:18:51.000+05:30,2018-06-01T14:34:52.000+05:30,2018-06-01T14:34:57.000+05:30,0.723,16.016666666666666,16.1,2018-06-01,14,6,6
2_39_123_23_2018-06-01 14:24:10.814176,2-39-123-23,0002,2018-06-01T14:24:11.000+05:30,2018-06-01T15:53:30.000+05:30,2018-06-01T22:23:34.000+05:30,4.678,89.31666666666666,479.3833333333333,2018-06-01,14,6,6
2_39_79_376_2018-06-01 14:28:44.974947,2-39-79-376,0002,2018-06-01T14:28:45.000+05:30,2018-06-01T17:38:53.000+05:30,2018-06-01T19:39:44.000+05:30,11.936,190.13333333333333,310.98333333333335,2018-06-01,14,6,6
2_39_139_28_2018-06-01 14:31:44.601402,2-39-139-28,0002,2018-06-01T14:31:45.000+05:30,2018-06-01T19:50:00.000+05:30,2018-06-02T01:23:16.000+05:30,16.381,318.25,651.5166666666667,2018-06-01,14,6,6
2_39_79_381_2018-06-01 14:45:14.391510,2-39-79-381,0002,2018-06-01T14:45:14.000+05:30,2018-06-01T18:02:39.000+05:30,2018-06-01T18:36:34.000+05:30,8.599,197.41666666666666,231.33333333333334,2018-06-01,14,6,6
2_39_79_377_2018-06-01 14:49:39.247779,2-39-79-377,0002,2018-06-01T14:49:39.000+05:30,2018-06-02T00:05:08.000+05:30,2018-06-02T00:06:00.000+05:30,26.659,555.4833333333333,556.35,2018-06-01,14,6,6
2_39_78_361_2018-06-01 15:02:58.606938,2-39-78-361,0002,2018-06-01T15:02:59.000+05:30,2018-06-01T18:20:58.000+05:30,2018-06-02T01:50:54.000+05:30,8.645,197.98333333333332,647.9166666666666,2018-06-01,15,6,6
2_39_127_19_2018-06-01 15:03:23.815118,2-39-127-19,0002,2018-06-01T15:03:24.000+05:30,2018-06-01T17:02:00.000+05:30,2018-06-02T03:06:59.000+05:30,6.404,118.6,723.5833333333334,2018-06-01,15,6,6
2_39_78_360_2018-06-01 15:07:25.826198,2-39-78-360,0002,2018-06-01T15:07:26.000+05:30,2018-06-01T17:28:50.000+05:30,2018-06-01T19:09:44.000+05:30,6.361,141.4,242.3,2018-06-01,15,6,6
2_39_92_442_2018-06-01 15:18:18.631587,2-39-92-442,0002,2018-06-01T15:18:19.000+05:30,2018-06-01T16:55:50.000+05:30,2018-06-01T20:58:47.000+05:30,4.949,97.51666666666667,340.46666666666664,2018-06-01,15,6,6
2_39_78_367_2018-06-01 15:20:40.859938,2-39-78-367,0002,2018-06-01T15:20:41.000+05:30,2018-06-01T23:25:23.000+05:30,2018-06-01T23:25:29.000+05:30,16.746,484.7,484.8,2018-06-01,15,6,6
2_39_91_441_2018-06-01 15:28:26.581783,2-39-91-441,0002,2018-06-01T15:28:27.000+05:30,2018-06-01T17:59:26.000+05:30,2018-06-01T17:59:30.000+05:30,7.447,150.98333333333332,151.05,2018-06-01,15,6,6
2_39_90_26_2018-06-01 15:29:53.668715,2-39-90-26,0002,2018-06-01T15:29:54.000+05:30,2018-06-01T19:26:55.000+05:30,2018-06-01T19:27:00.000+05:30,12.54,237.01666666666668,237.1,2018-06-01,15,6,6
2_39_78_362_2018-06-01 15:32:55.893185,2-39-78-362,0002,2018-06-01T15:32:56.000+05:30,2018-06-01T18:24:02.000+05:30,2018-06-01T18:23:04.000+05:30,6.614,171.1,170.13333333333333,2018-06-01,15,6,6
2_39_91_437_2018-06-01 15:43:02.321270,2-39-91-437,0002,2018-06-01T15:43:02.000+05:30,2018-06-01T23:41:36.000+05:30,2018-06-01T23:48:10.000+05:30,21.853,478.56666666666666,485.1333333333333,2018-06-01,15,6,6
2_39_79_382_2018-06-01 15:48:51.013554,2-39-79-382,0002,2018-06-01T15:48:51.000+05:30,2018-06-01T18:13:28.000+05:30,2018-06-02T01:50:24.000+05:30,6.461,144.61666666666667,601.55,2018-06-01,15,6,6
2_39_90_440_2018-06-01 15:50:41.639195,2-39-90-440,0002,2018-06-01T15:50:42.000+05:30,2018-06-01T16:54:27.000+05:30,2018-06-01T21:40:02.000+05:30,2.127,63.75,349.3333333333333,2018-06-01,15,6,6
2_39_138_29_2018-06-01 15:53:08.331403,2-39-138-29,0002,2018-06-01T15:53:08.000+05:30,2018-06-01T19:54:06.000+05:30,2018-06-02T03:55:24.000+05:30,5.795,240.96666666666667,722.2666666666667,2018-06-01,15,6,6
2_39_88_438_2018-06-01 15:53:38.136652,2-39-88-438,0002,2018-06-01T15:53:38.000+05:30,2018-06-01T20:29:05.000+05:30,2018-06-01T21:44:09.000+05:30,14.439,275.45,350.51666666666665,2018-06-01,15,6,6
2_39_89_25_2018-06-01 16:00:38.874843,2-39-89-25,0002,2018-06-01T16:00:39.000+05:30,2018-06-01T17:01:32.000+05:30,2018-06-02T02:26:30.000+05:30,1.865,60.88333333333333,625.85,2018-06-01,16,6,6
2_39_78_363_2018-06-01 16:03:55.086714,2-39-78-363,0002,2018-06-01T16:03:55.000+05:30,2018-06-01T18:39:55.000+05:30,2018-06-01T18:40:08.000+05:30,5.067,156.0,156.21666666666667,2018-06-01,16,6,6
2_39_79_380_2018-06-01 16:06:08.824635,2-39-79-380,0002,2018-06-01T16:06:09.000+05:30,2018-06-01T17:25:15.000+05:30,2018-06-02T00:02:05.000+05:30,2.568,79.1,475.93333333333334,2018-06-01,16,6,6
2_39_123_557_2018-06-01 16:22:21.740571,2-39-123-557,0002,2018-06-01T16:22:22.000+05:30,2018-06-02T00:59:50.000+05:30,2018-06-02T01:00:46.000+05:30,13.945,517.4666666666667,518.4,2018-06-01,16,6,6
2_39_125_21_2018-06-01 16:23:22.910816,2-39-125-21,0002,2018-06-01T16:23:23.000+05:30,2018-06-01T22:51:36.000+05:30,2018-06-01T22:51:40.000+05:30,8.663,388.21666666666664,388.28333333333336,2018-06-01,16,6,6
2_39_95_444_2018-06-01 16:24:54.976237,2-39-95-444,0002,2018-06-01T16:24:55.000+05:30,2018-06-01T16:59:40.000+05:30,2018-06-01T16:59:44.000+05:30,1.581,34.75,34.81666666666667,2018-06-01,16,6,6
2_39_89_439_2018-06-01 16:27:22.527372,2-39-89-439,0002,2018-06-01T16:27:23.000+05:30,2018-06-01T23:50:19.000+05:30,2018-06-02T01:20:06.000+05:30,19.478,442.93333333333334,532.7166666666667,2018-06-01,16,6,6
2_39_79_379_2018-06-01 16:51:01.992623,2-39-79-379,0002,2018-06-01T16:51:02.000+05:30,2018-06-01T22:24:20.000+05:30,2018-06-02T00:34:35.000+05:30,11.982,333.3,463.55,2018-06-01,16,6,6
2_39_128_18_2018-06-01 16:51:04.225342,2-39-128-18,0002,2018-06-01T16:51:04.000+05:30,2018-06-01T20:26:38.000+05:30,2018-06-02T01:55:48.000+05:30,6.162,215.56666666666666,544.7333333333333,2018-06-01,16,6,6
2_39_88_24_2018-06-01 16:56:54.908948,2-39-88-24,0002,2018-06-01T16:56:55.000+05:30,2018-06-01T19:17:16.000+05:30,2018-06-01T19:17:20.000+05:30,4.373,140.35,140.41666666666666,2018-06-01,16,6,6
2_39_78_366_2018-06-01 17:01:05.258950,2-39-78-366,0002,2018-06-01T17:01:05.000+05:30,2018-06-01T21:30:32.000+05:30,2018-06-02T00:27:19.000+05:30,7.079,269.45,446.23333333333335,2018-06-01,17,6,6
2_39_78_364_2018-06-01 17:03:31.163322,2-39-78-364,0002,2018-06-01T17:03:31.000+05:30,2018-06-01T20:56:13.000+05:30,2018-06-02T01:07:05.000+05:30,8.375,232.7,483.56666666666666,2018-06-01,17,6,6
2_39_126_560_2018-06-01 17:06:01.037532,2-39-126-560,0002,2018-06-01T17:06:01.000+05:30,2018-06-01T18:45:31.000+05:30,2018-06-02T01:24:55.000+05:30,2.726,99.5,498.9,2018-06-01,17,6,6
2_39_92_436_2018-06-01 17:10:17.949473,2-39-92-436,0002,2018-06-01T17:10:18.000+05:30,2018-06-01T17:51:24.000+05:30,2018-06-01T17:51:29.000+05:30,1.303,41.1,41.18333333333333,2018-06-01,17,6,6
2_39_78_365_2018-06-01 17:12:25.439987,2-39-78-365,0002,2018-06-01T17:12:25.000+05:30,2018-06-01T23:52:08.000+05:30,2018-06-02T00:36:03.000+05:30,15.189,399.71666666666664,443.6333333333333,2018-06-01,17,6,6
2_39_129_17_2018-06-01 17:16:44.265273,2-39-129-17,0002,2018-06-01T17:16:44.000+05:30,2018-06-01T21:59:52.000+05:30,2018-06-01T21:59:57.000+05:30,8.711,283.1333333333333,283.21666666666664,2018-06-01,17,6,6
2_39_124_22_2018-06-01 17:24:45.375341,2-39-124-22,0002,2018-06-01T17:24:45.000+05:30,2018-06-01T23:37:44.000+05:30,2018-06-01T23:37:49.000+05:30,12.266,372.98333333333335,373.06666666666666,2018-06-01,17,6,6
2_39_126_20_2018-06-01 17:29:42.951305,2-39-126-20,0002,2018-06-01T17:29:43.000+05:30,2018-06-01T20:22:19.000+05:30,2018-06-01T20:22:23.000+05:30,4.578,172.6,172.66666666666666,2018-06-01,17,6,6
2_39_95_444_2018-06-01 17:35:43.034462,2-39-95-444,0002,2018-06-01T17:35:43.000+05:30,2018-06-01T19:26:16.000+05:30,2018-06-02T00:54:11.000+05:30,2.93,110.55,438.46666666666664,2018-06-01,17,6,6
2_39_130_564_2018-06-01 17:49:09.701467,2-39-130-564,0002,2018-06-01T17:49:10.000+05:30,2018-06-02T00:06:29.000+05:30,2018-06-02T00:06:35.000+05:30,13.761,377.31666666666666,377.4166666666667,2018-06-01,17,6,6
2_39_78_362_2018-06-01 18:27:34.339478,2-39-78-362,0002,2018-06-01T18:27:34.000+05:30,2018-06-01T23:40:05.000+05:30,2018-06-01T23:39:08.000+05:30,5.16,312.51666666666665,311.56666666666666,2018-06-01,18,6,6
2_39_92_436_2018-06-01 19:29:44.168310,2-39-92-436,0002,2018-06-01T19:29:44.000+05:30,2018-06-01T20:47:11.000+05:30,2018-06-02T12:32:48.000+05:30,2.08,77.45,1023.0666666666667,2018-06-01,19,6,6
2_39_78_363_2018-06-01 19:31:05.380119,2-39-78-363,0002,2018-06-01T19:31:05.000+05:30,2018-06-01T20:03:56.000+05:30,2018-06-02T01:04:23.000+05:30,0.809,32.85,333.3,2018-06-01,19,6,6
2_39_79_381_2018-06-01 19:37:10.543430,2-39-79-381,0002,2018-06-01T19:37:11.000+05:30,2018-06-01T22:42:23.000+05:30,2018-06-02T01:13:11.000+05:30,6.917,185.2,336.0,2018-06-01,19,6,6
2_39_90_26_2018-06-01 20:48:57.528824,2-39-90-26,0002,2018-06-01T20:48:58.000+05:30,2018-06-01T23:32:14.000+05:30,2018-06-01T23:32:18.000+05:30,7.939,163.26666666666668,163.33333333333334,2018-06-01,20,6,6
2_39_79_378_2018-06-01 21:14:08.231396,2-39-79-378,0002,2018-06-01T21:14:08.000+05:30,2018-06-02T01:12:56.000+05:30,2018-06-02T01:13:01.000+05:30,19.589,238.8,238.88333333333333,2018-06-01,21,6,6
2_39_130_31_2018-06-01 21:50:30.134662,2-39-130-31,0002,2018-06-01T21:50:30.000+05:30,2018-06-02T00:50:47.000+05:30,2018-06-02T08:57:09.000+05:30,8.592,180.28333333333333,666.65,2018-06-01,21,6,6
2_39_88_24_2018-06-01 22:00:01.036450,2-39-88-24,0002,2018-06-01T22:00:01.000+05:30,2018-06-01T22:21:49.000+05:30,2018-06-01T22:21:54.000+05:30,2.134,21.8,21.883333333333333,2018-06-01,22,6,6
2_39_129_17_2018-06-01 22:05:43.498480,2-39-129-17,0002,2018-06-01T22:05:43.000+05:30,2018-06-01T22:39:44.000+05:30,2018-06-01T22:39:49.000+05:30,1.42,34.016666666666666,34.1,2018-06-01,22,6,6
2_39_123_23_2018-06-01 22:33:48.709471,2-39-123-23,0002,2018-06-01T22:33:49.000+05:30,2018-06-01T23:32:55.000+05:30,2018-06-02T02:34:51.000+05:30,5.087,59.1,241.03333333333333,2018-06-01,22,6,6
2_39_79_376_2018-06-01 23:22:15.167695,2-39-79-376,0002,2018-06-01T23:22:15.000+05:30,2018-06-02T01:26:30.000+05:30,2018-06-04T16:25:46.000+05:30,6.61,124.25,3903.516666666667,2018-06-01,23,6,6
2_39_78_367_2018-06-01 23:43:01.083846,2-39-78-367,0002,2018-06-01T23:43:01.000+05:30,2018-06-02T01:53:43.000+05:30,2018-06-02T01:59:48.000+05:30,7.772,130.7,136.78333333333333,2018-06-01,23,6,6
2_39_129_17_2018-06-02 00:07:45.007766,2-39-129-17,0002,2018-06-02T00:07:45.000+05:30,2018-06-02T01:56:03.000+05:30,2018-06-02T02:18:23.000+05:30,5.576,108.3,130.63333333333333,2018-06-02,0,7,6
2_39_78_360_2018-06-02 00:56:29.912276,2-39-78-360,0002,2018-06-02T00:56:30.000+05:30,2018-06-02T05:12:57.000+05:30,2018-06-03T03:30:14.000+05:30,30.904683393070016,256.45,1593.7333333333333,2018-06-02,0,7,6
2_39_138_566_2018-06-02 00:58:10.670384,2-39-138-566,0002,2018-06-02T00:58:11.000+05:30,2018-06-02T17:01:09.000+05:30,2018-06-02T17:03:43.000+05:30,13.9,962.9666666666667,965.5333333333333,2018-06-02,0,7,6
2_39_125_21_2018-06-02 01:22:32.348662,2-39-125-21,0002,2018-06-02T01:22:32.000+05:30,2018-06-02T03:21:24.000+05:30,2018-06-02T03:21:29.000+05:30,12.349,118.86666666666666,118.95,2018-06-02,1,7,6
2_39_78_365_2018-06-02 02:21:44.534605,2-39-78-365,0002,2018-06-02T02:21:45.000+05:30,2018-06-02T03:31:39.000+05:30,2018-06-02T03:31:43.000+05:30,7.339,69.9,69.96666666666667,2018-06-02,2,7,6
2_39_127_19_2018-06-02 05:00:36.383212,2-39-127-19,0002,2018-06-02T05:00:36.000+05:30,2018-06-02T05:30:45.000+05:30,2018-06-02T05:31:01.000+05:30,3.21,30.15,30.416666666666668,2018-06-02,5,7,6
2_39_127_19_2018-06-02 06:40:06.827160,2-39-127-19,0002,2018-06-02T06:40:07.000+05:30,2018-06-02T06:48:35.000+05:30,2018-06-02T06:48:43.000+05:30,0.83,8.466666666666667,8.6,2018-06-02,6,7,6
2_39_139_28_2018-06-02 06:41:32.615187,2-39-139-28,0002,2018-06-02T06:41:33.000+05:30,2018-06-02T09:34:00.000+05:30,2018-06-02T15:35:30.000+05:30,9.825,172.45,533.95,2018-06-02,6,7,6
2_39_131_30_2018-06-02 07:42:23.229537,2-39-131-30,0002,2018-06-02T07:42:23.000+05:30,2018-06-02T09:02:03.000+05:30,2018-06-02T23:28:41.000+05:30,3.905,79.66666666666667,946.3,2018-06-02,7,7,6
2_39_79_377_2018-06-02 11:32:51.442077,2-39-79-377,0002,2018-06-02T11:32:51.000+05:30,2018-06-02T13:24:14.000+05:30,2018-06-02T13:24:19.000+05:30,6.029,111.38333333333334,111.46666666666667,2018-06-02,11,7,6
2_39_138_29_2018-06-02 14:01:29.063718,2-39-138-29,0002,2018-06-02T14:01:29.000+05:30,2018-06-02T15:09:16.000+05:30,2018-06-02T15:57:32.000+05:30,2.281,67.78333333333333,116.05,2018-06-02,14,7,6
2_39_129_17_2018-06-02 16:33:31.345193,2-39-129-17,0002,2018-06-02T16:33:31.000+05:30,2018-06-02T17:01:33.000+05:30,2018-06-02T17:01:38.000+05:30,3.038,28.033333333333335,28.116666666666667,2018-06-02,16,7,6
2_39_90_440_2018-06-02 16:53:52.574711,2-39-90-440,0002,2018-06-02T16:53:53.000+05:30,2018-06-02T19:01:25.000+05:30,2018-06-02T19:01:37.000+05:30,5.14,127.53333333333333,127.73333333333333,2018-06-02,16,7,6
2_39_139_567_2018-06-02 17:03:47.921623,2-39-139-567,0002,2018-06-02T17:03:48.000+05:30,2018-06-02T20:30:52.000+05:30,2018-06-03T01:35:18.000+05:30,9.91,207.06666666666666,511.5,2018-06-02,17,7,6
2_39_79_383_2018-06-02 17:22:18.916639,2-39-79-383,0002,2018-06-02T17:22:19.000+05:30,2018-06-02T18:51:42.000+05:30,2018-06-02T18:51:46.000+05:30,3.829,89.38333333333334,89.45,2018-06-02,17,7,6
2_39_138_29_2018-06-02 17:31:55.186667,2-39-138-29,0002,2018-06-02T17:31:55.000+05:30,2018-06-02T18:12:42.000+05:30,2018-06-02T18:12:46.000+05:30,3.297,40.78333333333333,40.85,2018-06-02,17,7,6
2_39_123_23_2018-06-02 18:13:39.758926,2-39-123-23,0002,2018-06-02T18:13:40.000+05:30,2018-06-02T19:53:02.000+05:30,2018-06-02T19:53:10.000+05:30,10.301,99.36666666666666,99.5,2018-06-02,18,7,6
2_39_139_28_2018-06-02 19:03:06.717951,2-39-139-28,0002,2018-06-02T19:03:07.000+05:30,2018-06-02T22:02:40.000+05:30,2018-06-02T22:02:48.000+05:30,19.368,179.55,179.68333333333334,2018-06-02,19,7,6
2_39_89_25_2018-06-02 19:13:51.857148,2-39-89-25,0002,2018-06-02T19:13:52.000+05:30,2018-06-02T20:59:20.000+05:30,2018-06-02T20:59:25.000+05:30,5.932,105.46666666666667,105.55,2018-06-02,19,7,6
2_39_127_19_2018-06-02 19:32:57.454213,2-39-127-19,0002,2018-06-02T19:32:57.000+05:30,2018-06-02T22:26:20.000+05:30,2018-06-02T22:28:27.000+05:30,13.888,173.38333333333333,175.5,2018-06-02,19,7,6
2_39_79_380_2018-06-02 19:40:46.514402,2-39-79-380,0002,2018-06-02T19:40:47.000+05:30,2018-06-02T23:02:55.000+05:30,2018-06-02T23:03:00.000+05:30,19.688,202.13333333333333,202.21666666666667,2018-06-02,19,7,6
2_39_129_17_2018-06-02 19:42:52.583613,2-39-129-17,0002,2018-06-02T19:42:53.000+05:30,2018-06-02T22:04:12.000+05:30,2018-06-02T23:13:08.000+05:30,7.121,141.31666666666666,210.25,2018-06-02,19,7,6
2_39_79_379_2018-06-02 19:52:16.804190,2-39-79-379,0002,2018-06-02T19:52:17.000+05:30,2018-06-02T22:09:01.000+05:30,2018-06-02T22:09:05.000+05:30,12.956,136.73333333333332,136.8,2018-06-02,19,7,6
2_39_123_23_2018-06-02 20:06:22.053637,2-39-123-23,0002,2018-06-02T20:06:22.000+05:30,2018-06-02T22:13:07.000+05:30,2018-06-02T22:19:46.000+05:30,12.124,126.75,133.4,2018-06-02,20,7,6
2_39_79_377_2018-06-02 20:13:21.018311,2-39-79-377,0002,2018-06-02T20:13:21.000+05:30,2018-06-03T00:04:43.000+05:30,2018-06-03T00:04:48.000+05:30,22.197,231.36666666666667,231.45,2018-06-02,20,7,6
2_39_92_436_2018-06-02 20:15:38.261631,2-39-92-436,0002,2018-06-02T20:15:38.000+05:30,2018-06-03T02:36:26.000+05:30,2018-06-03T02:48:28.000+05:30,41.904,380.8,392.8333333333333,2018-06-02,20,7,6
2_39_125_21_2018-06-02 20:39:59.713410,2-39-125-21,0002,2018-06-02T20:40:00.000+05:30,2018-06-03T19:44:45.000+05:30,2018-06-03T19:44:54.000+05:30,14.006214444444442,1384.75,1384.9,2018-06-02,20,7,6
2_39_124_22_2018-06-02 20:47:02.747437,2-39-124-22,0002,2018-06-02T20:47:03.000+05:30,2018-06-02T22:03:49.000+05:30,2018-06-02T22:03:53.000+05:30,8.768,76.76666666666667,76.83333333333333,2018-06-02,20,7,6
2_39_95_27_2018-06-02 21:01:11.859498,2-39-95-27,0002,2018-06-02T21:01:12.000+05:30,2018-06-02T22:10:33.000+05:30,2018-06-02T22:10:37.000+05:30,4.135,69.35,69.41666666666667,2018-06-02,21,7,6
2_39_78_365_2018-06-02 21:46:42.356273,2-39-78-365,0002,2018-06-02T21:46:42.000+05:30,2018-06-02T21:56:17.000+05:30,2018-06-02T21:56:21.000+05:30,0.99,9.583333333333334,9.65,2018-06-02,21,7,6
2_39_138_29_2018-06-02 22:01:47.695247,2-39-138-29,0002,2018-06-02T22:01:48.000+05:30,2018-06-02T22:38:46.000+05:30,2018-06-02T22:38:50.000+05:30,3.802,36.96666666666667,37.03333333333333,2018-06-02,22,7,6
2_39_95_27_2018-06-02 22:51:48.443040,2-39-95-27,0002,2018-06-02T22:51:48.000+05:30,2018-06-03T01:56:53.000+05:30,2018-06-04T01:18:00.000+05:30,10.038,185.08333333333334,1586.2,2018-06-02,22,7,6
2_39_139_28_2018-06-02 23:01:43.281913,2-39-139-28,0002,2018-06-02T23:01:43.000+05:30,2018-06-03T00:37:16.000+05:30,2018-06-03T00:37:25.000+05:30,9.621,95.55,95.7,2018-06-02,23,7,6
2_39_79_382_2018-06-02 23:08:33.114334,2-39-79-382,0002,2018-06-02T23:08:33.000+05:30,2018-06-03T00:05:55.000+05:30,2018-06-03T00:05:57.000+05:30,6.031,57.36666666666667,57.4,2018-06-02,23,7,6
2_39_79_379_2018-06-02 23:16:32.274773,2-39-79-379,0002,2018-06-02T23:16:32.000+05:30,2018-06-03T01:09:31.000+05:30,2018-06-03T02:46:35.000+05:30,5.946,112.98333333333333,210.05,2018-06-02,23,7,6
2_39_127_19_2018-06-02 23:25:27.718348,2-39-127-19,0002,2018-06-02T23:25:28.000+05:30,2018-06-02T23:56:11.000+05:30,2018-06-02T23:56:16.000+05:30,3.407,30.716666666666665,30.8,2018-06-02,23,7,6
2_39_91_437_2018-06-02 23:46:32.105903,2-39-91-437,0002,2018-06-02T23:46:32.000+05:30,2018-06-03T06:20:04.000+05:30,2018-06-03T18:44:53.000+05:30,39.406,393.53333333333336,1138.35,2018-06-02,23,7,6
2_39_130_31_2018-06-03 00:28:16.238448,2-39-130-31,0002,2018-06-03T00:28:16.000+05:30,2018-06-03T03:44:19.000+05:30,2018-06-03T03:47:17.000+05:30,13.966,196.05,199.01666666666668,2018-06-03,0,1,6
2_39_78_361_2018-06-03 00:34:50.570000,2-39-78-361,0002,2018-06-03T00:34:51.000+05:30,2018-06-03T01:55:43.000+05:30,2018-06-03T01:55:52.000+05:30,7.454,80.86666666666666,81.01666666666667,2018-06-03,0,1,6
2_39_139_28_2018-06-03 00:55:04.928456,2-39-139-28,0002,2018-06-03T00:55:05.000+05:30,2018-06-03T06:57:10.000+05:30,2018-06-03T07:21:04.000+05:30,38.235,362.0833333333333,385.98333333333335,2018-06-03,0,1,6
2_39_88_24_2018-06-03 01:52:19.277448,2-39-88-24,0002,2018-06-03T01:52:19.000+05:30,2018-06-03T02:54:39.000+05:30,2018-06-03T02:54:47.000+05:30,6.832,62.333333333333336,62.46666666666667,2018-06-03,1,1,6
2_39_128_18_2018-06-03 02:47:02.270442,2-39-128-18,0002,2018-06-03T02:47:02.000+05:30,2018-06-03T04:58:15.000+05:30,2018-06-03T17:24:26.000+05:30,13.885,131.21666666666667,877.4,2018-06-03,2,1,6
2_39_138_29_2018-06-03 03:39:22.982124,2-39-138-29,0002,2018-06-03T03:39:23.000+05:30,2018-06-03T05:00:25.000+05:30,2018-06-03T06:09:51.000+05:30,4.035,81.03333333333333,150.46666666666667,2018-06-03,3,1,6
2_39_123_557_2018-06-03 04:01:02.643101,2-39-123-557,0002,2018-06-03T04:01:03.000+05:30,2018-06-03T15:48:04.000+05:30,2018-06-03T17:42:33.000+05:30,13.991,707.0166666666667,821.5,2018-06-03,4,1,6
2_39_123_23_2018-06-03 05:55:06.709143,2-39-123-23,0002,2018-06-03T05:55:07.000+05:30,2018-06-03T06:24:43.000+05:30,2018-06-03T06:24:48.000+05:30,3.314,29.6,29.683333333333334,2018-06-03,5,1,6
2_39_131_30_2018-06-03 06:59:29.897636,2-39-131-30,0002,2018-06-03T06:59:30.000+05:30,2018-06-03T16:45:36.000+05:30,2018-06-03T16:44:46.000+05:30,13.648,586.1,585.2666666666667,2018-06-03,6,1,6
2_39_123_23_2018-06-03 07:03:21.204915,2-39-123-23,0002,2018-06-03T07:03:21.000+05:30,2018-06-03T07:40:23.000+05:30,2018-06-03T07:40:32.000+05:30,4.103,37.03333333333333,37.18333333333333,2018-06-03,7,1,6
2_39_83_387_2018-06-03 07:37:25.698281,2-39-83-387,0002,2018-06-03T07:37:26.000+05:30,2018-06-03T11:34:52.000+05:30,2018-06-04T06:23:28.000+05:30,7.634,237.43333333333334,1366.0333333333333,2018-06-03,7,1,6
2_39_139_567_2018-06-03 08:18:25.566071,2-39-139-567,0002,2018-06-03T08:18:26.000+05:30,2018-06-03T23:23:37.000+05:30,2018-06-04T02:23:10.000+05:30,13.516,905.1833333333333,1084.7333333333333,2018-06-03,8,1,6
2_39_123_23_2018-06-03 14:30:09.830842,2-39-123-23,0002,2018-06-03T14:30:10.000+05:30,2018-06-03T15:14:02.000+05:30,2018-06-03T15:22:46.000+05:30,0.681,43.86666666666667,52.6,2018-06-03,14,1,6
2_39_130_31_2018-06-03 15:05:56.323763,2-39-130-31,0002,2018-06-03T15:05:56.000+05:30,2018-06-03T15:49:09.000+05:30,2018-06-03T15:49:17.000+05:30,2.524,43.21666666666667,43.35,2018-06-03,15,1,6
2_39_92_442_2018-06-03 15:40:10.352548,2-39-92-442,0002,2018-06-03T15:40:10.000+05:30,2018-06-03T17:23:05.000+05:30,2018-06-03T17:23:13.000+05:30,5.416,102.91666666666667,103.05,2018-06-03,15,1,6
2_39_79_377_2018-06-03 15:52:54.690425,2-39-79-377,0002,2018-06-03T15:52:55.000+05:30,2018-06-03T17:37:28.000+05:30,2018-06-03T17:37:32.000+05:30,10.867,104.55,104.61666666666666,2018-06-03,15,1,6
2_39_79_380_2018-06-03 15:59:17.926923,2-39-79-380,0002,2018-06-03T15:59:18.000+05:30,2018-06-03T20:21:09.000+05:30,2018-06-04T00:40:11.000+05:30,13.352,261.85,520.8833333333333,2018-06-03,15,1,6
2_39_138_29_2018-06-03 16:54:49.111606,2-39-138-29,0002,2018-06-03T16:54:49.000+05:30,2018-06-04T00:17:37.000+05:30,2018-06-04T00:16:38.000+05:30,14.007,442.8,441.81666666666666,2018-06-03,16,1,6
2_39_130_31_2018-06-03 17:19:35.958189,2-39-130-31,0002,2018-06-03T17:19:36.000+05:30,2018-06-03T22:56:55.000+05:30,2018-06-04T01:40:56.000+05:30,13.97,337.31666666666666,501.3333333333333,2018-06-03,17,1,6
2_39_88_24_2018-06-03 17:26:08.193483,2-39-88-24,0002,2018-06-03T17:26:08.000+05:30,2018-06-03T19:54:51.000+05:30,2018-06-03T23:13:31.000+05:30,16.663,148.71666666666667,347.3833333333333,2018-06-03,17,1,6
2_39_127_19_2018-06-03 17:43:52.616155,2-39-127-19,0002,2018-06-03T17:43:53.000+05:30,2018-06-03T19:13:51.000+05:30,2018-06-03T19:13:55.000+05:30,8.99,89.96666666666667,90.03333333333333,2018-06-03,17,1,6
2_39_89_25_2018-06-03 17:49:55.306972,2-39-89-25,0002,2018-06-03T17:49:55.000+05:30,2018-06-03T22:18:32.000+05:30,2018-06-04T01:32:02.000+05:30,28.818,268.6166666666667,462.1166666666667,2018-06-03,17,1,6
2_39_129_17_2018-06-03 17:55:41.360900,2-39-129-17,0002,2018-06-03T17:55:41.000+05:30,2018-06-03T21:57:35.000+05:30,2018-06-03T22:52:34.000+05:30,12.059,241.9,296.8833333333333,2018-06-03,17,1,6
2_39_139_28_2018-06-03 18:24:48.866134,2-39-139-28,0002,2018-06-03T18:24:49.000+05:30,2018-06-03T19:18:02.000+05:30,2018-06-03T19:18:05.000+05:30,5.608,53.21666666666667,53.266666666666666,2018-06-03,18,1,6
2_39_124_22_2018-06-03 18:52:26.227340,2-39-124-22,0002,2018-06-03T18:52:26.000+05:30,2018-06-03T22:37:27.000+05:30,2018-06-03T22:42:58.000+05:30,13.92,225.01666666666668,230.53333333333333,2018-06-03,18,1,6
2_39_79_379_2018-06-03 19:34:35.906212,2-39-79-379,0002,2018-06-03T19:34:36.000+05:30,2018-06-03T23:31:37.000+05:30,2018-06-03T23:31:42.000+05:30,19.453,237.01666666666668,237.1,2018-06-03,19,1,6
2_39_92_436_2018-06-03 19:48:34.748478,2-39-92-436,0002,2018-06-03T19:48:35.000+05:30,2018-06-03T20:48:16.000+05:30,2018-06-03T20:48:21.000+05:30,6.558,59.68333333333333,59.766666666666666,2018-06-03,19,1,6
2_39_127_19_2018-06-03 19:54:58.347555,2-39-127-19,0002,2018-06-03T19:54:58.000+05:30,2018-06-03T23:29:48.000+05:30,2018-06-03T23:30:56.000+05:30,12.105,214.83333333333334,215.96666666666667,2018-06-03,19,1,6
2_39_139_28_2018-06-03 20:01:13.856473,2-39-139-28,0002,2018-06-03T20:01:14.000+05:30,2018-06-03T20:49:22.000+05:30,2018-06-03T20:49:26.000+05:30,4.986,48.13333333333333,48.2,2018-06-03,20,1,6
2_39_79_378_2018-06-03 20:16:30.899714,2-39-79-378,0002,2018-06-03T20:16:31.000+05:30,2018-06-03T23:13:54.000+05:30,2018-06-04T04:19:50.000+05:30,9.473,177.38333333333333,483.31666666666666,2018-06-03,20,1,6
2_39_79_377_2018-06-03 20:16:48.175003,2-39-79-377,0002,2018-06-03T20:16:48.000+05:30,2018-06-03T21:00:01.000+05:30,2018-06-03T22:35:35.000+05:30,2.281,43.21666666666667,138.78333333333333,2018-06-03,20,1,6
2_39_79_383_2018-06-03 20:26:40.081559,2-39-79-383,0002,2018-06-03T20:26:40.000+05:30,2018-06-04T00:37:06.000+05:30,2018-06-04T02:19:45.000+05:30,23.817,250.43333333333334,353.0833333333333,2018-06-03,20,1,6
2_39_78_366_2018-06-03 20:40:06.830356,2-39-78-366,0002,2018-06-03T20:40:07.000+05:30,2018-06-03T23:11:59.000+05:30,2018-06-04T03:03:01.000+05:30,8.472,151.86666666666667,382.9,2018-06-03,20,1,6
2_39_139_28_2018-06-03 21:29:02.732646,2-39-139-28,0002,2018-06-03T21:29:03.000+05:30,2018-06-03T22:40:41.000+05:30,2018-06-03T22:40:46.000+05:30,7.695,71.63333333333334,71.71666666666667,2018-06-03,21,1,6
2_39_125_21_2018-06-03 21:39:57.602660,2-39-125-21,0002,2018-06-03T21:39:58.000+05:30,2018-06-03T21:49:05.000+05:30,2018-06-03T21:49:09.000+05:30,0.846,9.116666666666667,9.183333333333334,2018-06-03,21,1,6
2_39_91_437_2018-06-03 21:59:44.566432,2-39-91-437,0002,2018-06-03T21:59:45.000+05:30,2018-06-03T22:43:56.000+05:30,2018-06-03T22:44:01.000+05:30,4.762,44.18333333333333,44.266666666666666,2018-06-03,21,1,6
2_39_131_30_2018-06-03 22:00:36.498244,2-39-131-30,0002,2018-06-03T22:00:36.000+05:30,2018-06-03T23:31:34.000+05:30,2018-06-03T23:31:43.000+05:30,9.722,90.96666666666667,91.11666666666666,2018-06-03,22,1,6
2_39_92_436_2018-06-03 23:13:37.579905,2-39-92-436,0002,2018-06-03T23:13:38.000+05:30,2018-06-04T02:31:30.000+05:30,2018-06-04T02:31:43.000+05:30,22.929,197.86666666666667,198.08333333333334,2018-06-03,23,1,6
2_39_139_28_2018-06-03 23:24:50.050271,2-39-139-28,0002,2018-06-03T23:24:50.000+05:30,2018-06-04T00:04:30.000+05:30,2018-06-04T04:19:00.000+05:30,2.099,39.666666666666664,294.1666666666667,2018-06-03,23,1,6
2_39_123_23_2018-06-04 00:30:28.082546,2-39-123-23,0002,2018-06-04T00:30:28.000+05:30,2018-06-04T02:46:05.000+05:30,2018-06-04T13:40:03.000+05:30,13.6,135.61666666666667,789.5833333333334,2018-06-04,0,2,6
2_39_125_21_2018-06-04 01:04:25.114982,2-39-125-21,0002,2018-06-04T01:04:25.000+05:30,2018-06-04T01:30:25.000+05:30,2018-06-04T01:30:30.000+05:30,2.708,26.0,26.083333333333332,2018-06-04,1,2,6
2_39_128_18_2018-06-04 01:22:34.930618,2-39-128-18,0002,2018-06-04T01:22:35.000+05:30,2018-06-04T03:34:47.000+05:30,2018-06-04T04:09:52.000+05:30,8.664,132.2,167.28333333333333,2018-06-04,1,2,6
2_39_89_25_2018-06-04 01:41:11.402880,2-39-89-25,0002,2018-06-04T01:41:11.000+05:30,2018-06-04T03:59:05.000+05:30,2018-06-04T04:13:36.000+05:30,13.892,137.9,152.41666666666666,2018-06-04,1,2,6
2_39_127_19_2018-06-04 01:57:11.714389,2-39-127-19,0002,2018-06-04T01:57:12.000+05:30,2018-06-04T15:31:01.000+05:30,2018-06-04T15:44:29.000+05:30,13.986,813.8166666666667,827.2833333333333,2018-06-04,1,2,6
2_39_138_566_2018-06-04 02:23:14.593742,2-39-138-566,0002,2018-06-04T02:23:15.000+05:30,2018-06-04T11:11:53.000+05:30,2018-06-04T11:23:19.000+05:30,10.506,528.6333333333333,540.0666666666667,2018-06-04,2,2,6
2_39_131_30_2018-06-04 03:13:34.105400,2-39-131-30,0002,2018-06-04T03:13:34.000+05:30,2018-06-04T14:47:00.000+05:30,2018-06-04T15:19:55.000+05:30,13.937,693.4333333333333,726.35,2018-06-04,3,2,6
2_39_129_17_2018-06-04 04:47:17.229279,2-39-129-17,0002,2018-06-04T04:47:17.000+05:30,2018-06-04T07:51:19.000+05:30,2018-06-04T07:51:23.000+05:30,11.234,184.03333333333333,184.1,2018-06-04,4,2,6
2_39_139_567_2018-06-04 11:23:25.517321,2-39-139-567,0002,2018-06-04T11:23:26.000+05:30,2018-06-04T12:34:38.000+05:30,2018-06-04T12:34:41.000+05:30,3.923,71.2,71.25,2018-06-04,11,2,6
2_39_79_383_2018-06-04 11:48:08.032055,2-39-79-383,0002,2018-06-04T11:48:08.000+05:30,2018-06-04T15:28:44.000+05:30,2018-06-04T15:57:35.000+05:30,11.497,220.6,249.45,2018-06-04,11,2,6
2_39_89_25_2018-06-04 13:09:24.343929,2-39-89-25,0002,2018-06-04T13:09:24.000+05:30,2018-06-04T14:44:34.000+05:30,2018-06-04T14:44:42.000+05:30,5.087,95.16666666666667,95.3,2018-06-04,13,2,6
2_39_95_27_2018-06-04 13:20:16.500004,2-39-95-27,0002,2018-06-04T13:20:16.000+05:30,2018-06-04T16:31:27.000+05:30,2018-06-05T00:07:40.000+05:30,10.582,191.18333333333334,647.4,2018-06-04,13,2,6
2_39_79_380_2018-06-04 13:46:25.367242,2-39-79-380,0002,2018-06-04T13:46:25.000+05:30,2018-06-04T16:05:47.000+05:30,2018-06-04T23:07:39.000+05:30,9.035,139.36666666666667,561.2333333333333,2018-06-04,13,2,6
2_39_139_567_2018-06-04 14:13:24.042744,2-39-139-567,0002,2018-06-04T14:13:24.000+05:30,2018-06-04T15:15:08.000+05:30,2018-06-05T01:32:54.000+05:30,1.895,61.733333333333334,679.5,2018-06-04,14,2,6
2_39_129_17_2018-06-04 14:47:03.859866,2-39-129-17,0002,2018-06-04T14:47:04.000+05:30,2018-06-04T18:38:38.000+05:30,2018-06-04T18:41:52.000+05:30,12.071,231.56666666666666,234.8,2018-06-04,14,2,6
2_39_79_381_2018-06-04 14:47:12.715045,2-39-79-381,0002,2018-06-04T14:47:13.000+05:30,2018-06-04T16:22:22.000+05:30,2018-06-05T00:52:14.000+05:30,4.461,95.15,605.0166666666667,2018-06-04,14,2,6
2_39_79_382_2018-06-04 14:51:05.183347,2-39-79-382,0002,2018-06-04T14:51:05.000+05:30,2018-06-04T16:57:20.000+05:30,2018-06-04T16:57:23.000+05:30,5.543,126.25,126.3,2018-06-04,14,2,6
2_39_79_378_2018-06-04 15:08:28.306822,2-39-79-378,0002,2018-06-04T15:08:28.000+05:30,2018-06-05T01:34:15.000+05:30,2018-06-05T01:52:19.000+05:30,19.4,625.7833333333333,643.85,2018-06-04,15,2,6
2_39_92_442_2018-06-04 15:10:09.241009,2-39-92-442,0002,2018-06-04T15:10:09.000+05:30,2018-06-04T17:43:26.000+05:30,2018-06-04T20:16:48.000+05:30,8.017,153.28333333333333,306.65,2018-06-04,15,2,6
2_39_79_377_2018-06-04 15:13:05.104497,2-39-79-377,0002,2018-06-04T15:13:05.000+05:30,2018-06-05T00:01:55.000+05:30,2018-06-05T00:01:59.000+05:30,19.972,528.8333333333334,528.9,2018-06-04,15,2,6
2_39_89_25_2018-06-04 15:13:56.161047,2-39-89-25,0002,2018-06-04T15:13:56.000+05:30,2018-06-04T16:08:26.000+05:30,2018-06-05T02:51:46.000+05:30,1.719,54.5,697.8333333333334,2018-06-04,15,2,6
2_39_78_365_2018-06-04 15:14:12.704447,2-39-78-365,0002,2018-06-04T15:14:13.000+05:30,2018-06-04T17:14:17.000+05:30,2018-06-05T00:31:43.000+05:30,6.15,120.06666666666666,557.5,2018-06-04,15,2,6
2_39_79_379_2018-06-04 15:17:31.292249,2-39-79-379,0002,2018-06-04T15:17:31.000+05:30,2018-06-05T03:25:49.000+05:30,2018-06-05T03:40:52.000+05:30,19.8,728.3,743.35,2018-06-04,15,2,6
2_39_138_29_2018-06-04 15:20:54.396165,2-39-138-29,0002,2018-06-04T15:20:54.000+05:30,2018-06-04T20:24:12.000+05:30,2018-06-04T20:24:17.000+05:30,8.279,303.3,303.3833333333333,2018-06-04,15,2,6
2_39_78_360_2018-06-04 15:21:21.730940,2-39-78-360,0002,2018-06-04T15:21:22.000+05:30,2018-06-04T16:47:47.000+05:30,2018-06-05T01:20:31.000+05:30,4.472,86.41666666666667,599.15,2018-06-04,15,2,6
2_39_139_28_2018-06-04 15:43:37.998181,2-39-139-28,0002,2018-06-04T15:43:38.000+05:30,2018-06-04T17:10:11.000+05:30,2018-06-04T19:28:35.000+05:30,4.477,86.55,224.95,2018-06-04,15,2,6
2_39_91_437_2018-06-04 15:46:09.810476,2-39-91-437,0002,2018-06-04T15:46:10.000+05:30,2018-06-04T23:25:27.000+05:30,2018-06-05T00:50:46.000+05:30,24.77,459.28333333333336,544.6,2018-06-04,15,2,6
2_39_130_31_2018-06-04 15:47:27.655837,2-39-130-31,0002,2018-06-04T15:47:28.000+05:30,2018-06-04T17:53:29.000+05:30,2018-06-05T00:32:26.000+05:30,6.197,126.01666666666667,524.9666666666667,2018-06-04,15,2,6
2_39_78_362_2018-06-04 15:51:06.517641,2-39-78-362,0002,2018-06-04T15:51:07.000+05:30,2018-06-04T23:30:50.000+05:30,2018-06-04T23:29:51.000+05:30,2.474,459.71666666666664,458.73333333333335,2018-06-04,15,2,6
2_39_90_26_2018-06-04 15:51:54.007150,2-39-90-26,0002,2018-06-04T15:51:54.000+05:30,2018-06-05T00:22:17.000+05:30,2018-06-05T02:32:44.000+05:30,28.304,510.3833333333333,640.8333333333334,2018-06-04,15,2,6
2_39_78_364_2018-06-04 15:58:36.754388,2-39-78-364,0002,2018-06-04T15:58:37.000+05:30,2018-06-04T23:51:26.000+05:30,2018-06-05T00:18:18.000+05:30,17.796,472.81666666666666,499.68333333333334,2018-06-04,15,2,6
2_39_91_441_2018-06-04 15:58:44.441620,2-39-91-441,0002,2018-06-04T15:58:44.000+05:30,2018-06-04T19:54:43.000+05:30,2018-06-04T19:54:52.000+05:30,11.028,235.98333333333332,236.13333333333333,2018-06-04,15,2,6
2_39_127_19_2018-06-04 15:59:55.417433,2-39-127-19,0002,2018-06-04T15:59:55.000+05:30,2018-06-04T17:11:14.000+05:30,2018-06-05T00:31:58.000+05:30,3.76,71.31666666666666,512.05,2018-06-04,15,2,6
2_39_126_560_2018-06-04 16:01:22.310507,2-39-126-560,0002,2018-06-04T16:01:22.000+05:30,2018-06-04T18:51:20.000+05:30,2018-06-04T21:49:32.000+05:30,8.532,169.96666666666667,348.1666666666667,2018-06-04,16,2,6
2_39_123_23_2018-06-04 16:12:37.722218,2-39-123-23,0002,2018-06-04T16:12:38.000+05:30,2018-06-04T18:19:46.000+05:30,2018-06-05T01:14:36.000+05:30,5.766,127.13333333333334,541.9666666666667,2018-06-04,16,2,6
2_39_79_383_2018-06-04 16:19:42.829005,2-39-79-383,0002,2018-06-04T16:19:43.000+05:30,2018-06-04T19:16:15.000+05:30,2018-06-05T00:19:42.000+05:30,6.029,176.53333333333333,479.98333333333335,2018-06-04,16,2,6
2_39_89_439_2018-06-04 16:21:07.854172,2-39-89-439,0002,2018-06-04T16:21:08.000+05:30,2018-06-04T21:37:06.000+05:30,2018-06-05T01:07:49.000+05:30,15.102,315.96666666666664,526.6833333333333,2018-06-04,16,2,6
2_39_88_438_2018-06-04 16:35:35.491224,2-39-88-438,0002,2018-06-04T16:35:35.000+05:30,2018-06-04T18:40:06.000+05:30,2018-06-05T01:31:12.000+05:30,4.823,124.51666666666667,535.6166666666667,2018-06-04,16,2,6
2_39_92_436_2018-06-04 17:11:24.556793,2-39-92-436,0002,2018-06-04T17:11:25.000+05:30,2018-06-04T22:03:01.000+05:30,2018-06-05T02:13:41.000+05:30,14.931,291.6,542.2666666666667,2018-06-04,17,2,6
2_39_78_366_2018-06-04 17:22:38.139558,2-39-78-366,0002,2018-06-04T17:22:38.000+05:30,2018-06-05T02:08:16.000+05:30,2018-06-05T02:12:15.000+05:30,14.941,525.6333333333333,529.6166666666667,2018-06-04,17,2,6
2_39_90_440_2018-06-04 17:24:06.000076,2-39-90-440,0002,2018-06-04T17:24:06.000+05:30,2018-06-05T00:18:26.000+05:30,2018-06-05T01:00:14.000+05:30,18.165,414.3333333333333,456.1333333333333,2018-06-04,17,2,6
2_39_124_22_2018-06-04 17:25:05.175196,2-39-124-22,0002,2018-06-04T17:25:05.000+05:30,2018-06-04T20:07:04.000+05:30,2018-06-05T00:01:55.000+05:30,4.427,161.98333333333332,396.8333333333333,2018-06-04,17,2,6
2_39_88_24_2018-06-04 17:32:58.111906,2-39-88-24,0002,2018-06-04T17:32:58.000+05:30,2018-06-04T22:48:25.000+05:30,2018-06-04T23:14:34.000+05:30,15.742,315.45,341.6,2018-06-04,17,2,6
2_39_79_376_2018-06-04 17:40:49.907091,2-39-79-376,0002,2018-06-04T17:40:50.000+05:30,2018-06-05T00:35:07.000+05:30,2018-06-05T22:06:37.000+05:30,20.65,414.28333333333336,1705.7833333333333,2018-06-04,17,2,6
2_39_78_361_2018-06-04 17:51:49.456592,2-39-78-361,0002,2018-06-04T17:51:49.000+05:30,2018-06-04T21:35:01.000+05:30,2018-06-04T21:35:04.000+05:30,4.863,223.2,223.25,2018-06-04,17,2,6
2_39_79_382_2018-06-04 18:30:07.272357,2-39-79-382,0002,2018-06-04T18:30:07.000+05:30,2018-06-04T19:19:50.000+05:30,2018-06-04T19:19:54.000+05:30,2.252,49.71666666666667,49.78333333333333,2018-06-04,18,2,6
2_39_95_444_2018-06-04 18:58:44.718775,2-39-95-444,0002,2018-06-04T18:58:45.000+05:30,2018-06-04T23:00:10.000+05:30,2018-06-04T23:35:35.000+05:30,10.596,241.41666666666666,276.8333333333333,2018-06-04,18,2,6
2_39_129_17_2018-06-04 19:57:23.776140,2-39-129-17,0002,2018-06-04T19:57:24.000+05:30,2018-06-04T21:59:37.000+05:30,2018-06-04T22:39:53.000+05:30,3.742,122.21666666666667,162.48333333333332,2018-06-04,19,2,6
2_39_79_382_2018-06-04 20:04:02.456657,2-39-79-382,0002,2018-06-04T20:04:02.000+05:30,2018-06-04T23:35:01.000+05:30,2018-06-05T02:06:59.000+05:30,6.448,210.98333333333332,362.95,2018-06-04,20,2,6
2_39_78_367_2018-06-04 20:13:12.178657,2-39-78-367,0002,2018-06-04T20:13:12.000+05:30,2018-06-04T23:29:46.000+05:30,2018-06-05T01:56:17.000+05:30,7.131,196.56666666666666,343.0833333333333,2018-06-04,20,2,6
2_39_92_442_2018-06-04 20:23:22.325883,2-39-92-442,0002,2018-06-04T20:23:22.000+05:30,2018-06-04T23:48:09.000+05:30,2018-06-05T00:52:55.000+05:30,8.087,204.78333333333333,269.55,2018-06-04,20,2,6
2_39_138_29_2018-06-04 20:37:44.277505,2-39-138-29,0002,2018-06-04T20:37:44.000+05:30,2018-06-04T21:45:58.000+05:30,2018-06-05T01:16:37.000+05:30,2.058,68.23333333333333,278.8833333333333,2018-06-04,20,2,6
2_39_91_441_2018-06-04 21:49:47.792099,2-39-91-441,0002,2018-06-04T21:49:48.000+05:30,2018-06-04T23:48:29.000+05:30,2018-06-05T01:03:21.000+05:30,9.673,118.68333333333334,193.55,2018-06-04,21,2,6
2_39_78_361_2018-06-04 22:46:09.405681,2-39-78-361,0002,2018-06-04T22:46:09.000+05:30,2018-06-04T23:07:07.000+05:30,2018-06-04T23:07:12.000+05:30,0.828,20.966666666666665,21.05,2018-06-04,22,2,6
2_39_129_17_2018-06-04 22:52:10.167881,2-39-129-17,0002,2018-06-04T22:52:10.000+05:30,2018-06-05T04:03:09.000+05:30,2018-06-05T04:05:12.000+05:30,3.286,310.98333333333335,313.03333333333336,2018-06-04,22,2,6
2_39_79_380_2018-06-04 23:10:16.203413,2-39-79-380,0002,2018-06-04T23:10:16.000+05:30,2018-06-05T04:05:41.000+05:30,2018-06-05T04:16:12.000+05:30,16.221,295.4166666666667,305.93333333333334,2018-06-04,23,2,6
2_39_78_361_2018-06-04 23:24:40.982295,2-39-78-361,0002,2018-06-04T23:24:41.000+05:30,2018-06-04T23:41:03.000+05:30,2018-06-04T23:41:09.000+05:30,1.26,16.366666666666667,16.466666666666665,2018-06-04,23,2,6
2_39_78_362_2018-06-04 23:34:21.459421,2-39-78-362,0002,2018-06-04T23:34:21.000+05:30,2018-06-05T00:38:09.000+05:30,2018-06-05T00:37:09.000+05:30,3.606,63.8,62.8,2018-06-04,23,2,6
2_39_88_24_2018-06-04 23:34:51.420663,2-39-88-24,0002,2018-06-04T23:34:51.000+05:30,2018-06-05T01:10:44.000+05:30,2018-06-05T02:26:40.000+05:30,10.425,95.88333333333334,171.81666666666666,2018-06-04,23,2,6
2_39_124_22_2018-06-05 00:08:01.548949,2-39-124-22,0002,2018-06-05T00:08:02.000+05:30,2018-06-05T02:54:11.000+05:30,2018-06-05T03:05:25.000+05:30,12.406,166.15,177.38333333333333,2018-06-05,0,3,6
2_39_138_566_2018-06-05 00:11:53.492963,2-39-138-566,0002,2018-06-05T00:11:53.000+05:30,2018-06-05T04:10:02.000+05:30,2018-06-05T04:59:30.000+05:30,13.111,238.15,287.6166666666667,2018-06-05,0,3,6
2_39_124_558_2018-06-05 00:14:41.840576,2-39-124-558,0002,2018-06-05T00:14:42.000+05:30,2018-06-05T12:28:27.000+05:30,2018-06-05T13:00:19.000+05:30,14.043,733.75,765.6166666666667,2018-06-05,0,3,6
2_39_131_30_2018-06-05 00:23:31.891294,2-39-131-30,0002,2018-06-05T00:23:32.000+05:30,2018-06-05T02:48:17.000+05:30,2018-06-05T02:51:46.000+05:30,13.88,144.75,148.23333333333332,2018-06-05,0,3,6
2_39_127_19_2018-06-05 01:57:16.584754,2-39-127-19,0002,2018-06-05T01:57:17.000+05:30,2018-06-05T04:17:29.000+05:30,2018-06-05T04:32:44.000+05:30,13.916,140.2,155.45,2018-06-05,1,3,6
2_39_125_21_2018-06-05 02:14:41.916050,2-39-125-21,0002,2018-06-05T02:14:42.000+05:30,2018-06-05T03:45:51.000+05:30,2018-06-05T03:46:00.000+05:30,8.04,91.15,91.3,2018-06-05,2,3,6
2_39_139_28_2018-06-05 02:23:43.892633,2-39-139-28,0002,2018-06-05T02:23:44.000+05:30,2018-06-05T04:38:10.000+05:30,2018-06-05T04:38:15.000+05:30,7.504,134.43333333333334,134.51666666666668,2018-06-05,2,3,6
2_39_91_437_2018-06-05 02:59:57.518860,2-39-91-437,0002,2018-06-05T02:59:58.000+05:30,2018-06-05T04:54:10.000+05:30,2018-06-05T13:45:58.000+05:30,11.988,114.2,646.0,2018-06-05,2,3,6
2_39_79_378_2018-06-05 03:14:20.606700,2-39-79-378,0002,2018-06-05T03:14:21.000+05:30,2018-06-05T05:20:07.000+05:30,2018-06-05T16:31:09.000+05:30,6.653,125.76666666666667,796.8,2018-06-05,3,3,6
2_39_138_29_2018-06-05 03:21:00.502414,2-39-138-29,0002,2018-06-05T03:21:00.000+05:30,2018-06-05T04:19:04.000+05:30,2018-06-05T04:19:08.000+05:30,5.947,58.06666666666667,58.13333333333333,2018-06-05,3,3,6
2_39_79_381_2018-06-05 04:12:05.119154,2-39-79-381,0002,2018-06-05T04:12:05.000+05:30,2018-06-05T05:24:19.000+05:30,2018-06-05T09:15:00.000+05:30,6.904,72.23333333333333,302.9166666666667,2018-06-05,4,3,6
2_39_131_30_2018-06-05 05:35:02.875060,2-39-131-30,0002,2018-06-05T05:35:03.000+05:30,2018-06-05T15:04:20.000+05:30,2018-06-05T15:09:13.000+05:30,14.017,569.2833333333333,574.1666666666666,2018-06-05,5,3,6
2_39_139_28_2018-06-05 05:43:55.126087,2-39-139-28,0002,2018-06-05T05:43:55.000+05:30,2018-06-05T06:04:20.000+05:30,2018-06-05T06:04:25.000+05:30,1.195,20.416666666666668,20.5,2018-06-05,5,3,6
2_39_78_365_2018-06-05 07:11:06.806258,2-39-78-365,0002,2018-06-05T07:11:07.000+05:30,2018-06-05T17:24:28.000+05:30,2018-06-05T17:25:15.000+05:30,15.935,613.35,614.1333333333333,2018-06-05,7,3,6
2_39_138_566_2018-06-05 10:45:41.490853,2-39-138-566,0002,2018-06-05T10:45:41.000+05:30,2018-06-05T13:35:32.000+05:30,2018-06-05T13:41:03.000+05:30,9.853,169.85,175.36666666666667,2018-06-05,10,3,6
2_39_79_383_2018-06-05 11:48:59.088218,2-39-79-383,0002,2018-06-05T11:48:59.000+05:30,2018-06-05T15:29:08.000+05:30,2018-06-05T20:09:27.000+05:30,11.59,220.15,500.46666666666664,2018-06-05,11,3,6
2_39_79_380_2018-06-05 13:50:17.398702,2-39-79-380,0002,2018-06-05T13:50:17.000+05:30,2018-06-05T15:22:02.000+05:30,2018-06-05T18:36:59.000+05:30,7.453,91.75,286.7,2018-06-05,13,3,6
2_39_92_442_2018-06-05 13:58:10.156476,2-39-92-442,0002,2018-06-05T13:58:10.000+05:30,2018-06-05T15:20:59.000+05:30,2018-06-05T18:17:00.000+05:30,8.275,82.81666666666666,258.8333333333333,2018-06-05,13,3,6
2_39_78_362_2018-06-05 14:03:19.271481,2-39-78-362,0002,2018-06-05T14:03:19.000+05:30,2018-06-05T19:11:19.000+05:30,2018-06-05T19:10:19.000+05:30,1.2180839307000282,308.0,307.0,2018-06-05,14,3,6
2_39_95_27_2018-06-05 14:03:33.674185,2-39-95-27,0002,2018-06-05T14:03:34.000+05:30,2018-06-05T17:45:56.000+05:30,2018-06-06T00:33:57.000+05:30,10.231,222.36666666666667,630.3833333333333,2018-06-05,14,3,6
2_39_139_28_2018-06-05 14:32:14.189316,2-39-139-28,0002,2018-06-05T14:32:14.000+05:30,2018-06-06T00:25:57.000+05:30,2018-06-06T00:42:29.000+05:30,27.014,593.7166666666667,610.25,2018-06-05,14,3,6
2_39_92_436_2018-06-05 14:44:33.283069,2-39-92-436,0002,2018-06-05T14:44:33.000+05:30,2018-06-05T19:00:06.000+05:30,2018-06-06T00:45:31.000+05:30,11.942,255.55,600.9666666666667,2018-06-05,14,3,6
2_39_89_25_2018-06-05 14:59:08.836350,2-39-89-25,0002,2018-06-05T14:59:09.000+05:30,2018-06-05T19:23:22.000+05:30,2018-06-05T19:23:26.000+05:30,10.227,264.21666666666664,264.28333333333336,2018-06-05,14,3,6
2_39_79_379_2018-06-05 15:07:51.315892,2-39-79-379,0002,2018-06-05T15:07:51.000+05:30,2018-06-05T22:02:16.000+05:30,2018-06-05T22:02:21.000+05:30,16.235,414.4166666666667,414.5,2018-06-05,15,3,6
2_39_91_437_2018-06-05 15:08:55.595000,2-39-91-437,0002,2018-06-05T15:08:56.000+05:30,2018-06-06T00:20:02.000+05:30,2018-06-06T00:28:38.000+05:30,17.954,551.1,559.7,2018-06-05,15,3,6
2_39_78_361_2018-06-05 15:13:03.309920,2-39-78-361,0002,2018-06-05T15:13:03.000+05:30,2018-06-06T00:11:26.000+05:30,2018-06-06T00:11:53.000+05:30,15.522,538.3833333333333,538.8333333333334,2018-06-05,15,3,6
2_39_138_29_2018-06-05 15:13:33.297924,2-39-138-29,0002,2018-06-05T15:13:33.000+05:30,2018-06-05T17:04:44.000+05:30,2018-06-06T02:55:12.000+05:30,4.374,111.18333333333334,701.65,2018-06-05,15,3,6
2_39_79_381_2018-06-05 15:14:22.928928,2-39-79-381,0002,2018-06-05T15:14:23.000+05:30,2018-06-05T19:27:13.000+05:30,2018-06-05T23:58:01.000+05:30,9.28,252.83333333333334,523.6333333333333,2018-06-05,15,3,6
2_39_88_24_2018-06-05 15:20:49.560536,2-39-88-24,0002,2018-06-05T15:20:50.000+05:30,2018-06-05T20:09:48.000+05:30,2018-06-06T00:03:49.000+05:30,11.347,288.96666666666664,522.9833333333333,2018-06-05,15,3,6
2_39_131_30_2018-06-05 15:21:37.336251,2-39-131-30,0002,2018-06-05T15:21:37.000+05:30,2018-06-06T01:02:40.000+05:30,2018-06-06T01:06:53.000+05:30,11.386,581.05,585.2666666666667,2018-06-05,15,3,6
2_39_78_367_2018-06-05 15:21:56.911944,2-39-78-367,0002,2018-06-05T15:21:57.000+05:30,2018-06-05T23:59:26.000+05:30,2018-06-06T00:10:52.000+05:30,2.521,517.4833333333333,528.9166666666666,2018-06-05,15,3,6
2_39_79_377_2018-06-05 15:23:22.306128,2-39-79-377,0002,2018-06-05T15:23:22.000+05:30,2018-06-05T23:47:50.000+05:30,2018-06-05T23:52:38.000+05:30,17.929,504.46666666666664,509.26666666666665,2018-06-05,15,3,6
2_39_79_382_2018-06-05 15:24:42.227605,2-39-79-382,0002,2018-06-05T15:24:42.000+05:30,2018-06-05T22:19:39.000+05:30,2018-06-06T01:15:21.000+05:30,14.991,414.95,590.65,2018-06-05,15,3,6
2_39_78_366_2018-06-05 15:29:53.872474,2-39-78-366,0002,2018-06-05T15:29:54.000+05:30,2018-06-05T18:46:27.000+05:30,2018-06-05T18:47:35.000+05:30,2.851,196.55,197.68333333333334,2018-06-05,15,3,6
2_39_78_360_2018-06-05 15:33:16.802381,2-39-78-360,0002,2018-06-05T15:33:17.000+05:30,2018-06-05T20:32:28.000+05:30,2018-06-05T23:50:07.000+05:30,9.157,299.18333333333334,496.8333333333333,2018-06-05,15,3,6
2_39_124_22_2018-06-05 15:33:34.022956,2-39-124-22,0002,2018-06-05T15:33:34.000+05:30,2018-06-05T18:41:40.000+05:30,2018-06-06T00:50:23.000+05:30,6.005,188.1,556.8166666666667,2018-06-05,15,3,6
2_39_90_440_2018-06-05 15:34:52.794674,2-39-90-440,0002,2018-06-05T15:34:53.000+05:30,2018-06-05T19:00:19.000+05:30,2018-06-05T20:55:59.000+05:30,6.171,205.43333333333334,321.1,2018-06-05,15,3,6
2_39_78_364_2018-06-05 15:37:48.791165,2-39-78-364,0002,2018-06-05T15:37:49.000+05:30,2018-06-05T18:03:17.000+05:30,2018-06-05T23:31:02.000+05:30,5.21,145.46666666666667,473.21666666666664,2018-06-05,15,3,6
2_39_90_26_2018-06-05 15:42:40.018875,2-39-90-26,0002,2018-06-05T15:42:40.000+05:30,2018-06-05T16:55:32.000+05:30,2018-06-06T02:35:17.000+05:30,2.234,72.86666666666666,652.6166666666667,2018-06-05,15,3,6
2_39_126_20_2018-06-05 15:43:37.301252,2-39-126-20,0002,2018-06-05T15:43:37.000+05:30,2018-06-05T18:28:35.000+05:30,2018-06-05T18:28:37.000+05:30,5.358,164.96666666666667,165.0,2018-06-05,15,3,6
2_39_127_19_2018-06-05 15:49:11.946419,2-39-127-19,0002,2018-06-05T15:49:12.000+05:30,2018-06-05T23:14:55.000+05:30,2018-06-05T23:15:00.000+05:30,9.275,445.71666666666664,445.8,2018-06-05,15,3,6
2_39_88_438_2018-06-05 15:56:22.744692,2-39-88-438,0002,2018-06-05T15:56:23.000+05:30,2018-06-05T18:25:33.000+05:30,2018-06-06T00:43:15.000+05:30,4.234,149.16666666666666,526.8666666666667,2018-06-05,15,3,6
2_39_91_441_2018-06-05 15:58:21.514836,2-39-91-441,0002,2018-06-05T15:58:22.000+05:30,2018-06-05T22:10:25.000+05:30,2018-06-05T22:10:30.000+05:30,9.997,372.05,372.1333333333333,2018-06-05,15,3,6
2_39_126_560_2018-06-05 15:59:27.966197,2-39-126-560,0002,2018-06-05T15:59:28.000+05:30,2018-06-05T20:12:35.000+05:30,2018-06-05T20:12:39.000+05:30,8.096,253.11666666666667,253.18333333333334,2018-06-05,15,3,6
2_39_129_17_2018-06-05 16:01:17.232509,2-39-129-17,0002,2018-06-05T16:01:17.000+05:30,2018-06-05T18:16:50.000+05:30,2018-06-06T00:12:57.000+05:30,4.504,135.55,491.6666666666667,2018-06-05,16,3,6
2_39_129_563_2018-06-05 16:01:47.294829,2-39-129-563,0002,2018-06-05T16:01:47.000+05:30,2018-06-05T18:44:12.000+05:30,2018-06-05T18:44:17.000+05:30,4.646,162.41666666666666,162.5,2018-06-05,16,3,6
2_39_139_567_2018-06-05 16:07:08.191623,2-39-139-567,0002,2018-06-05T16:07:08.000+05:30,2018-06-05T23:40:42.000+05:30,2018-06-05T23:40:50.000+05:30,12.412,453.56666666666666,453.7,2018-06-05,16,3,6
2_39_125_21_2018-06-05 16:07:53.878881,2-39-125-21,0002,2018-06-05T16:07:54.000+05:30,2018-06-05T22:43:40.000+05:30,2018-06-05T22:53:40.000+05:30,12.384,395.76666666666665,405.76666666666665,2018-06-05,16,3,6
2_39_89_439_2018-06-05 16:11:49.402585,2-39-89-439,0002,2018-06-05T16:11:49.000+05:30,2018-06-05T23:10:27.000+05:30,2018-06-06T00:58:15.000+05:30,10.75,418.6333333333333,526.4333333333333,2018-06-05,16,3,6
2_39_95_444_2018-06-05 16:27:37.509143,2-39-95-444,0002,2018-06-05T16:27:37.000+05:30,2018-06-05T21:08:59.000+05:30,2018-06-06T00:29:46.000+05:30,8.015,281.3666666666667,482.15,2018-06-05,16,3,6
2_39_78_363_2018-06-05 16:33:46.863426,2-39-78-363,0002,2018-06-05T16:33:47.000+05:30,2018-06-06T00:22:24.000+05:30,2018-06-06T02:08:41.000+05:30,13.183,468.6166666666667,574.9,2018-06-05,16,3,6
2_39_79_378_2018-06-05 16:43:25.857715,2-39-79-378,0002,2018-06-05T16:43:26.000+05:30,2018-06-05T19:20:51.000+05:30,2018-06-05T23:59:12.000+05:30,4.691,157.41666666666666,435.76666666666665,2018-06-05,16,3,6
2_39_128_562_2018-06-05 16:47:00.524783,2-39-128-562,0002,2018-06-05T16:47:01.000+05:30,2018-06-06T01:14:14.000+05:30,2018-06-06T01:13:16.000+05:30,18.913,507.21666666666664,506.25,2018-06-05,16,3,6
2_39_138_566_2018-06-05 16:48:38.134052,2-39-138-566,0002,2018-06-05T16:48:38.000+05:30,2018-06-05T23:22:10.000+05:30,2018-06-06T01:38:44.000+05:30,10.867,393.53333333333336,530.1,2018-06-05,16,3,6
2_39_123_557_2018-06-05 16:56:33.841768,2-39-123-557,0002,2018-06-05T16:56:34.000+05:30,2018-06-05T18:03:49.000+05:30,2018-06-06T07:26:26.000+05:30,1.805,67.25,869.8666666666667,2018-06-05,16,3,6
2_39_127_561_2018-06-05 16:56:44.642941,2-39-127-561,0002,2018-06-05T16:56:45.000+05:30,2018-06-05T23:49:12.000+05:30,2018-06-06T02:11:20.000+05:30,12.362,412.45,554.5833333333334,2018-06-05,16,3,6
2_39_128_18_2018-06-05 17:01:28.043929,2-39-128-18,0002,2018-06-05T17:01:28.000+05:30,2018-06-05T18:41:54.000+05:30,2018-06-06T01:12:53.000+05:30,2.544,100.43333333333334,491.4166666666667,2018-06-05,17,3,6
2_39_131_565_2018-06-05 17:09:05.954924,2-39-131-565,0002,2018-06-05T17:09:06.000+05:30,2018-06-05T20:52:20.000+05:30,2018-06-06T00:26:39.000+05:30,6.13,223.23333333333332,437.55,2018-06-05,17,3,6
2_39_78_365_2018-06-05 17:33:26.708067,2-39-78-365,0002,2018-06-05T17:33:27.000+05:30,2018-06-06T04:20:24.000+05:30,2018-06-06T04:22:39.000+05:30,12.763,646.95,649.2,2018-06-05,17,3,6
2_39_130_31_2018-06-05 17:39:15.565355,2-39-130-31,0002,2018-06-05T17:39:16.000+05:30,2018-06-05T20:53:39.000+05:30,2018-06-05T20:53:44.000+05:30,5.479,194.38333333333333,194.46666666666667,2018-06-05,17,3,6
2_39_78_366_2018-06-05 18:50:18.457252,2-39-78-366,0002,2018-06-05T18:50:18.000+05:30,2018-06-05T19:56:44.000+05:30,2018-06-06T01:32:18.000+05:30,1.753,66.43333333333334,402.0,2018-06-05,18,3,6
2_39_92_442_2018-06-05 19:14:28.355783,2-39-92-442,0002,2018-06-05T19:14:28.000+05:30,2018-06-05T20:18:34.000+05:30,2018-06-05T23:14:24.000+05:30,2.113,64.1,239.93333333333334,2018-06-05,19,3,6
2_39_79_380_2018-06-05 19:25:50.500822,2-39-79-380,0002,2018-06-05T19:25:50.000+05:30,2018-06-05T20:17:56.000+05:30,2018-06-05T23:07:11.000+05:30,1.622,52.1,221.35,2018-06-05,19,3,6
2_39_78_362_2018-06-05 19:45:28.555733,2-39-78-362,0002,2018-06-05T19:45:29.000+05:30,2018-06-06T02:41:11.000+05:30,2018-06-06T02:40:12.000+05:30,7.523,415.7,414.71666666666664,2018-06-05,19,3,6
2_39_126_20_2018-06-05 19:45:43.062389,2-39-126-20,0002,2018-06-05T19:45:43.000+05:30,2018-06-05T23:50:26.000+05:30,2018-06-06T01:59:10.000+05:30,8.071,244.71666666666667,373.45,2018-06-05,19,3,6
2_39_89_25_2018-06-05 19:54:57.651622,2-39-89-25,0002,2018-06-05T19:54:58.000+05:30,2018-06-05T22:29:30.000+05:30,2018-06-05T23:31:14.000+05:30,4.644,154.53333333333333,216.26666666666668,2018-06-05,19,3,6
2_39_129_563_2018-06-05 20:14:03.644901,2-39-129-563,0002,2018-06-05T20:14:04.000+05:30,2018-06-05T23:37:43.000+05:30,2018-06-05T23:37:52.000+05:30,6.138,203.65,203.8,2018-06-05,20,3,6
2_39_79_383_2018-06-05 20:17:00.479802,2-39-79-383,0002,2018-06-05T20:17:00.000+05:30,2018-06-05T23:11:54.000+05:30,2018-06-05T23:41:32.000+05:30,1.758,174.9,204.53333333333333,2018-06-05,20,3,6
2_39_126_560_2018-06-05 20:17:03.198723,2-39-126-560,0002,2018-06-05T20:17:03.000+05:30,2018-06-05T22:41:12.000+05:30,2018-06-06T01:51:06.000+05:30,4.419,144.15,334.05,2018-06-05,20,3,6
2_39_130_31_2018-06-05 21:56:07.744992,2-39-130-31,0002,2018-06-05T21:56:08.000+05:30,2018-06-06T03:38:54.000+05:30,2018-06-06T03:47:46.000+05:30,13.946,342.76666666666665,351.6333333333333,2018-06-05,21,3,6
2_39_79_379_2018-06-05 22:08:15.467720,2-39-79-379,0002,2018-06-05T22:08:15.000+05:30,2018-06-05T23:42:34.000+05:30,2018-06-05T23:42:40.000+05:30,4.21,94.31666666666666,94.41666666666667,2018-06-05,22,3,6
2_39_79_376_2018-06-05 22:42:14.587027,2-39-79-376,0002,2018-06-05T22:42:15.000+05:30,2018-06-06T01:11:18.000+05:30,2018-06-06T01:11:22.000+05:30,14.579,149.05,149.11666666666667,2018-06-05,22,3,6
2_39_125_21_2018-06-05 23:00:09.768238,2-39-125-21,0002,2018-06-05T23:00:10.000+05:30,2018-06-06T00:17:04.000+05:30,2018-06-06T00:23:35.000+05:30,2.462,76.9,83.41666666666667,2018-06-05,23,3,6
2_39_79_379_2018-06-06 00:13:30.391022,2-39-79-379,0002,2018-06-06T00:13:30.000+05:30,2018-06-06T05:04:51.000+05:30,2018-06-06T13:17:22.000+05:30,16.683,291.35,783.8666666666667,2018-06-06,0,4,6
2_39_129_17_2018-06-06 00:30:17.753610,2-39-129-17,0002,2018-06-06T00:30:18.000+05:30,2018-06-06T02:31:12.000+05:30,2018-06-06T03:59:13.000+05:30,6.105,120.9,208.91666666666666,2018-06-06,0,4,6
2_39_123_23_2018-06-06 01:04:14.188405,2-39-123-23,0002,2018-06-06T01:04:14.000+05:30,2018-06-06T01:21:02.000+05:30,2018-06-06T01:21:07.000+05:30,1.803,16.8,16.883333333333333,2018-06-06,1,4,6
2_39_128_562_2018-06-06 01:13:19.418733,2-39-128-562,0002,2018-06-06T01:13:19.000+05:30,2018-06-06T01:32:18.000+05:30,2018-06-06T01:43:20.000+05:30,1.742,18.983333333333334,30.016666666666666,2018-06-06,1,4,6
2_39_125_21_2018-06-06 01:17:53.593778,2-39-125-21,0002,2018-06-06T01:17:54.000+05:30,2018-06-06T03:46:15.000+05:30,2018-06-06T03:49:49.000+05:30,13.886,148.35,151.91666666666666,2018-06-06,1,4,6
2_39_139_28_2018-06-06 01:31:42.430802,2-39-139-28,0002,2018-06-06T01:31:42.000+05:30,2018-06-06T04:51:02.000+05:30,2018-06-06T04:51:06.000+05:30,11.6,199.33333333333334,199.4,2018-06-06,1,4,6
2_39_79_380_2018-06-06 01:51:18.360172,2-39-79-380,0002,2018-06-06T01:51:18.000+05:30,2018-06-06T05:14:49.000+05:30,2018-06-06T05:14:51.000+05:30,22.756,203.51666666666668,203.55,2018-06-06,1,4,6
2_39_131_30_2018-06-06 01:57:03.838207,2-39-131-30,0002,2018-06-06T01:57:04.000+05:30,2018-06-06T05:34:23.000+05:30,2018-06-06T15:17:06.000+05:30,11.961,217.31666666666666,800.0333333333333,2018-06-06,1,4,6
2_39_92_436_2018-06-06 02:03:55.706752,2-39-92-436,0002,2018-06-06T02:03:56.000+05:30,2018-06-06T02:35:58.000+05:30,2018-06-06T02:36:11.000+05:30,3.537,32.03333333333333,32.25,2018-06-06,2,4,6
2_39_123_23_2018-06-06 02:22:15.858038,2-39-123-23,0002,2018-06-06T02:22:16.000+05:30,2018-06-06T04:30:59.000+05:30,2018-06-06T13:42:34.000+05:30,13.238,128.71666666666667,680.3,2018-06-06,2,4,6
2_39_138_566_2018-06-06 02:41:15.134933,2-39-138-566,0002,2018-06-06T02:41:15.000+05:30,2018-06-06T06:36:11.000+05:30,2018-06-06T06:36:15.000+05:30,13.641,234.93333333333334,235.0,2018-06-06,2,4,6
2_39_92_436_2018-06-06 02:43:43.815617,2-39-92-436,0002,2018-06-06T02:43:44.000+05:30,2018-06-06T04:14:06.000+05:30,2018-06-06T04:14:10.000+05:30,5.289,90.36666666666666,90.43333333333334,2018-06-06,2,4,6
2_39_138_29_2018-06-06 03:14:50.398477,2-39-138-29,0002,2018-06-06T03:14:50.000+05:30,2018-06-06T04:39:29.000+05:30,2018-06-06T04:39:34.000+05:30,9.055,84.65,84.73333333333333,2018-06-06,3,4,6
2_39_126_20_2018-06-06 03:17:31.985328,2-39-126-20,0002,2018-06-06T03:17:32.000+05:30,2018-06-06T04:32:04.000+05:30,2018-06-06T04:32:16.000+05:30,8.303,74.53333333333333,74.73333333333333,2018-06-06,3,4,6
2_39_79_378_2018-06-06 03:19:23.699338,2-39-79-378,0002,2018-06-06T03:19:24.000+05:30,2018-06-06T05:22:32.000+05:30,2018-06-06T17:01:05.000+05:30,6.619,123.13333333333334,821.6833333333333,2018-06-06,3,4,6
2_39_129_17_2018-06-06 04:04:08.963369,2-39-129-17,0002,2018-06-06T04:04:09.000+05:30,2018-06-06T05:42:00.000+05:30,2018-06-06T05:42:08.000+05:30,10.651,97.85,97.98333333333333,2018-06-06,4,4,6
2_39_138_566_2018-06-06 11:00:36.515504,2-39-138-566,0002,2018-06-06T11:00:37.000+05:30,2018-06-06T14:13:53.000+05:30,2018-06-06T14:13:58.000+05:30,10.853,193.26666666666668,193.35,2018-06-06,11,4,6
2_39_79_383_2018-06-06 11:48:39.184670,2-39-79-383,0002,2018-06-06T11:48:39.000+05:30,2018-06-06T15:36:05.000+05:30,2018-06-06T15:41:53.000+05:30,11.707,227.43333333333334,233.23333333333332,2018-06-06,11,4,6
2_39_127_19_2018-06-06 12:58:01.368280,2-39-127-19,0002,2018-06-06T12:58:01.000+05:30,2018-06-06T14:12:06.000+05:30,2018-06-06T14:12:10.000+05:30,3.886,74.08333333333333,74.15,2018-06-06,12,4,6
2_39_95_27_2018-06-06 13:41:25.953540,2-39-95-27,0002,2018-06-06T13:41:26.000+05:30,2018-06-06T17:01:50.000+05:30,2018-06-07T00:23:11.000+05:30,10.449,200.4,641.75,2018-06-06,13,4,6
2_39_79_380_2018-06-06 13:51:47.580348,2-39-79-380,0002,2018-06-06T13:51:48.000+05:30,2018-06-06T15:03:08.000+05:30,2018-06-06T23:07:14.000+05:30,5.536,71.33333333333333,555.4333333333333,2018-06-06,13,4,6
2_39_91_441_2018-06-06 13:58:34.171978,2-39-91-441,0002,2018-06-06T13:58:34.000+05:30,2018-06-06T18:11:02.000+05:30,2018-06-06T20:12:33.000+05:30,15.522,252.46666666666667,373.98333333333335,2018-06-06,13,4,6
2_39_78_367_2018-06-06 14:24:00.875338,2-39-78-367,0002,2018-06-06T14:24:01.000+05:30,2018-06-06T15:16:45.000+05:30,2018-06-06T21:22:23.000+05:30,2.399,52.733333333333334,418.3666666666667,2018-06-06,14,4,6
2_39_139_28_2018-06-06 14:34:11.858059,2-39-139-28,0002,2018-06-06T14:34:12.000+05:30,2018-06-07T00:17:57.000+05:30,2018-06-07T01:26:47.000+05:30,9.899,583.75,652.5833333333334,2018-06-06,14,4,6
2_39_138_29_2018-06-06 14:57:40.174763,2-39-138-29,0002,2018-06-06T14:57:40.000+05:30,2018-06-06T16:24:45.000+05:30,2018-06-06T21:46:55.000+05:30,5.882,87.08333333333333,409.25,2018-06-06,14,4,6
2_39_129_17_2018-06-06 15:03:57.231497,2-39-129-17,0002,2018-06-06T15:03:57.000+05:30,2018-06-06T16:41:25.000+05:30,2018-06-06T19:29:45.000+05:30,4.779,97.46666666666667,265.8,2018-06-06,15,4,6
2_39_92_436_2018-06-06 15:08:15.892469,2-39-92-436,0002,2018-06-06T15:08:16.000+05:30,2018-06-06T16:40:40.000+05:30,2018-06-06T19:15:56.000+05:30,6.658,92.4,247.66666666666666,2018-06-06,15,4,6
2_39_79_377_2018-06-06 15:08:22.306374,2-39-79-377,0002,2018-06-06T15:08:22.000+05:30,2018-06-06T23:20:37.000+05:30,2018-06-06T23:22:24.000+05:30,19.93,492.25,494.03333333333336,2018-06-06,15,4,6
2_39_79_379_2018-06-06 15:14:59.976944,2-39-79-379,0002,2018-06-06T15:15:00.000+05:30,2018-06-07T00:22:25.000+05:30,2018-06-07T00:31:18.000+05:30,19.946,547.4166666666666,556.3,2018-06-06,15,4,6
2_39_92_442_2018-06-06 15:15:28.016187,2-39-92-442,0002,2018-06-06T15:15:28.000+05:30,2018-06-06T18:03:56.000+05:30,2018-06-06T18:50:22.000+05:30,8.261,168.46666666666667,214.9,2018-06-06,15,4,6
2_39_89_25_2018-06-06 15:21:40.095097,2-39-89-25,0002,2018-06-06T15:21:40.000+05:30,2018-06-06T16:16:36.000+05:30,2018-06-07T16:44:49.000+05:30,1.804,54.93333333333333,1523.15,2018-06-06,15,4,6
2_39_78_366_2018-06-06 15:23:38.618676,2-39-78-366,0002,2018-06-06T15:23:39.000+05:30,2018-06-06T17:34:22.000+05:30,2018-06-07T01:43:01.000+05:30,4.77,130.71666666666667,619.3666666666667,2018-06-06,15,4,6
2_39_79_381_2018-06-06 15:25:58.881643,2-39-79-381,0002,2018-06-06T15:25:59.000+05:30,2018-06-06T17:38:42.000+05:30,2018-06-07T02:18:33.000+05:30,5.374,132.71666666666667,652.5666666666667,2018-06-06,15,4,6
2_39_131_30_2018-06-06 15:26:37.125016,2-39-131-30,0002,2018-06-06T15:26:37.000+05:30,2018-06-06T19:32:19.000+05:30,2018-06-07T01:28:10.000+05:30,9.18,245.7,601.55,2018-06-06,15,4,6
2_39_90_26_2018-06-06 15:28:54.933191,2-39-90-26,0002,2018-06-06T15:28:55.000+05:30,2018-06-06T18:07:00.000+05:30,2018-06-07T01:03:21.000+05:30,5.981,158.08333333333334,574.4333333333333,2018-06-06,15,4,6
2_39_79_376_2018-06-06 15:29:07.555616,2-39-79-376,0002,2018-06-06T15:29:08.000+05:30,2018-06-06T16:35:08.000+05:30,2018-06-07T00:02:08.000+05:30,2.606,66.0,513.0,2018-06-06,15,4,6
2_39_79_382_2018-06-06 15:30:08.766231,2-39-79-382,0002,2018-06-06T15:30:09.000+05:30,2018-06-06T23:23:56.000+05:30,2018-06-07T01:35:30.000+05:30,16.623,473.78333333333336,605.35,2018-06-06,15,4,6
2_39_78_364_2018-06-06 15:31:34.520959,2-39-78-364,0002,2018-06-06T15:31:35.000+05:30,2018-06-06T23:21:21.000+05:30,2018-06-06T23:21:27.000+05:30,15.33,469.76666666666665,469.8666666666667,2018-06-06,15,4,6
2_39_127_19_2018-06-06 15:34:47.862149,2-39-127-19,0002,2018-06-06T15:34:48.000+05:30,2018-06-06T17:13:54.000+05:30,2018-06-07T00:30:49.000+05:30,4.127,99.1,536.0166666666667,2018-06-06,15,4,6
2_39_88_24_2018-06-06 15:48:48.078219,2-39-88-24,0002,2018-06-06T15:48:48.000+05:30,2018-06-07T01:27:33.000+05:30,2018-06-07T01:26:35.000+05:30,19.624,578.75,577.7833333333333,2018-06-06,15,4,6
2_39_79_383_2018-06-06 15:50:05.266078,2-39-79-383,0002,2018-06-06T15:50:05.000+05:30,2018-06-07T00:27:57.000+05:30,2018-06-07T00:31:23.000+05:30,10.348,517.8666666666667,521.3,2018-06-06,15,4,6
2_39_91_437_2018-06-06 15:57:12.188673,2-39-91-437,0002,2018-06-06T15:57:12.000+05:30,2018-06-07T00:09:11.000+05:30,2018-06-07T01:41:38.000+05:30,18.066,491.98333333333335,584.4333333333333,2018-06-06,15,4,6
2_39_129_563_2018-06-06 15:59:33.671210,2-39-129-563,0002,2018-06-06T15:59:34.000+05:30,2018-06-06T20:43:37.000+05:30,2018-06-07T01:38:59.000+05:30,10.296,284.05,579.4166666666666,2018-06-06,15,4,6
2_39_95_444_2018-06-06 16:01:01.740247,2-39-95-444,0002,2018-06-06T16:01:02.000+05:30,2018-06-07T00:24:23.000+05:30,2018-06-07T00:31:17.000+05:30,18.219,503.35,510.25,2018-06-06,16,4,6
2_39_78_361_2018-06-06 16:01:24.950478,2-39-78-361,0002,2018-06-06T16:01:25.000+05:30,2018-06-07T00:25:49.000+05:30,2018-06-07T00:26:44.000+05:30,2.013,504.4,505.31666666666666,2018-06-06,16,4,6
2_39_123_23_2018-06-06 16:02:39.423722,2-39-123-23,0002,2018-06-06T16:02:39.000+05:30,2018-06-06T18:08:06.000+05:30,2018-06-07T01:35:31.000+05:30,4.119,125.45,572.8666666666667,2018-06-06,16,4,6
2_39_78_363_2018-06-06 16:04:14.270456,2-39-78-363,0002,2018-06-06T16:04:14.000+05:30,2018-06-06T20:14:04.000+05:30,2018-06-07T01:00:46.000+05:30,7.938,249.83333333333334,536.5333333333333,2018-06-06,16,4,6
2_39_128_18_2018-06-06 16:13:24.163313,2-39-128-18,0002,2018-06-06T16:13:24.000+05:30,2018-06-06T17:03:02.000+05:30,2018-06-07T01:22:17.000+05:30,1.542,49.63333333333333,548.8833333333333,2018-06-06,16,4,6
2_39_90_440_2018-06-06 16:13:42.185860,2-39-90-440,0002,2018-06-06T16:13:42.000+05:30,2018-06-06T20:08:06.000+05:30,2018-06-07T02:40:25.000+05:30,7.243,234.4,626.7166666666667,2018-06-06,16,4,6
2_39_78_365_2018-06-06 16:24:04.454680,2-39-78-365,0002,2018-06-06T16:24:04.000+05:30,2018-06-06T22:31:39.000+05:30,2018-06-07T01:33:11.000+05:30,10.227,367.5833333333333,549.1166666666667,2018-06-06,16,4,6
2_39_125_21_2018-06-06 16:25:57.997412,2-39-125-21,0002,2018-06-06T16:25:58.000+05:30,2018-06-07T01:00:49.000+05:30,2018-06-07T01:03:19.000+05:30,9.696,514.85,517.35,2018-06-06,16,4,6
2_39_89_439_2018-06-06 16:34:20.068298,2-39-89-439,0002,2018-06-06T16:34:20.000+05:30,2018-06-06T20:21:29.000+05:30,2018-06-06T23:27:22.000+05:30,7.396,227.15,413.03333333333336,2018-06-06,16,4,6
2_39_78_360_2018-06-06 16:48:13.115233,2-39-78-360,0002,2018-06-06T16:48:13.000+05:30,2018-06-06T18:01:23.000+05:30,2018-06-07T01:39:34.000+05:30,1.967,73.16666666666667,531.35,2018-06-06,16,4,6
2_39_78_362_2018-06-06 17:00:32.383563,2-39-78-362,0002,2018-06-06T17:00:32.000+05:30,2018-06-07T00:33:18.000+05:30,2018-06-07T00:32:18.000+05:30,15.101,452.76666666666665,451.76666666666665,2018-06-06,17,4,6
2_39_88_438_2018-06-06 17:18:12.808653,2-39-88-438,0002,2018-06-06T17:18:13.000+05:30,2018-06-06T22:55:25.000+05:30,2018-06-07T02:14:01.000+05:30,11.98,337.2,535.8,2018-06-06,17,4,6
2_39_79_378_2018-06-06 17:18:21.508378,2-39-79-378,0002,2018-06-06T17:18:21.000+05:30,2018-06-06T22:15:13.000+05:30,2018-06-06T22:15:18.000+05:30,8.243,296.8666666666667,296.95,2018-06-06,17,4,6
2_39_130_564_2018-06-06 17:39:28.228439,2-39-130-564,0002,2018-06-06T17:39:28.000+05:30,2018-06-06T18:47:15.000+05:30,2018-06-07T09:23:12.000+05:30,1.847,67.78333333333333,943.7333333333333,2018-06-06,17,4,6
2_39_123_557_2018-06-06 17:50:56.615283,2-39-123-557,0002,2018-06-06T17:50:57.000+05:30,2018-06-07T00:31:42.000+05:30,2018-06-07T00:31:47.000+05:30,13.197,400.75,400.8333333333333,2018-06-06,17,4,6
2_39_131_565_2018-06-06 17:51:59.480175,2-39-131-565,0002,2018-06-06T17:51:59.000+05:30,2018-06-06T22:14:58.000+05:30,2018-06-06T22:18:31.000+05:30,7.409,262.98333333333335,266.53333333333336,2018-06-06,17,4,6
2_39_138_566_2018-06-06 17:53:19.919562,2-39-138-566,0002,2018-06-06T17:53:20.000+05:30,2018-06-07T16:37:01.000+05:30,2018-06-07T16:40:15.000+05:30,14.615,1363.6833333333334,1366.9166666666667,2018-06-06,17,4,6
2_39_92_442_2018-06-06 18:54:30.463217,2-39-92-442,0002,2018-06-06T18:54:30.000+05:30,2018-06-06T20:28:42.000+05:30,2018-06-07T02:23:37.000+05:30,2.733,94.2,449.1166666666667,2018-06-06,18,4,6
2_39_126_20_2018-06-06 19:26:42.292765,2-39-126-20,0002,2018-06-06T19:26:42.000+05:30,2018-06-07T00:11:01.000+05:30,2018-06-07T00:49:47.000+05:30,8.675,284.31666666666666,323.0833333333333,2018-06-06,19,4,6
2_39_127_561_2018-06-06 19:43:42.075203,2-39-127-561,0002,2018-06-06T19:43:42.000+05:30,2018-06-07T00:17:19.000+05:30,2018-06-07T00:17:23.000+05:30,9.591,273.6166666666667,273.68333333333334,2018-06-06,19,4,6
2_39_129_17_2018-06-06 19:54:46.701999,2-39-129-17,0002,2018-06-06T19:54:47.000+05:30,2018-06-06T21:00:44.000+05:30,2018-06-06T21:00:47.000+05:30,1.989,65.95,66.0,2018-06-06,19,4,6
2_39_139_567_2018-06-06 19:57:21.156479,2-39-139-567,0002,2018-06-06T19:57:21.000+05:30,2018-06-06T23:47:27.000+05:30,2018-06-07T02:44:36.000+05:30,6.762,230.1,407.25,2018-06-06,19,4,6
2_39_124_22_2018-06-06 20:10:08.472953,2-39-124-22,0002,2018-06-06T20:10:08.000+05:30,2018-06-07T01:21:35.000+05:30,2018-06-07T01:21:39.000+05:30,12.482,311.45,311.51666666666665,2018-06-06,20,4,6
2_39_91_441_2018-06-06 20:31:39.443062,2-39-91-441,0002,2018-06-06T20:31:39.000+05:30,2018-06-06T21:06:51.000+05:30,2018-06-07T01:54:09.000+05:30,1.482,35.2,322.5,2018-06-06,20,4,6
2_39_129_17_2018-06-06 21:04:31.839167,2-39-129-17,0002,2018-06-06T21:04:32.000+05:30,2018-06-06T21:32:46.000+05:30,2018-06-06T21:32:55.000+05:30,0.783,28.233333333333334,28.383333333333333,2018-06-06,21,4,6
2_39_130_31_2018-06-06 21:06:09.497340,2-39-130-31,0002,2018-06-06T21:06:09.000+05:30,2018-06-06T22:30:45.000+05:30,2018-06-06T22:30:49.000+05:30,2.512,84.6,84.66666666666667,2018-06-06,21,4,6
2_39_78_367_2018-06-06 21:31:39.242130,2-39-78-367,0002,2018-06-06T21:31:39.000+05:30,2018-06-06T22:27:52.000+05:30,2018-06-06T22:28:03.000+05:30,1.906,56.21666666666667,56.4,2018-06-06,21,4,6
2_39_130_31_2018-06-06 22:50:07.762771,2-39-130-31,0002,2018-06-06T22:50:08.000+05:30,2018-06-06T23:30:19.000+05:30,2018-06-06T23:30:28.000+05:30,1.92,40.18333333333333,40.333333333333336,2018-06-06,22,4,6
2_39_79_378_2018-06-06 22:53:07.286025,2-39-79-378,0002,2018-06-06T22:53:07.000+05:30,2018-06-06T23:53:13.000+05:30,2018-06-06T23:53:29.000+05:30,2.6124022222222223,60.1,60.36666666666667,2018-06-06,22,4,6
2_39_78_367_2018-06-06 23:00:26.298559,2-39-78-367,0002,2018-06-06T23:00:26.000+05:30,2018-06-07T03:34:14.000+05:30,2018-06-07T03:45:04.000+05:30,14.683,273.8,284.6333333333333,2018-06-06,23,4,6
2_39_79_380_2018-06-06 23:19:15.881786,2-39-79-380,0002,2018-06-06T23:19:16.000+05:30,2018-06-07T01:12:52.000+05:30,2018-06-07T01:12:57.000+05:30,6.013,113.6,113.68333333333334,2018-06-06,23,4,6
2_39_129_17_2018-06-06 23:42:21.492428,2-39-129-17,0002,2018-06-06T23:42:21.000+05:30,2018-06-07T01:13:23.000+05:30,2018-06-07T01:12:25.000+05:30,9.239,91.03333333333333,90.06666666666666,2018-06-06,23,4,6
2_39_130_31_2018-06-07 00:08:33.026056,2-39-130-31,0002,2018-06-07T00:08:33.000+05:30,2018-06-07T02:50:26.000+05:30,2018-06-07T03:18:26.000+05:30,13.921,161.88333333333333,189.88333333333333,2018-06-07,0,5,6
2_39_79_376_2018-06-07 00:14:41.073654,2-39-79-376,0002,2018-06-07T00:14:41.000+05:30,2018-06-07T05:09:18.000+05:30,2018-06-07T05:14:43.000+05:30,16.16,294.6166666666667,300.03333333333336,2018-06-07,0,5,6
2_39_79_377_2018-06-07 00:18:13.515855,2-39-79-377,0002,2018-06-07T00:18:14.000+05:30,2018-06-07T05:07:31.000+05:30,2018-06-07T13:01:28.000+05:30,15.485,289.28333333333336,763.2333333333333,2018-06-07,0,5,6
2_39_129_17_2018-06-07 01:12:36.156078,2-39-129-17,0002,2018-06-07T01:12:36.000+05:30,2018-06-07T02:09:00.000+05:30,2018-06-07T02:14:33.000+05:30,5.482,56.4,61.95,2018-06-07,1,5,6
2_39_95_27_2018-06-07 01:30:30.170801,2-39-95-27,0002,2018-06-07T01:30:30.000+05:30,2018-06-07T05:20:16.000+05:30,2018-06-07T05:20:19.000+05:30,24.447,229.76666666666668,229.81666666666666,2018-06-07,1,5,6
2_39_79_378_2018-06-07 01:42:42.031659,2-39-79-378,0002,2018-06-07T01:42:42.000+05:30,2018-06-07T06:46:12.000+05:30,2018-06-07T06:58:21.000+05:30,16.883,303.5,315.65,2018-06-07,1,5,6
2_39_123_23_2018-06-07 01:46:59.950260,2-39-123-23,0002,2018-06-07T01:47:00.000+05:30,2018-06-07T02:52:36.000+05:30,2018-06-07T02:52:41.000+05:30,6.513,65.6,65.68333333333334,2018-06-07,1,5,6
2_39_125_21_2018-06-07 01:51:31.676729,2-39-125-21,0002,2018-06-07T01:51:32.000+05:30,2018-06-07T12:40:10.000+05:30,2018-06-07T15:36:19.000+05:30,14.078,648.6333333333333,824.7833333333333,2018-06-07,1,5,6
2_39_139_28_2018-06-07 01:51:59.793537,2-39-139-28,0002,2018-06-07T01:52:00.000+05:30,2018-06-07T03:47:15.000+05:30,2018-06-07T03:47:20.000+05:30,10.7,115.25,115.33333333333333,2018-06-07,1,5,6
2_39_78_365_2018-06-07 02:08:32.012799,2-39-78-365,0002,2018-06-07T02:08:32.000+05:30,2018-06-07T05:31:05.000+05:30,2018-06-07T05:42:59.000+05:30,19.034,202.55,214.45,2018-06-07,2,5,6
2_39_131_30_2018-06-07 02:09:40.702703,2-39-131-30,0002,2018-06-07T02:09:41.000+05:30,2018-06-07T04:30:21.000+05:30,2018-06-07T04:30:26.000+05:30,7.927,140.66666666666666,140.75,2018-06-07,2,5,6
2_39_129_17_2018-06-07 02:29:22.589096,2-39-129-17,0002,2018-06-07T02:29:23.000+05:30,2018-06-07T03:48:11.000+05:30,2018-06-07T04:20:38.000+05:30,2.576,78.8,111.25,2018-06-07,2,5,6
2_39_91_437_2018-06-07 02:30:00.813451,2-39-91-437,0002,2018-06-07T02:30:01.000+05:30,2018-06-07T04:33:06.000+05:30,2018-06-07T13:43:25.000+05:30,12.411,123.08333333333333,673.4,2018-06-07,2,5,6
2_39_127_19_2018-06-07 02:31:27.662131,2-39-127-19,0002,2018-06-07T02:31:28.000+05:30,2018-06-07T04:32:38.000+05:30,2018-06-07T04:53:04.000+05:30,12.273,121.16666666666667,141.6,2018-06-07,2,5,6
2_39_79_379_2018-06-07 03:26:39.219400,2-39-79-379,0002,2018-06-07T03:26:39.000+05:30,2018-06-07T05:33:52.000+05:30,2018-06-07T16:39:43.000+05:30,6.57,127.21666666666667,793.0666666666667,2018-06-07,3,5,6
2_39_123_23_2018-06-07 03:35:57.696708,2-39-123-23,0002,2018-06-07T03:35:58.000+05:30,2018-06-07T05:07:38.000+05:30,2018-06-07T05:07:43.000+05:30,9.46,91.66666666666667,91.75,2018-06-07,3,5,6
2_39_78_360_2018-06-07 04:37:39.851277,2-39-78-360,0002,2018-06-07T04:37:40.000+05:30,2018-06-07T04:43:51.000+05:30,2018-06-07T04:43:59.000+05:30,0.615,6.183333333333334,6.316666666666666,2018-06-07,4,5,6
2_39_139_28_2018-06-07 04:38:05.861440,2-39-139-28,0002,2018-06-07T04:38:06.000+05:30,2018-06-07T05:26:26.000+05:30,2018-06-07T05:26:34.000+05:30,4.786,48.333333333333336,48.46666666666667,2018-06-07,4,5,6
2_39_79_381_2018-06-07 06:12:06.101710,2-39-79-381,0002,2018-06-07T06:12:06.000+05:30,2018-06-07T07:39:27.000+05:30,2018-06-07T07:39:31.000+05:30,9.015,87.35,87.41666666666667,2018-06-07,6,5,6
2_39_79_381_2018-06-07 11:34:38.576180,2-39-79-381,0002,2018-06-07T11:34:39.000+05:30,2018-06-07T14:44:34.000+05:30,2018-06-07T17:09:12.000+05:30,15.344,189.91666666666666,334.55,2018-06-07,11,5,6
2_39_79_383_2018-06-07 11:46:56.573733,2-39-79-383,0002,2018-06-07T11:46:57.000+05:30,2018-06-07T15:46:28.000+05:30,2018-06-07T20:23:38.000+05:30,11.606,239.51666666666668,516.6833333333333,2018-06-07,11,5,6
2_39_79_380_2018-06-07 13:57:54.148648,2-39-79-380,0002,2018-06-07T13:57:54.000+05:30,2018-06-07T14:54:34.000+05:30,2018-06-07T23:08:25.000+05:30,4.438,56.666666666666664,550.5166666666667,2018-06-07,13,5,6
2_39_91_441_2018-06-07 13:59:45.842056,2-39-91-441,0002,2018-06-07T13:59:46.000+05:30,2018-06-07T18:40:48.000+05:30,2018-06-07T23:38:31.000+05:30,15.763,281.03333333333336,578.75,2018-06-07,13,5,6
2_39_139_28_2018-06-07 14:33:55.730617,2-39-139-28,0002,2018-06-07T14:33:56.000+05:30,2018-06-07T16:19:44.000+05:30,2018-06-08T00:59:35.000+05:30,7.271,105.8,625.65,2018-06-07,14,5,6
2_39_131_30_2018-06-07 14:40:58.976759,2-39-131-30,0002,2018-06-07T14:40:59.000+05:30,2018-06-07T15:36:57.000+05:30,2018-06-07T18:42:01.000+05:30,2.691,55.96666666666667,241.03333333333333,2018-06-07,14,5,6
2_39_92_442_2018-06-07 14:41:03.040120,2-39-92-442,0002,2018-06-07T14:41:03.000+05:30,2018-06-07T17:25:57.000+05:30,2018-06-07T22:28:33.000+05:30,9.525,164.9,467.5,2018-06-07,14,5,6
2_39_78_367_2018-06-07 14:45:34.820229,2-39-78-367,0002,2018-06-07T14:45:35.000+05:30,2018-06-07T18:09:49.000+05:30,2018-06-07T23:44:09.000+05:30,6.637,204.23333333333332,538.5666666666667,2018-06-07,14,5,6
2_39_79_378_2018-06-07 14:46:34.460510,2-39-79-378,0002,2018-06-07T14:46:34.000+05:30,2018-06-07T15:32:37.000+05:30,2018-06-07T22:28:21.000+05:30,1.299,46.05,461.78333333333336,2018-06-07,14,5,6
2_39_128_18_2018-06-07 14:49:43.794205,2-39-128-18,0002,2018-06-07T14:49:44.000+05:30,2018-06-07T18:01:15.000+05:30,2018-06-07T18:01:23.000+05:30,9.318,191.51666666666668,191.65,2018-06-07,14,5,6
2_39_79_382_2018-06-07 14:52:06.265084,2-39-79-382,0002,2018-06-07T14:52:06.000+05:30,2018-06-07T18:04:44.000+05:30,2018-06-07T23:33:35.000+05:30,8.721,192.63333333333333,521.4833333333333,2018-06-07,14,5,6
2_39_129_17_2018-06-07 14:58:46.606159,2-39-129-17,0002,2018-06-07T14:58:47.000+05:30,2018-06-07T16:42:56.000+05:30,2018-06-07T20:47:55.000+05:30,4.748,104.15,349.1333333333333,2018-06-07,14,5,6
2_39_78_361_2018-06-07 15:02:31.592304,2-39-78-361,0002,2018-06-07T15:02:32.000+05:30,2018-06-07T23:09:56.000+05:30,2018-06-07T23:17:24.000+05:30,14.631,487.4,494.8666666666667,2018-06-07,15,5,6
2_39_138_29_2018-06-07 15:12:47.224928,2-39-138-29,0002,2018-06-07T15:12:47.000+05:30,2018-06-07T18:06:57.000+05:30,2018-06-07T22:35:35.000+05:30,6.632,174.16666666666666,442.8,2018-06-07,15,5,6
2_39_79_376_2018-06-07 15:12:49.774346,2-39-79-376,0002,2018-06-07T15:12:50.000+05:30,2018-06-07T17:20:07.000+05:30,2018-06-07T20:28:17.000+05:30,6.012,127.28333333333333,315.45,2018-06-07,15,5,6
2_39_79_377_2018-06-07 15:14:51.101009,2-39-79-377,0002,2018-06-07T15:14:51.000+05:30,2018-06-07T23:53:53.000+05:30,2018-06-07T23:53:58.000+05:30,27.117,519.0333333333333,519.1166666666667,2018-06-07,15,5,6
2_39_78_364_2018-06-07 15:15:15.422027,2-39-78-364,0002,2018-06-07T15:15:15.000+05:30,2018-06-07T19:37:40.000+05:30,2018-06-07T23:32:36.000+05:30,6.419,262.4166666666667,497.35,2018-06-07,15,5,6
2_39_78_362_2018-06-07 15:19:39.427815,2-39-78-362,0002,2018-06-07T15:19:39.000+05:30,2018-06-07T23:17:52.000+05:30,2018-06-07T23:16:53.000+05:30,10.157,478.21666666666664,477.23333333333335,2018-06-07,15,5,6
2_39_78_363_2018-06-07 15:20:06.406674,2-39-78-363,0002,2018-06-07T15:20:06.000+05:30,2018-06-07T18:01:09.000+05:30,2018-06-08T01:49:21.000+05:30,4.622,161.05,629.25,2018-06-07,15,5,6
2_39_78_366_2018-06-07 15:20:22.291240,2-39-78-366,0002,2018-06-07T15:20:22.000+05:30,2018-06-08T00:40:42.000+05:30,2018-06-08T01:49:57.000+05:30,1.043,560.3333333333334,629.5833333333334,2018-06-07,15,5,6
2_39_95_444_2018-06-07 15:23:28.274045,2-39-95-444,0002,2018-06-07T15:23:28.000+05:30,2018-06-07T15:40:56.000+05:30,2018-06-07T15:41:01.000+05:30,1.02,17.466666666666665,17.55,2018-06-07,15,5,6
2_39_88_24_2018-06-07 15:26:36.184195,2-39-88-24,0002,2018-06-07T15:26:36.000+05:30,2018-06-07T19:39:44.000+05:30,2018-06-07T19:49:15.000+05:30,9.686,253.13333333333333,262.65,2018-06-07,15,5,6
2_39_92_436_2018-06-07 15:32:21.994117,2-39-92-436,0002,2018-06-07T15:32:22.000+05:30,2018-06-07T19:36:17.000+05:30,2018-06-08T01:14:32.000+05:30,10.441,243.91666666666666,582.1666666666666,2018-06-07,15,5,6
2_39_78_365_2018-06-07 15:34:29.965996,2-39-78-365,0002,2018-06-07T15:34:30.000+05:30,2018-06-08T01:12:30.000+05:30,2018-06-08T01:14:30.000+05:30,5.742,578.0,580.0,2018-06-07,15,5,6
2_39_90_440_2018-06-07 15:35:52.536927,2-39-90-440,0002,2018-06-07T15:35:53.000+05:30,2018-06-08T02:09:40.000+05:30,2018-06-08T02:37:12.000+05:30,17.159,633.7833333333333,661.3166666666667,2018-06-07,15,5,6
2_39_127_19_2018-06-07 15:41:18.941775,2-39-127-19,0002,2018-06-07T15:41:19.000+05:30,2018-06-07T17:28:34.000+05:30,2018-06-08T01:24:41.000+05:30,4.328,107.25,583.3666666666667,2018-06-07,15,5,6
2_39_125_21_2018-06-07 15:41:30.457131,2-39-125-21,0002,2018-06-07T15:41:30.000+05:30,2018-06-08T02:57:20.000+05:30,2018-06-08T03:17:58.000+05:30,14.021,675.8333333333334,696.4666666666667,2018-06-07,15,5,6
2_39_78_360_2018-06-07 15:52:34.266211,2-39-78-360,0002,2018-06-07T15:52:34.000+05:30,2018-06-07T16:10:54.000+05:30,2018-06-07T16:10:58.000+05:30,0.501,18.333333333333332,18.4,2018-06-07,15,5,6
2_39_95_444_2018-06-07 15:55:43.415231,2-39-95-444,0002,2018-06-07T15:55:43.000+05:30,2018-06-07T17:38:38.000+05:30,2018-06-07T23:38:26.000+05:30,3.545,102.91666666666667,462.71666666666664,2018-06-07,15,5,6
2_39_89_439_2018-06-07 15:56:29.873201,2-39-89-439,0002,2018-06-07T15:56:30.000+05:30,2018-06-07T17:31:00.000+05:30,2018-06-08T00:18:45.000+05:30,3.6,94.5,502.25,2018-06-07,15,5,6
2_39_88_438_2018-06-07 15:57:10.512766,2-39-88-438,0002,2018-06-07T15:57:11.000+05:30,2018-06-07T18:19:17.000+05:30,2018-06-08T01:47:25.000+05:30,5.06,142.1,590.2333333333333,2018-06-07,15,5,6
2_39_91_437_2018-06-07 15:59:57.775469,2-39-91-437,0002,2018-06-07T15:59:58.000+05:30,2018-06-07T21:51:04.000+05:30,2018-06-08T02:06:38.000+05:30,12.064,351.1,606.6666666666666,2018-06-07,15,5,6
2_39_95_27_2018-06-07 16:02:03.385998,2-39-95-27,0002,2018-06-07T16:02:03.000+05:30,2018-06-07T16:34:30.000+05:30,2018-06-07T16:34:38.000+05:30,1.093,32.45,32.583333333333336,2018-06-07,16,5,6
2_39_124_22_2018-06-07 16:12:15.304075,2-39-124-22,0002,2018-06-07T16:12:15.000+05:30,2018-06-07T22:27:24.000+05:30,2018-06-07T22:27:29.000+05:30,7.793,375.15,375.23333333333335,2018-06-07,16,5,6
2_39_90_26_2018-06-07 16:13:30.934281,2-39-90-26,0002,2018-06-07T16:13:31.000+05:30,2018-06-07T18:16:27.000+05:30,2018-06-07T23:44:08.000+05:30,3.84,122.93333333333334,450.6166666666667,2018-06-07,16,5,6
2_39_78_360_2018-06-07 16:19:09.114057,2-39-78-360,0002,2018-06-07T16:19:09.000+05:30,2018-06-07T17:55:52.000+05:30,2018-06-07T19:00:24.000+05:30,2.74,96.71666666666667,161.25,2018-06-07,16,5,6
2_39_130_31_2018-06-07 16:28:21.064842,2-39-130-31,0002,2018-06-07T16:28:21.000+05:30,2018-06-07T20:59:44.000+05:30,2018-06-08T02:06:35.000+05:30,9.094,271.3833333333333,578.2333333333333,2018-06-07,16,5,6
2_39_95_27_2018-06-07 16:51:07.038344,2-39-95-27,0002,2018-06-07T16:51:07.000+05:30,2018-06-07T22:01:30.000+05:30,2018-06-08T01:10:44.000+05:30,13.567,310.3833333333333,499.6166666666667,2018-06-07,16,5,6
2_39_123_557_2018-06-07 16:57:52.502302,2-39-123-557,0002,2018-06-07T16:57:52.000+05:30,2018-06-08T02:26:38.000+05:30,2018-06-08T02:30:59.000+05:30,15.067,568.7666666666667,573.1166666666667,2018-06-07,16,5,6
2_39_127_561_2018-06-07 16:59:42.021390,2-39-127-561,0002,2018-06-07T16:59:42.000+05:30,2018-06-07T21:39:13.000+05:30,2018-06-07T23:36:36.000+05:30,8.193,279.51666666666665,396.9,2018-06-07,16,5,6
2_39_123_23_2018-06-07 17:13:24.196722,2-39-123-23,0002,2018-06-07T17:13:24.000+05:30,2018-06-08T02:17:21.000+05:30,2018-06-08T02:20:42.000+05:30,14.621,543.95,547.3,2018-06-07,17,5,6
2_39_79_381_2018-06-07 17:17:09.164049,2-39-79-381,0002,2018-06-07T17:17:09.000+05:30,2018-06-07T22:10:16.000+05:30,2018-06-08T00:54:55.000+05:30,15.143,293.1166666666667,457.76666666666665,2018-06-07,17,5,6
2_39_129_563_2018-06-07 17:36:02.870178,2-39-129-563,0002,2018-06-07T17:36:03.000+05:30,2018-06-08T00:14:55.000+05:30,2018-06-08T03:20:08.000+05:30,14.519,398.8666666666667,584.0833333333334,2018-06-07,17,5,6
2_39_128_18_2018-06-07 18:53:12.054218,2-39-128-18,0002,2018-06-07T18:53:12.000+05:30,2018-06-07T20:08:27.000+05:30,2018-06-08T04:36:38.000+05:30,2.265,75.25,583.4333333333333,2018-06-07,18,5,6
2_39_130_564_2018-06-07 18:55:15.888472,2-39-130-564,0002,2018-06-07T18:55:16.000+05:30,2018-06-07T22:36:40.000+05:30,2018-06-08T02:25:30.000+05:30,6.81,221.4,450.23333333333335,2018-06-07,18,5,6
2_39_138_566_2018-06-07 18:55:56.164128,2-39-138-566,0002,2018-06-07T18:55:56.000+05:30,2018-06-07T19:39:01.000+05:30,2018-06-07T19:39:09.000+05:30,1.12,43.083333333333336,43.21666666666667,2018-06-07,18,5,6
2_39_88_24_2018-06-07 20:18:48.653631,2-39-88-24,0002,2018-06-07T20:18:49.000+05:30,2018-06-07T21:24:29.000+05:30,2018-06-08T00:38:26.000+05:30,3.204,65.66666666666667,259.6166666666667,2018-06-07,20,5,6
2_39_79_383_2018-06-07 20:39:51.367487,2-39-79-383,0002,2018-06-07T20:39:51.000+05:30,2018-06-07T22:11:05.000+05:30,2018-06-07T22:11:13.000+05:30,4.719,91.23333333333333,91.36666666666666,2018-06-07,20,5,6
2_39_79_376_2018-06-07 20:51:43.669246,2-39-79-376,0002,2018-06-07T20:51:44.000+05:30,2018-06-07T21:15:09.000+05:30,2018-06-08T00:45:41.000+05:30,0.559,23.416666666666668,233.95,2018-06-07,20,5,6
2_39_131_30_2018-06-07 21:41:15.935728,2-39-131-30,0002,2018-06-07T21:41:16.000+05:30,2018-06-08T13:47:07.000+05:30,2018-06-08T16:10:27.000+05:30,0.749,965.85,1109.1833333333334,2018-06-07,21,5,6
2_39_78_360_2018-06-07 21:43:55.987539,2-39-78-360,0002,2018-06-07T21:43:56.000+05:30,2018-06-07T22:11:12.000+05:30,2018-06-07T23:59:57.000+05:30,0.924,27.266666666666666,136.01666666666668,2018-06-07,21,5,6
2_39_138_566_2018-06-07 23:05:31.193648,2-39-138-566,0002,2018-06-07T23:05:31.000+05:30,2018-06-08T00:26:58.000+05:30,2018-06-08T01:19:30.000+05:30,8.554,81.45,133.98333333333332,2018-06-07,23,5,6
2_39_83_387_2018-06-07 23:26:06.121327,2-39-83-387,0002,2018-06-07T23:26:06.000+05:30,2018-06-08T00:16:44.000+05:30,2018-06-08T00:16:52.000+05:30,1.553,50.63333333333333,50.766666666666666,2018-06-07,23,5,6
2_39_129_17_2018-06-07 23:28:34.224691,2-39-129-17,0002,2018-06-07T23:28:34.000+05:30,2018-06-08T01:26:35.000+05:30,2018-06-08T01:37:46.000+05:30,8.015,118.01666666666667,129.2,2018-06-07,23,5,6
2_39_138_29_2018-06-08 00:13:30.867612,2-39-138-29,0002,2018-06-08T00:13:31.000+05:30,2018-06-08T02:51:59.000+05:30,2018-06-08T02:54:38.000+05:30,13.934,158.46666666666667,161.11666666666667,2018-06-08,0,6,6
2_39_124_22_2018-06-08 00:21:22.096999,2-39-124-22,0002,2018-06-08T00:21:22.000+05:30,2018-06-08T02:03:25.000+05:30,2018-06-08T02:03:30.000+05:30,7.384,102.05,102.13333333333334,2018-06-08,0,6,6
2_39_79_377_2018-06-08 00:47:21.441449,2-39-79-377,0002,2018-06-08T00:47:21.000+05:30,2018-06-08T05:50:51.000+05:30,2018-06-08T13:06:02.000+05:30,16.159,303.5,738.6833333333333,2018-06-08,0,6,6
2_39_139_28_2018-06-08 01:46:16.460612,2-39-139-28,0002,2018-06-08T01:46:16.000+05:30,2018-06-08T03:18:52.000+05:30,2018-06-08T03:42:35.000+05:30,8.703,92.6,116.31666666666666,2018-06-08,1,6,6
2_39_127_19_2018-06-08 01:52:59.158772,2-39-127-19,0002,2018-06-08T01:52:59.000+05:30,2018-06-08T02:53:32.000+05:30,2018-06-08T03:52:12.000+05:30,1.852,60.55,119.21666666666667,2018-06-08,1,6,6
2_39_129_17_2018-06-08 01:53:27.717713,2-39-129-17,0002,2018-06-08T01:53:28.000+05:30,2018-06-08T05:48:03.000+05:30,2018-06-08T05:48:08.000+05:30,12.84,234.58333333333334,234.66666666666666,2018-06-08,1,6,6
2_39_130_31_2018-06-08 02:10:19.889562,2-39-130-31,0002,2018-06-08T02:10:20.000+05:30,2018-06-08T04:29:14.000+05:30,2018-06-08T05:03:40.000+05:30,12.009,138.9,173.33333333333334,2018-06-08,2,6,6
2_39_91_437_2018-06-08 02:16:33.274647,2-39-91-437,0002,2018-06-08T02:16:33.000+05:30,2018-06-08T04:41:06.000+05:30,2018-06-08T04:41:11.000+05:30,8.143,144.55,144.63333333333333,2018-06-08,2,6,6
2_39_79_378_2018-06-08 02:28:36.177965,2-39-79-378,0002,2018-06-08T02:28:36.000+05:30,2018-06-08T02:54:32.000+05:30,2018-06-08T02:54:37.000+05:30,2.719,25.933333333333334,26.016666666666666,2018-06-08,2,6,6
2_39_138_29_2018-06-08 03:05:04.252746,2-39-138-29,0002,2018-06-08T03:05:04.000+05:30,2018-06-08T14:37:03.000+05:30,2018-06-08T15:45:26.000+05:30,13.999,691.9833333333333,760.3666666666667,2018-06-08,3,6,6
2_39_126_20_2018-06-08 03:05:57.936579,2-39-126-20,0002,2018-06-08T03:05:58.000+05:30,2018-06-08T04:22:28.000+05:30,2018-06-08T04:22:33.000+05:30,8.194,76.5,76.58333333333333,2018-06-08,3,6,6
2_39_123_23_2018-06-08 03:06:24.906823,2-39-123-23,0002,2018-06-08T03:06:25.000+05:30,2018-06-08T05:15:43.000+05:30,2018-06-08T05:25:08.000+05:30,13.088,129.3,138.71666666666667,2018-06-08,3,6,6
2_39_124_22_2018-06-08 03:08:23.452844,2-39-124-22,0002,2018-06-08T03:08:23.000+05:30,2018-06-08T04:33:34.000+05:30,2018-06-08T04:33:38.000+05:30,9.157,85.18333333333334,85.25,2018-06-08,3,6,6
2_39_127_19_2018-06-08 04:11:18.440385,2-39-127-19,0002,2018-06-08T04:11:18.000+05:30,2018-06-08T16:38:36.000+05:30,2018-06-08T16:37:38.000+05:30,14.336,747.3,746.3333333333334,2018-06-08,4,6,6
2_39_79_379_2018-06-08 04:15:26.403342,2-39-79-379,0002,2018-06-08T04:15:26.000+05:30,2018-06-08T06:26:00.000+05:30,2018-06-08T16:21:07.000+05:30,6.564,130.56666666666666,725.6833333333333,2018-06-08,4,6,6
2_39_139_28_2018-06-08 04:20:13.900623,2-39-139-28,0002,2018-06-08T04:20:14.000+05:30,2018-06-08T06:35:07.000+05:30,2018-06-08T06:36:15.000+05:30,13.156,134.88333333333333,136.01666666666668,2018-06-08,4,6,6
2_39_78_365_2018-06-08 05:18:42.548528,2-39-78-365,0002,2018-06-08T05:18:43.000+05:30,2018-06-08T13:29:23.000+05:30,2018-06-08T13:38:26.000+05:30,13.396,490.6666666666667,499.71666666666664,2018-06-08,5,6,6
2_39_130_31_2018-06-08 05:43:39.688789,2-39-130-31,0002,2018-06-08T05:43:40.000+05:30,2018-06-08T14:57:31.000+05:30,2018-06-08T15:00:09.000+05:30,14.075,553.85,556.4833333333333,2018-06-08,5,6,6
2_39_95_27_2018-06-08 06:09:54.109690,2-39-95-27,0002,2018-06-08T06:09:54.000+05:30,2018-06-08T06:55:09.000+05:30,2018-06-08T06:55:13.000+05:30,4.564,45.25,45.31666666666667,2018-06-08,6,6,6
2_39_79_381_2018-06-08 06:17:39.702552,2-39-79-381,0002,2018-06-08T06:17:40.000+05:30,2018-06-08T06:39:47.000+05:30,2018-06-08T06:39:52.000+05:30,2.305,22.116666666666667,22.2,2018-06-08,6,6,6
2_39_79_383_2018-06-08 11:51:44.238555,2-39-79-383,0002,2018-06-08T11:51:44.000+05:30,2018-06-08T15:45:26.000+05:30,2018-06-08T17:17:26.000+05:30,11.634,233.7,325.7,2018-06-08,11,6,6
2_39_88_438_2018-06-08 13:13:37.712578,2-39-88-438,0002,2018-06-08T13:13:38.000+05:30,2018-06-08T15:58:32.000+05:30,2018-06-08T20:57:31.000+05:30,14.768,164.9,463.8833333333333,2018-06-08,13,6,6
2_39_123_23_2018-06-08 13:54:00.129646,2-39-123-23,0002,2018-06-08T13:54:00.000+05:30,2018-06-08T15:15:54.000+05:30,2018-06-08T15:15:58.000+05:30,4.013,81.9,81.96666666666667,2018-06-08,13,6,6
2_39_91_441_2018-06-08 13:55:02.466073,2-39-91-441,0002,2018-06-08T13:55:02.000+05:30,2018-06-08T17:45:22.000+05:30,2018-06-08T23:05:18.000+05:30,14.74,230.33333333333334,550.2666666666667,2018-06-08,13,6,6
2_39_90_26_2018-06-08 14:12:30.307544,2-39-90-26,0002,2018-06-08T14:12:30.000+05:30,2018-06-08T15:22:13.000+05:30,2018-06-08T22:52:31.000+05:30,3.28,69.71666666666667,520.0166666666667,2018-06-08,14,6,6
2_39_78_367_2018-06-08 14:12:46.501370,2-39-78-367,0002,2018-06-08T14:12:46.000+05:30,2018-06-08T15:07:49.000+05:30,2018-06-08T23:35:03.000+05:30,2.471,55.05,562.2833333333333,2018-06-08,14,6,6
2_39_139_28_2018-06-08 14:33:59.078570,2-39-139-28,0002,2018-06-08T14:33:59.000+05:30,2018-06-09T00:08:59.000+05:30,2018-06-09T01:02:16.000+05:30,13.54,575.0,628.2833333333333,2018-06-08,14,6,6
2_39_79_377_2018-06-08 14:39:25.271093,2-39-79-377,0002,2018-06-08T14:39:25.000+05:30,2018-06-08T16:59:58.000+05:30,2018-06-08T19:13:18.000+05:30,7.266,140.55,273.8833333333333,2018-06-08,14,6,6
2_39_129_17_2018-06-08 14:46:29.906906,2-39-129-17,0002,2018-06-08T14:46:30.000+05:30,2018-06-08T22:11:16.000+05:30,2018-06-08T22:11:20.000+05:30,5.985,444.76666666666665,444.8333333333333,2018-06-08,14,6,6
2_39_79_378_2018-06-08 14:51:05.687334,2-39-79-378,0002,2018-06-08T14:51:06.000+05:30,2018-06-08T15:51:24.000+05:30,2018-06-09T00:19:36.000+05:30,2.06,60.3,568.5,2018-06-08,14,6,6
2_39_79_380_2018-06-08 14:57:07.504164,2-39-79-380,0002,2018-06-08T14:57:07.000+05:30,2018-06-08T22:39:02.000+05:30,2018-06-08T22:39:06.000+05:30,16.5,461.9166666666667,461.98333333333335,2018-06-08,14,6,6
2_39_79_381_2018-06-08 15:00:59.123898,2-39-79-381,0002,2018-06-08T15:00:59.000+05:30,2018-06-08T19:55:12.000+05:30,2018-06-08T23:26:46.000+05:30,10.28,294.21666666666664,505.78333333333336,2018-06-08,15,6,6
2_39_78_362_2018-06-08 15:01:31.264990,2-39-78-362,0002,2018-06-08T15:01:31.000+05:30,2018-06-08T23:21:15.000+05:30,2018-06-08T23:20:17.000+05:30,15.159,499.73333333333335,498.76666666666665,2018-06-08,15,6,6
2_39_78_366_2018-06-08 15:08:16.757831,2-39-78-366,0002,2018-06-08T15:08:17.000+05:30,2018-06-08T18:11:49.000+05:30,2018-06-09T00:04:41.000+05:30,6.525,183.53333333333333,536.4,2018-06-08,15,6,6
2_39_79_382_2018-06-08 15:12:19.440213,2-39-79-382,0002,2018-06-08T15:12:19.000+05:30,2018-06-09T02:04:30.000+05:30,2018-06-09T02:07:47.000+05:30,17.397,652.1833333333333,655.4666666666667,2018-06-08,15,6,6
2_39_95_27_2018-06-08 15:15:17.947394,2-39-95-27,0002,2018-06-08T15:15:18.000+05:30,2018-06-08T23:14:41.000+05:30,2018-06-08T23:14:46.000+05:30,19.725,479.3833333333333,479.46666666666664,2018-06-08,15,6,6
2_39_78_364_2018-06-08 15:20:23.432259,2-39-78-364,0002,2018-06-08T15:20:23.000+05:30,2018-06-08T18:21:28.000+05:30,2018-06-09T00:01:16.000+05:30,6.145,181.08333333333334,520.8833333333333,2018-06-08,15,6,6
2_39_130_31_2018-06-08 15:23:32.213132,2-39-130-31,0002,2018-06-08T15:23:32.000+05:30,2018-06-08T17:39:29.000+05:30,2018-06-08T19:50:55.000+05:30,5.133,135.95,267.3833333333333,2018-06-08,15,6,6
2_39_79_376_2018-06-08 15:23:35.521182,2-39-79-376,0002,2018-06-08T15:23:36.000+05:30,2018-06-08T20:56:58.000+05:30,2018-06-08T22:50:56.000+05:30,11.618,333.3666666666667,447.3333333333333,2018-06-08,15,6,6
2_39_88_24_2018-06-08 15:24:34.364244,2-39-88-24,0002,2018-06-08T15:24:34.000+05:30,2018-06-08T18:45:24.000+05:30,2018-06-08T18:45:29.000+05:30,8.828,200.83333333333334,200.91666666666666,2018-06-08,15,6,6
2_39_123_23_2018-06-08 15:26:05.605220,2-39-123-23,0002,2018-06-08T15:26:06.000+05:30,2018-06-08T21:00:05.000+05:30,2018-06-09T00:34:38.000+05:30,12.242,333.98333333333335,548.5333333333333,2018-06-08,15,6,6
2_39_128_18_2018-06-08 15:29:16.401998,2-39-128-18,0002,2018-06-08T15:29:16.000+05:30,2018-06-08T16:04:24.000+05:30,2018-06-08T16:04:33.000+05:30,1.87,35.13333333333333,35.28333333333333,2018-06-08,15,6,6
